"dt","buyer_country","buyer_region","seller_country","seller_region","logistics_provider","parcel_qty","sum_apt","sum_bwt"
"2026-01-01","PH","Ilocos Region","PH","Ilocos Region","2GO Express","11928","10414.72","15281.22"
"2026-01-01","MY","Selangor","MY","Sabah","Pos Malaysia","13785","11141.05","101129.85"
"2026-01-01","MY","Sarawak","MY","Sabah","J&T","17612","13489.63","62568.18"
"2026-01-01","ID","South Sulawesi","ID","South Sulawesi","SiCepat","14106","11214.95","24505.87"
"2026-01-01","TH","Nakhon Sawan","TH","Nonthaburi","Kerry Express","25292","16841.12","59686.99"
"2026-01-01","ID","Bali","ID","Banten","Pos Indonesia","16867","11514.58","76197.72"
"2026-01-01","ID","East Java","ID","South Sulawesi","J&T","26621","20375.9","81585.41"
"2026-01-01","ID","North Sumatra","ID","Riau","Ninja Van","28368","20906.53","76350.05"
"2026-01-01","MY","Johor","MY","Penang","Pos Malaysia","24170","18370.42","76733.8"
"2026-01-01","PH","Ilocos Region","PH","SOCCSKSARGEN","DHL","12192","8867.4","63217.77"
"2026-01-01","PH","Bicol Region","PH","Calabarzon","J&T","31139","17208.51","59633.63"
"2026-01-01","PH","West Visayas","PH","Central Visayas","J&T","9143","6570.53","13288.07"
"2026-01-01","MY","Perak","MY","Selangor","J&T","13734","8943.62","22351.44"
"2026-01-01","TH","Khon Kaen","TH","BKK","J&T","20558","12687.74","48321.7"
"2026-01-01","ID","Jakarta","ID","North Sumatra","Pos Indonesia","11668","9228.37","57003.26"
"2026-01-01","MY","Negeri Sembilan","MY","Kuala Lumpur","J&T","17699","12557.02","22589.46"
"2026-01-01","ID","East Java","ID","Banten","DHL","10313","6151.5","30479.99"
"2026-01-01","TH","Nonthaburi","TH","Songkhla","DHL","12813","10342.22","39422.05"
"2026-01-01","ID","Bali","ID","Riau","DHL","21471","15724.5","148349.82"
"2026-01-01","ID","Jakarta","ID","Central Java","Pos Indonesia","20147","15684.44","41096.71"
"2026-01-01","TH","Chiang Mai","TH","Songkhla","Kerry Express","15420","13814.25","101106.94"
"2026-01-01","ID","Jakarta","ID","Riau","Pos Indonesia","30435","22925.65","105629.21"
"2026-01-01","MY","Pahang","MY","Selangor","Pos Malaysia","25030","17071.72","52966.75"
"2026-01-01","ID","South Sulawesi","ID","Central Java","J&T","16994","12052.21","81696.64"
"2026-01-01","TH","Songkhla","TH","Khon Kaen","Kerry Express","15225","14282.1","84780.14"
"2026-01-01","MY","Sabah","MY","Negeri Sembilan","J&T","13973","11283.92","90983.89"
"2026-01-01","TH","Nakhon Sawan","TH","BKK","Ninja Van","19724","12587.04","37044.87"
"2026-01-01","ID","West Java","ID","Banten","DHL","9116","5741.31","13524.73"
"2026-01-01","PH","NCR","PH","Central Luzon","2GO Express","30363","21200.77","35382.77"
"2026-01-01","MY","Johor","MY","Sarawak","J&T","24202","20312.29","76776.89"
"2026-01-01","MY","Sarawak","MY","Kuala Lumpur","FedEx","16082","10677.8","66667.53"
"2026-01-01","ID","East Java","ID","Central Java","Pos Indonesia","17033","13315.43","27622.05"
"2026-01-01","PH","Central Visayas","PH","Central Luzon","Ninja Van","30984","20385.28","83572.88"
"2026-01-01","TH","Chonburi","TH","BKK","Kerry Express","22032","14636.01","31365.71"
"2026-01-01","TH","Khon Kaen","TH","Nonthaburi","Ninja Van","24931","15648.31","56753.26"
"2026-01-01","MY","Selangor","MY","Sarawak","Ninja Van","30198","25882.41","109178.35"
"2026-01-01","PH","Calabarzon","PH","West Visayas","LBC Express","17431","11096.8","45881.34"
"2026-01-01","PH","NCR","PH","SOCCSKSARGEN","2GO Express","32336","23762.97","123643.74"
"2026-01-01","PH",,"PH","Central Visayas","J&T","27353","19222.35","128598.55"
"2026-01-01","MY","Kedah","MY","Negeri Sembilan","J&T","9817","8179.64","24388.36"
"2026-01-01","MY","Pahang","MY","Negeri Sembilan","Ninja Van","21729","17287.23","37132.94"
"2026-01-01","PH","Bicol Region","PH","Central Luzon","LBC Express","23517","16785.71","66675.5"
"2026-01-01","PH","Northern Mindanao","PH","Calabarzon","LBC Express","8039","4889.73","39318.61"
"2026-01-01","MY","Negeri Sembilan","MY","Negeri Sembilan","J&T","17926","13689.29","24193.22"
"2026-01-01","TH","Nonthaburi","TH","Khon Kaen","Ninja Van","9427","8269.21","18772.15"
"2026-01-01","ID","Banten","ID","Banten","J&T","9613","5917.49","9857.72"
"2026-01-01","PH","West Visayas","PH","Bicol Region","J&T","8121","7189.28","15007.1"
"2026-01-01","TH","Nakhon Sawan","TH","Surat Thani","J&T","23957","18429.93","90885.08"
"2026-01-01","TH","Chiang Mai","TH","Khon Kaen","Ninja Van","26090","23551.7","69803.33"
"2026-01-01","MY","Sabah","MY","Sabah","J&T","17876","13555.04","24069.04"
"2026-01-01","TH","Nonthaburi","TH","BKK","Kerry Express","12371","8206.01","15860.4"
"2026-01-01","MY","Selangor","MY","Johor","Ninja Van","15659","11653.28","28386.88"
"2026-01-01","ID","Banten","ID","East Java","Pos Indonesia","17409","12717.21","52590.83"
"2026-01-01","TH","Uknown","TH","Uknown","J&T","27875","19188.93","125198.79"
"2026-01-01","TH","BKK","TH","BKK","Kerry Express","28563","18469.91","36781.23"
"2026-01-01","ID","West Java","ID","West Java","J&T","20341","12498.42","21137.5"
"2026-01-01","MY","Johor","MY","Pahang","DHL","21108","15053.29","37106.26"
"2026-01-01","ID","South Sulawesi","ID","Jakarta","Pos Indonesia","17739","10953.8","107876.14"
"2026-01-01","MY","Sarawak","MY","Penang","Pos Malaysia","8905","6595.49","53203.26"
"2026-01-01","PH","NCR","PH","Central Visayas","J&T","10151","7574.36","25042.48"
"2026-01-01","TH","Nakhon Sawan","TH","Songkhla","DHL","19917","16111.51","89382.29"
"2026-01-01","MY","Negeri Sembilan","MY","Johor","Pos Malaysia","22011","16538.61","56960.95"
"2026-01-01","TH","Khon Kaen","TH","Unknown","J&T","7556","4277.13","38655.3"
"2026-01-01","MY","Kedah","MY","Perak","Pos Malaysia","26155","23539.36","58156.96"
"2026-01-01","PH","Ilocos Region","PH","Northern Mindanao","2GO Express","15510","12842.54","68760.84"
"2026-01-01","ID","Central Java","ID","East Java","Pos Indonesia","23542","17148.74","39400.04"
"2026-01-01","PH","Bicol Region","PH","Central Visayas","LBC Express","14703","11078.31","43572.3"
"2026-01-01","PH","NCR","PH","NCR","2GO Express","33113","22758.99","35430.85"
"2026-01-01","ID","North Sumatra","ID","West Java","Pos Indonesia","24203","15478.55","148063.04"
"2026-01-01","ID","East Java","ID","Jakarta","Ninja Van","22608","14504.68","305967.91"
"2026-01-01","PH","Central Visayas","PH","Calabarzon","2GO Express","27326","15381.02","63967.01"
"2026-01-01","MY","Penang","MY","Selangor","Ninja Van","24682","16189.2","43244.26"
"2026-01-01","TH","Nakhon Sawan","TH","Chiang Mai","Ninja Van","23154","18447.17","59310.73"
"2026-01-01","TH","Korat","TH","Surat Thani","J&T","16943","12649.98","52097.53"
"2026-01-01","MY","Selangor","MY","Penang","J&T","16986","12387.51","30959.72"
"2026-01-01","PH","Calabarzon","PH","NCR","Ninja Van","24259","16476.69","25582.2"
"2026-01-01","MY","Sarawak","MY","Pahang","Ninja Van","16274","13204.44","61630.02"
"2026-01-01","MY","Kedah","MY","Kuala Lumpur","Ninja Van","16127","12313.02","35778.2"
"2026-01-01","ID","Bali","ID","West Java","Ninja Van","7583","5043.85","29276.12"
"2026-01-01","PH","Bicol Region","PH","Northern Mindanao","Ninja Van","12341","9475.68","38376.32"
"2026-01-01","TH","Phuket","TH","Phuket","DHL","21466","12351.7","23223.17"
"2026-01-01","PH","West Visayas","PH","Central Luzon","J&T","26702","17918.32","65068.55"
"2026-01-01","MY","Pahang","MY","Johor","Pos Malaysia","22829","17805.03","54775.71"
"2026-01-01","TH","Nonthaburi","TH","Phuket","J&T","22068","13554.2","62575.17"
"2026-01-01","ID","Central Java","ID","Jakarta","Pos Indonesia","19518","12657.66","41245.14"
"2026-01-01","MY","Kedah","MY","Selangor","J&T","13798","9570.86","30552.33"
"2026-01-01","TH","Songkhla","TH","Songkhla","Ninja Van","15430","13519.77","18227.02"
"2026-01-01","MY","Kuala Lumpur","MY","Pahang","Pos Malaysia","22452","18749.68","41399.57"
"2026-01-01","PH","Calabarzon","PH","Ilocos Region","J&T","28086","22816.41","41898.23"
"2026-01-01","TH","Korat","TH","Chiang Mai","Kerry Express","25964","22324.39","78706.5"
"2026-01-01","ID","Central Java","ID","South Sulawesi","Pos Indonesia","25743","21123.07","93791.26"
"2026-01-01","TH","Chonburi","TH","Songkhla","J&T","23436","19661.67","65673.78"
"2026-01-01","TH","Chiang Mai","TH","Chonburi","Kerry Express","18527","12195.04","70694.11"
"2026-01-01","MY","Perak","MY","Johor","Ninja Van","24347","17705.3","62397.91"
"2026-01-01","PH","Central Luzon","PH","SOCCSKSARGEN","2GO Express","18218","13663.61","70951.83"
"2026-01-01","ID","Uknown","ID","Uknown","J&T","11078","6515.87","51639.19"
"2026-01-01","MY","Penang","MY","Negeri Sembilan","Pos Malaysia","7779","6578.55","18082.95"
"2026-01-01","PH","SOCCSKSARGEN","PH","Central Visayas","LBC Express","14660","11114.83","48321.01"
"2026-01-01","ID","Banten","ID","West Java","Ninja Van","16224","10895.54","24060.93"
"2026-01-01","TH","Songkhla","TH","Korat","J&T","15174","9336.21","56036.3"
"2026-01-01","PH","Central Visayas","PH","Bicol Region","LBC Express","21951","19686.46","51885.76"
"2026-01-01","TH","Chonburi","TH","Korat","Ninja Van","10972","6914.9","126057.48"
"2026-01-01","TH","Nonthaburi","TH","Nakhon Sawan","J&T","24764","19301.82","39553.73"
"2026-01-01","PH","SOCCSKSARGEN","PH","Ilocos Region","J&T","10077","7941.46","52623.2"
"2026-01-01","ID","Riau","ID","Bali","DHL","12064","9251.52","91806.38"
"2026-01-01","PH","West Visayas","PH","Ilocos Region","Ninja Van","25423","21663.59","67622.24"
"2026-01-01","TH","Nonthaburi","TH","Korat","Kerry Express","18383","12205.77","34315.24"
"2026-01-01","MY","Selangor","MY","Perak","FedEx","9902","7739.5","14321.63"
"2026-01-01","MY","Negeri Sembilan","MY","Pahang","Pos Malaysia","9927","8143.63","22932.87"
"2026-01-01","TH","Phuket","TH","BKK","Ninja Van","8723","5237.68","25847.17"
"2026-01-01","MY","Kedah","MY","Kedah","Ninja Van","25948","24042.98","33262.76"
"2026-01-01","PH","SOCCSKSARGEN","PH","NCR","LBC Express","25865","17819.99","156105.13"
"2026-01-01","TH","BKK","TH","Khon Kaen","Ninja Van","9222","7842.82","19414.11"
"2026-01-01","ID","West Java","ID","Riau","J&T","27871","20123.0","108994.16"
"2026-01-01","MY","Penang","MY","Pahang","J&T","25899","20106.76","51341.29"
"2026-01-01","MY","Kedah","MY","Johor","Ninja Van","15860","11930.69","48448.44"
"2026-01-01","TH","Korat","TH","Songkhla","J&T","20701","17129.33","72224.39"
"2026-01-01","ID","Banten","ID","Bali","Ninja Van","17278","13888.26","69739.53"
"2026-01-01","PH","Central Visayas","PH","Northern Mindanao","2GO Express","28342","22385.73","45189.13"
"2026-01-01","ID","Riau","ID","South Sulawesi","Pos Indonesia","8896","7483.87","74032.6"
"2026-01-01","ID","Riau","ID","Jakarta","Ninja Van","7960","5164.48","36846.74"
"2026-01-01","TH","Surat Thani","TH","Nonthaburi","J&T","14599","9161.62","42804.59"
"2026-01-01","ID","Bali","ID","Central Java","Pos Indonesia","21301","16654.11","62534.83"
"2026-01-01","TH","Songkhla","TH","Surat Thani","J&T","9296","7004.95","17798.62"
"2026-01-01","MY","Pahang","MY","Penang","Pos Malaysia","20041","15429.04","56608.55"
"2026-01-01","PH","Central Visayas","PH","SOCCSKSARGEN","Ninja Van","12170","8504.28","25470.62"
"2026-01-01","MY","Negeri Sembilan","MY","Sabah","Ninja Van","21829","16432.62","142797.32"
"2026-01-01","ID","North Sumatra","ID","East Java","DHL","19331","13453.27","156291.77"
"2026-01-01","TH",,"TH","","J&T","15556","11293.38","67803.36"
"2026-01-01","PH","Central Luzon","PH","Ilocos Region","Ninja Van","23408","20792.17","30826.55"
"2026-01-01","MY","Selangor","MY","Kuala Lumpur","Pos Malaysia","20244","15166.42","26072.99"
"2026-01-01","MY","Kuala Lumpur","MY","Negeri Sembilan","Ninja Van","14133","10831.79","15621.15"
"2026-01-01","TH","Surat Thani","TH","BKK","J&T","7884","4989.29","22539.87"
"2026-01-01","TH","Korat","TH","Phuket","J&T","15817","9605.64","55359.08"
"2026-01-01","TH","Phuket","TH","Nakhon Sawan","Kerry Express","17346","14448.56","75232.87"
"2026-01-01","PH","","PH","Unknown","LBC Express","21419","17081.36","121970.18"
"2026-01-01","PH","Central Luzon","PH","NCR","2GO Express","9750","6907.9","10571.29"
"2026-01-01","PH","Bicol Region","PH","Bicol Region","Ninja Van","23698","21442.36","31118.08"
"2026-01-01","PH","West Visayas","PH","Calabarzon","J&T","14001","8246.62","30824.9"
"2026-01-01","PH","Northern Mindanao","PH","Northern Mindanao","J&T","24603","19147.34","33533.88"
"2026-01-01","TH","Nakhon Sawan","TH","Chonburi","Ninja Van","11167","7092.19","24724.04"
"2026-01-01","ID","Bali","ID","North Sumatra","Ninja Van","16439","12888.32","132147.26"
"2026-01-01","TH","Songkhla","TH","Chiang Mai","Kerry Express","12253","10230.53","74481.6"
"2026-01-01","TH","Khon Kaen","TH","Chiang Mai","Kerry Express","9723","8360.58","33952.34"
"2026-01-01","MY","Sabah","MY","Sarawak","Pos Malaysia","20257","18822.71","104830.13"
"2026-01-01","PH","Bicol Region","PH","Ilocos Region","LBC Express","26988","22696.68","89258.06"
"2026-01-01","ID","West Java","ID","North Sumatra","SiCepat","18627","13578.18","126623.97"
"2026-01-01","MY","Kuala Lumpur","MY","Sabah","Pos Malaysia","26672","21018.28","193596.77"
"2026-01-01","TH","Surat Thani","TH","Songkhla","Ninja Van","20760","17861.14","42099.89"
"2026-01-01","TH","Surat Thani","TH","Phuket","Ninja Van","7925","5202.4","14278.01"
"2026-01-01","PH","Central Luzon","PH","Bicol Region","J&T","26202","23488.5","48282.93"
"2026-01-01","ID","Bali","ID","East Java","DHL","27990","19680.85","59442.21"
"2026-01-01","PH","NCR","PH","West Visayas","Ninja Van","28729","17110.97","64337.29"
"2026-01-01","MY","Selangor","MY","Selangor","Pos Malaysia","26104","18456.49","36109.67"
"2026-01-01","TH","Chiang Mai","TH","Uknown","J&T","17770","9549.83","95543.25"
"2026-01-01","ID","Bali","ID","South Sulawesi","J&T","20274","16060.04","62731.26"
"2026-01-01","PH","Central Luzon","PH","Central Luzon","Ninja Van","14726","10148.68","15740.01"
"2026-01-01","MY","Kedah","MY","Sarawak","Ninja Van","26976","24539.3","135360.93"
"2026-01-01","ID","North Sumatra","ID","North Sumatra","Pos Indonesia","31388","24240.47","37261.93"
"2026-01-01","MY","Pahang","MY","Pahang","Pos Malaysia","9553","7819.61","13937.97"
"2026-01-01","PH","Northern Mindanao","PH","Bicol Region","LBC Express","11046","10473.6","42725.51"
"2026-01-01","PH","Ilocos Region","PH","Calabarzon","2GO Express","26786","16919.4","50029.1"
"2026-01-01","TH","Surat Thani","TH","Khon Kaen","J&T","26170","22520.96","112631.76"
"2026-01-01","MY","Negeri Sembilan","MY","Kedah","Ninja Van","17012","15393.14","43849.02"
"2026-01-01","ID","South Sulawesi","ID","East Java","Pos Indonesia","28957","21946.34","110168.41"
"2026-01-01","MY","Perak","MY","Pahang","J&T","21076","17009.64","41072.88"
"2026-01-01","TH","Chiang Mai","TH","BKK","Kerry Express","15620","10365.17","60936.35"
"2026-01-01","MY","Sarawak","MY","Selangor","Ninja Van","21211","13575.68","87602.13"
"2026-01-01","PH","Bicol Region","PH","SOCCSKSARGEN","LBC Express","14240","10734.76","69534.74"
"2026-01-01","MY","Perak","MY","Kuala Lumpur","J&T","14481","10427.28","24354.27"
"2026-01-01","ID","Riau","ID","Banten","J&T","12154","7635.21","52603.49"
"2026-01-01","PH","Calabarzon","PH","Central Luzon","2GO Express","28606","20505.6","37001.58"
"2026-01-01","ID","Jakarta","ID","West Java","SiCepat","27857","17810.96","46433.25"
"2026-01-01","MY","Sabah","MY","Johor","J&T","15576","11437.2","95217.37"
"2026-01-01","MY","Johor","MY","Kedah","Ninja Van","19472","17407.93","54687.1"
"2026-01-01","MY","Negeri Sembilan","MY","Selangor","Pos Malaysia","16244","10909.21","28400.78"
"2026-01-01","TH","Nonthaburi","TH","Surat Thani","J&T","11792","9045.05","30796.27"
"2026-01-01","TH","Surat Thani","TH","Chonburi","Ninja Van","10947","7192.2","32478.19"
"2026-01-01","TH","Korat","TH","Chonburi","Kerry Express","24424","16084.42","47928.71"
"2026-01-01","MY","Pahang","MY","Perak","Ninja Van","21851","18654.0","40840.87"
"2026-01-01","ID","Jakarta","ID","South Sulawesi","J&T","23268","18822.63","118319.58"
"2026-01-01","MY","Kuala Lumpur","MY","Johor","Pos Malaysia","21684","16095.13","49360.98"
"2026-01-01","TH","Chiang Mai","TH","Nonthaburi","Kerry Express","18608","12315.84","70311.02"
"2026-01-01","PH","Bicol Region","PH","NCR","LBC Express","14042","9538.13","36895.73"
"2026-01-01","TH","BKK","TH","Korat","Ninja Van","29769","18427.78","47450.55"
"2026-01-01","MY","Penang","MY","Penang","Pos Malaysia","25784","20878.15","34407.59"
"2026-01-01","ID","South Sulawesi","ID","Riau","Pos Indonesia","7859","5769.97","64117.29"
"2026-01-01","ID","Unknown","ID","South Sulawesi","Ninja Van","31029","26558.58","142875.22"
"2026-01-01","PH","Ilocos Region","PH","Central Visayas","LBC Express","10033","8268.69","45484.57"
"2026-01-01","PH","SOCCSKSARGEN","PH","Northern Mindanao","DHL","12293","9415.17","23387.04"
"2026-01-01","PH","Central Luzon","PH","Northern Mindanao","J&T","27208","21842.99","89269.78"
"2026-01-01","MY","Kuala Lumpur","MY","Kedah","Ninja Van","16589","14535.56","31332.69"
"2026-01-01","ID","Riau","ID","Central Java","SiCepat","23896","17894.96","170501.28"
"2026-01-01","TH","Chonburi","TH","Khon Kaen","Ninja Van","25090","21637.89","52380.02"
"2026-01-01","TH","BKK","TH","Chonburi","J&T","28289","16870.53","33481.27"
"2026-01-01","MY","Johor","MY","Perak","J&T","19881","16336.7","44494.38"
"2026-01-01","TH","Khon Kaen","TH","Songkhla","Kerry Express","12928","11612.64","75804.04"
"2026-01-01","PH","NCR","PH","Bicol Region","LBC Express","10543","9780.47","24173.09"
"2026-01-01","PH","Central Visayas","PH","Central Visayas","2GO Express","12911","9295.98","14059.3"
"2026-01-01","TH","Korat","TH","Korat","Kerry Express","12269","8249.44","16338.86"
"2026-01-01","PH","Ilocos Region","PH","NCR","2GO Express","20730","14911.13","36945.93"
"2026-01-01","MY","Negeri Sembilan","MY","Perak","Pos Malaysia","9768","8558.65","24587.75"
"2026-01-01","ID","Central Java","ID","Central Java","J&T","17910","13027.59","19542.79"
"2026-01-01","MY","Sabah","MY","Perak","Pos Malaysia","14165","12678.96","122215.68"
"2026-01-01","MY","Kedah","MY","Penang","Ninja Van","16573","12580.66","21705.16"
"2026-01-01","TH","Phuket","TH","Korat","J&T","10201","5925.36","34841.27"
"2026-01-01","TH","Surat Thani","TH","Nakhon Sawan","J&T","22699","17741.42","80257.77"
"2026-01-01","MY","Sabah","MY","Pahang","DHL","10931","7971.39","69708.78"
"2026-01-01","PH","West Visayas","PH","West Visayas","J&T","28332","16250.21","31406.77"
"2026-01-01","PH","Bicol Region","PH","","Ninja Van","10331","7248.42","53371.86"
"2026-01-01","TH","Khon Kaen","TH","Phuket","Kerry Express","16183","10658.62","91768.57"
"2026-01-01","TH","BKK","TH","Songkhla","Kerry Express","13544","11616.23","49537.59"
"2026-01-01","MY","Sabah","MY","Kuala Lumpur","J&T","28911","20058.86","192698.99"
"2026-01-01","ID","Central Java","ID","Banten","Pos Indonesia","35820","23453.38","84205.79"
"2026-01-01","MY","Sabah","MY","Selangor","Ninja Van","19455","12693.53","138851.9"
"2026-01-01","PH","Northern Mindanao","PH","NCR","Ninja Van","10000","7192.37","40137.49"
"2026-01-01","ID","South Sulawesi","ID","Banten","DHL","18200","10805.2","109060.46"
"2026-01-01","PH","NCR","PH","Unknown","2GO Express","24825","19813.05","108032.32"
"2026-01-01","PH","West Visayas","PH","Northern Mindanao","LBC Express","22830","19185.13","57130.06"
"2026-01-01","ID","North Sumatra","ID","Banten","Ninja Van","30479","20469.26","178853.37"
"2026-01-01","MY","Negeri Sembilan","MY","Sarawak","Ninja Van","7594","6523.5","34079.23"
"2026-01-01","ID","Jakarta","ID","Banten","Pos Indonesia","18751","12444.55","21117.44"
"2026-01-01","PH","Northern Mindanao","PH","West Visayas","LBC Express","15636","9574.06","45464.12"
"2026-01-01","PH","Calabarzon","PH","Northern Mindanao","2GO Express","8637","7039.42","27033.4"
"2026-01-01","MY","Pahang","MY","Sabah","J&T","23847","18382.71","134348.18"
"2026-01-01","TH","Surat Thani","TH","Chiang Mai","FedEx","20829","17359.56","101621.17"
"2026-01-01","ID","West Java","ID","Central Java","Pos Indonesia","22948","17736.0","41782.33"
"2026-01-01","ID","Jakarta","ID","Jakarta","DHL","15873","10021.82","16655.41"
"2026-01-01","PH","Northern Mindanao","PH","Central Luzon","J&T","15697","10538.13","65433.13"
"2026-01-01","MY","Pahang","MY","Sarawak","Ninja Van","23038","19764.32","83108.32"
"2026-01-01","TH","Phuket","TH","Nonthaburi","J&T","19512","11894.73","56382.98"
"2026-01-01","ID","East Java","ID","Riau","J&T","17526","12215.21","94282.63"
"2026-01-01","ID","Banten","ID","Central Java","J&T","8631","6405.62","19307.28"
"2026-01-01","ID","South Sulawesi","ID","North Sumatra","Pos Indonesia","32072","24291.41","301942.34"
"2026-01-01","TH","BKK","TH","Nakhon Sawan","J&T","15453","12193.62","24894.07"
"2026-01-01","ID","South Sulawesi","ID","West Java","J&T","10551","6687.44","58409.5"
"2026-01-01","MY","Penang","MY","Perak","J&T","7568","6343.36","9873.85"
"2026-01-01","TH","Phuket","TH","Khon Kaen","Kerry Express","8648","8004.27","44690.05"
"2026-01-01","MY","Penang","MY","Johor","Pos Malaysia","12109","9738.64","40428.76"
"2026-01-01","PH","SOCCSKSARGEN","PH","Central Luzon","DHL","28852","18726.81","135683.64"
"2026-01-01","PH","Northern Mindanao","PH","Ilocos Region","DHL","7965","6443.25","34837.62"
"2026-01-01","MY","Johor","MY","Selangor","J&T","13395","8494.68","25564.74"
"2026-01-01","TH","Chiang Mai","TH","Korat","J&T","13111","8101.23","36255.19"
"2026-01-01","TH","Phuket","TH","Chonburi","J&T","16754","9662.5","49688.96"
"2026-01-01","MY","Kuala Lumpur","MY","Penang","FedEx","12378","8158.07","22059.23"
"2026-01-01","ID","Central Java","ID","West Java","Ninja Van","24776","15955.44","45225.5"
"2026-01-01","MY","Pahang","MY","Kedah","Ninja Van","24176","22487.79","55793.99"
"2026-01-01","TH","Nonthaburi","TH","Chonburi","J&T","21951","13167.04","24912.99"
"2026-01-01","TH","Chiang Mai","TH","Nakhon Sawan","Kerry Express","24272","20531.76","70116.81"
"2026-01-01","PH","Northern Mindanao","PH","SOCCSKSARGEN","LBC Express","11120","8571.97","28216.54"
"2026-01-01","MY","Johor","MY","Johor","Pos Malaysia","27328","20686.7","37953.66"
"2026-01-01","MY","Perak","MY","Penang","Ninja Van","25221","18775.16","37885.54"
"2026-01-01","MY","Sabah","MY","Penang","J&T","21628","15961.88","164724.09"
"2026-01-01","TH","Korat","TH","Nonthaburi","Ninja Van","14942","9920.02","23661.69"
"2026-01-01","MY","Penang","MY","Sarawak","J&T","21474","18489.33","96075.5"
"2026-01-01","ID","North Sumatra","ID","Bali","Pos Indonesia","10994","8841.1","98426.8"
"2026-01-01","ID","Riau","ID","West Java","Ninja Van","23848","16808.07","111228.23"
"2026-01-01","MY","Sarawak","MY","Kedah","Ninja Van","8572","7473.98","44409.01"
"2026-01-01","TH","Nakhon Sawan","TH","Korat","Kerry Express","9272","6079.21","23954.49"
"2026-01-01","MY","Perak","MY","Sabah","J&T","26436","20671.16","175379.96"
"2026-01-01","MY","Johor","MY","Sabah","Pos Malaysia","23601","18477.99","148193.64"
"2026-01-01","TH","Korat","TH","Khon Kaen","J&T","12940","11178.27","19741.54"
"2026-01-01","PH","West Visayas","PH","SOCCSKSARGEN","LBC Express","27679","21748.3","89107.49"
"2026-01-01","MY","Penang","MY","Kuala Lumpur","DHL","14939","9738.79","27018.48"
"2026-01-01","TH","Khon Kaen","TH","Korat","J&T","26417","16272.75","46679.75"
"2026-01-01","PH","Ilocos Region","PH","Bicol Region","LBC Express","10980","10273.14","37803.19"
"2026-01-01","MY","Johor","MY","","Ninja Van","29595","22142.64","131473.33"
"2026-01-01","PH","Central Luzon","PH","Central Visayas","J&T","26749","20369.47","70276.18"
"2026-01-01","ID","East Java","ID","East Java","Ninja Van","23413","17921.34","25006.84"
"2026-01-01","MY","Kuala Lumpur","MY","Selangor","Pos Malaysia","25853","17414.96","32620.23"
"2026-01-01","TH","Songkhla","TH","Phuket","FedEx","25503","15621.37","46787.38"
"2026-01-01","TH","Chonburi","TH","Nonthaburi","J&T","16565","10274.4","18706.98"
"2026-01-01","ID","Banten","ID","North Sumatra","Ninja Van","26245","20206.63","121061.22"
"2026-01-01","PH","Calabarzon","PH","Calabarzon","DHL","25759","14668.89","28540.05"
"2026-01-01","TH","Surat Thani","TH","Surat Thani","Kerry Express","24106","20670.57","38039.38"
"2026-01-01","TH","Nonthaburi","TH","Nonthaburi","J&T","7387","4706.47","7817.66"
"2026-01-01","PH","SOCCSKSARGEN","PH","West Visayas","2GO Express","10524","6196.45","31397.01"
"2026-01-01","PH","Central Visayas","PH","NCR","DHL","10940","6843.84","29145.67"
"2026-01-01","ID","Riau","ID","North Sumatra","J&T","23700","18461.49","63020.06"
"2026-01-01","ID","Riau","ID","East Java","Pos Indonesia","14445","11050.85","94695.84"
"2026-01-01","MY","Sarawak","MY","Sarawak","Ninja Van","9122","7595.94","10787.88"
"2026-01-01","MY","Kuala Lumpur","MY","Kuala Lumpur","Ninja Van","8127","5566.29","8220.87"
"2026-01-01","TH","Nakhon Sawan","TH","Khon Kaen","J&T","22121","19188.33","50943.54"
"2026-01-01","TH","Chonburi","TH","Phuket","Kerry Express","7450","4850.89","26564.43"
"2026-01-01","PH","SOCCSKSARGEN","PH","SOCCSKSARGEN","LBC Express","12474","9168.59","20859.93"
"2026-01-01","PH","Central Luzon","PH","West Visayas","LBC Express","9282","5676.41","27075.76"
"2026-01-01","TH","BKK","TH","Phuket","Ninja Van","26100","16200.22","74443.14"
"2026-01-01","ID","West Java","ID","Bali","J&T","33256","25820.59","112303.49"
"2026-01-01","MY","Negeri Sembilan","MY","Penang","Pos Malaysia","15175","11357.5","46093.35"
"2026-01-01","PH","Ilocos Region","PH","Central Luzon","DHL","18537","12645.47","29893.08"
"2026-01-01","TH","Nakhon Sawan","TH","Nakhon Sawan","J&T","11324","8922.23","15834.23"
"2026-01-01","TH","BKK","TH","Nonthaburi","Ninja Van","29189","17844.67","29225.25"
"2026-01-01","TH","Khon Kaen","TH","Chonburi","J&T","17547","10717.55","40453.47"
"2026-01-01","TH","Songkhla","TH","Chonburi","Kerry Express","22948","15199.98","88531.73"
"2026-01-01","TH","BKK","TH","Chiang Mai","J&T","22799","16954.57","57702.05"
"2026-01-01","MY","Kuala Lumpur","MY","Sarawak","J&T","24920","20637.82","88977.97"
"2026-01-01","TH","Chiang Mai","TH","Phuket","J&T","28665","17423.17","150340.67"
"2026-01-01","TH","Chonburi","TH","Chiang Mai","Kerry Express","15157","12979.46","53645.46"
"2026-01-01","TH","Phuket","TH","Chiang Mai","Kerry Express","9087","7239.85","47783.66"
"2026-01-01","ID","Bali","ID","Bali","SiCepat","28221","22627.8","47089.69"
"2026-01-02","MY","Kuala Lumpur","MY","Sarawak","Pos Malaysia","23809","21070.92","116358.14"
"2026-01-02","MY","Pahang","MY","Penang","Pos Malaysia","20339","14654.39","56374.07"
"2026-01-02","TH","Surat Thani","TH","Chonburi","J&T","22938","16260.5","65662.13"
"2026-01-02","TH","Nakhon Sawan","TH","BKK","Kerry Express","22709","16220.3","56779.2"
"2026-01-02","TH","Phuket","TH","Phuket","Kerry Express","14903","9870.95","21063.82"
"2026-01-02","PH","Central Visayas","PH","Calabarzon","DHL","14804","8587.08","36180.38"
"2026-01-02","ID","Bali","ID","Central Java","Pos Indonesia","21540","14909.59","65408.8"
"2026-01-02","MY","Selangor","MY","Selangor","J&T","19868","14711.85","20408.27"
"2026-01-02","MY","Pahang","MY","Selangor","Pos Malaysia","11298","8753.07","24602.05"
"2026-01-02","PH","Bicol Region","PH","Calabarzon","J&T","22580","13036.12","43489.87"
"2026-01-02","TH","Chonburi","TH","BKK","Ninja Van","19037","12159.12","21160.79"
"2026-01-02","PH","Central Luzon","PH","Central Visayas","LBC Express","26574","19978.28","90136.39"
"2026-01-02","MY","Johor","MY","Pahang","DHL","28917","20408.65","47627.73"
"2026-01-02","TH","Surat Thani","TH","BKK","J&T","9874","6649.6","30456.59"
"2026-01-02","MY","Kedah","MY","Penang","J&T","16408","12114.66","22812.76"
"2026-01-02","TH","Chiang Mai","TH","Chonburi","Ninja Van","18848","13579.4","16646.11"
"2026-01-02","ID","North Sumatra","ID","Bali","J&T","16059","11865.44","137676.25"
"2026-01-02","ID","East Java","ID","Riau","J&T","24949","18819.84","134693.83"
"2026-01-02","MY","Sarawak","MY","Selangor","Pos Malaysia","29363","21290.83","150025.89"
"2026-01-02","PH","Ilocos Region","PH","NCR","Ninja Van","28980","19226.79","53252.64"
"2026-01-02","MY","Selangor","MY","Johor","J&T","26002","18632.69","47638.28"
"2026-01-02","MY","Negeri Sembilan","MY","Kuala Lumpur","Ninja Van","22060","14806.3","30452.11"
"2026-01-02","PH","Calabarzon","PH","Northern Mindanao","J&T","22787","18354.36","72986.36"
"2026-01-02","ID","Riau","ID","North Sumatra","Pos Indonesia","19050","13938.76","52569.26"
"2026-01-02","TH","Surat Thani","TH","Phuket","J&T","12593","8107.53","21406.32"
"2026-01-02","TH","Songkhla","TH","Chonburi","Ninja Van","20452","14226.28","14018.18"
"2026-01-02","PH","West Visayas","PH","Bicol Region","J&T","8803","7351.71","16221.06"
"2026-01-02","MY","Sarawak","MY","Penang","Pos Malaysia","25770","18447.19","150785.73"
"2026-01-02","PH","Ilocos Region","PH","Northern Mindanao","2GO Express","22235","18440.7","96887.81"
"2026-01-02","TH","Nakhon Sawan","TH","Songkhla","FedEx","27399","22224.48","124395.45"
"2026-01-02","PH","Central Luzon","PH","West Visayas","LBC Express","14869","9759.28","45015.77"
"2026-01-02","PH","NCR","PH","Bicol Region","J&T","29420","25361.64","54309.84"
"2026-01-02","PH","SOCCSKSARGEN","PH","Central Visayas","Ninja Van","29668","20647.02","78453.63"
"2026-01-02","ID","West Java","ID","Bali","Pos Indonesia","31657","24279.94","112357.98"
"2026-01-02","TH","Chiang Mai","TH","Khon Kaen","Kerry Express","25198","23420.46","88307.37"
"2026-01-02","MY","Pahang","MY","Perak","Pos Malaysia","21499","18706.65","49693.87"
"2026-01-02","MY","Sabah","MY","Selangor","DHL","25440","16959.13","181995.3"
"2026-01-02","TH","Nonthaburi","TH","Khon Kaen","Ninja Van","14162","12398.72","29190.14"
"2026-01-02","MY","Sabah","MY","Pahang","Pos Malaysia","14522","11902.05","113324.33"
"2026-01-02","ID","Banten","ID","Banten","Pos Indonesia","13056","9069.43","13728.72"
"2026-01-02","TH","Phuket","TH","Khon Kaen","Kerry Express","6937","6256.63","34752.31"
"2026-01-02","ID","Riau","ID","Central Java","J&T","7917","5296.43","43912.71"
"2026-01-02","TH","Korat","TH","Phuket","J&T","11272","7107.77","37973.9"
"2026-01-02","ID","Riau","ID","Bali","Pos Indonesia","16979","13134.25","130240.86"
"2026-01-02","MY","Sabah","MY","Negeri Sembilan","Ninja Van","22515","16915.82","159252.35"
"2026-01-02","PH","Northern Mindanao","PH","West Visayas","J&T","18074","11204.91","42339.05"
"2026-01-02","MY","Kuala Lumpur","MY","Johor","Pos Malaysia","18253","13297.13","39033.7"
"2026-01-02","MY","Perak","MY","Sabah","J&T","21000","17335.96","129477.97"
"2026-01-02","PH","West Visayas","PH","Central Visayas","J&T","17192","11983.57","22838.74"
"2026-01-02","PH","Bicol Region","PH","Bicol Region","J&T","25242","20974.27","33482.64"
"2026-01-02","PH","NCR","PH","Calabarzon","2GO Express","27320","17136.44","29742.15"
"2026-01-02","TH","Chonburi","TH","Songkhla","Ninja Van","11104","9027.21","33769.5"
"2026-01-02","ID","Banten","ID","Bali","J&T","7455","5457.93","29129.63"
"2026-01-02","TH","Korat","TH","Songkhla","Ninja Van","25760","21429.98","91206.28"
"2026-01-02","ID","Bali","ID","South Sulawesi","Pos Indonesia","16204","15132.01","47756.1"
"2026-01-02","TH","Songkhla","TH","Korat","J&T","19483","11761.6","72342.05"
"2026-01-02","ID","East Java","ID","East Java","Pos Indonesia","25836","20113.91","28255.3"
"2026-01-02","TH","BKK","TH","Korat","J&T","24449","14181.45","38036.15"
"2026-01-02","PH","Central Visayas","PH","Northern Mindanao","DHL","28849","22320.14","46008.27"
"2026-01-02","ID","Riau","ID","Jakarta","Pos Indonesia","13191","8269.33","56366.01"
"2026-01-02","TH","Korat","TH","BKK","Ninja Van","13929","9091.34","21789.29"
"2026-01-02","PH","SOCCSKSARGEN","PH","SOCCSKSARGEN","2GO Express","15810","11334.93","20523.45"
"2026-01-02","PH","Northern Mindanao","PH","Central Luzon","LBC Express","8695","6744.99","43630.13"
"2026-01-02","TH","Nonthaburi","TH","Nakhon Sawan","Kerry Express","9488","7220.47","18013.96"
"2026-01-02","TH","BKK","TH","Phuket","Kerry Express","32342","21342.68","115491.78"
"2026-01-02","PH","West Visayas","PH","SOCCSKSARGEN","J&T","31389","22526.72","76032.52"
"2026-01-02","PH","Central Luzon","PH","SOCCSKSARGEN","LBC Express","7906","6052.02","38543.09"
"2026-01-02","PH","NCR","PH","West Visayas","2GO Express","30503","19471.0","71470.25"
"2026-01-02","PH","Bicol Region","PH","Central Luzon","LBC Express","26817","20671.27","77830.58"
"2026-01-02","PH","Central Visayas","PH","Bicol Region","2GO Express","24056","20261.78","45140.05"
"2026-01-02","TH","Chonburi","TH","Chiang Mai","J&T","14694","13179.55","41734.47"
"2026-01-02","TH","BKK","TH","Songkhla","J&T","15056","11766.91","47415.56"
"2026-01-02","ID","Banten","ID","West Java","Ninja Van","14638","9902.59","22394.84"
"2026-01-02","ID","South Sulawesi","ID","Riau","Pos Indonesia","9486","7302.8","77053.14"
"2026-01-02","MY","Penang","MY","","Ninja Van","12829","7832.92","58154.21"
"2026-01-02","TH","Korat","TH","Chonburi","Ninja Van","18673","13161.02","28129.37"
"2026-01-02","MY","Penang","MY","Pahang","Pos Malaysia","23399","20436.42","61306.69"
"2026-01-02","TH","Chonburi","TH","Korat","Ninja Van","14594","8869.04","23293.82"
"2026-01-02","MY","Selangor","MY","Perak","J&T","21217","17477.59","32088.68"
"2026-01-02","PH","SOCCSKSARGEN","PH","NCR","DHL","29335","17627.61","134926.01"
"2026-01-02","PH","SOCCSKSARGEN","PH","Ilocos Region","LBC Express","15851","14226.65","105396.43"
"2026-01-02","MY","Sabah","MY","Sabah","Pos Malaysia","23588","20567.57","40124.7"
"2026-01-02","ID","Banten","ID","Central Java","Pos Indonesia","11707","7965.14","27430.55"
"2026-01-02","ID","South Sulawesi","ID","East Java","Pos Indonesia","16773","13257.2","61950.93"
"2026-01-02","MY","Pahang","MY","Sabah","DHL","8096","6402.75","45375.75"
"2026-01-02","MY","Perak","MY","Penang","Pos Malaysia","25735","19051.35","46715.79"
"2026-01-02","MY","Penang","MY","Perak","Pos Malaysia","25915","23586.55","44016.64"
"2026-01-02","MY","Johor","MY","Penang","Pos Malaysia","28792","20536.74","97725.12"
"2026-01-02","PH","Northern Mindanao","PH","Central Visayas","2GO Express","27859","20342.26","57689.14"
"2026-01-02","TH","Khon Kaen","TH","Chiang Mai","Ninja Van","8680","8034.78","24279.63"
"2026-01-02","ID","South Sulawesi","ID","Banten","Pos Indonesia","27070","18578.35","172482.78"
"2026-01-02","TH","Nonthaburi","TH","BKK","J&T","15009","9356.14","15669.77"
"2026-01-02","TH","Nonthaburi","TH","Nonthaburi","Ninja Van","14822","9901.76","15885.58"
"2026-01-02","TH","Korat","TH","Chiang Mai","Ninja Van","26097","24659.27","64536.97"
"2026-01-02","TH","Chiang Mai","TH","Phuket","J&T","13711","8663.64","67686.82"
"2026-01-02","ID","Riau","ID","Banten","Ninja Van","24874","18398.96","108532.46"
"2026-01-02","TH","Songkhla","TH","Songkhla","Ninja Van","9260","7470.23","10611.48"
"2026-01-02","MY","Sabah","MY","Johor","J&T","23076","17037.58","139261.56"
"2026-01-02","TH","Phuket","TH","Nonthaburi","Ninja Van","7655","4888.85","21506.25"
"2026-01-02","TH","Nakhon Sawan","TH","Chiang Mai","Ninja Van","17895","16707.37","44931.39"
"2026-01-02","ID","South Sulawesi","ID","Central Java","J&T","10089","6399.19","46292.02"
"2026-01-02","PH","Ilocos Region","PH","Ilocos Region","J&T","25292","21768.51","34763.76"
"2026-01-02","ID","East Java","ID","Central Java","Ninja Van","35863","25357.19","61918.59"
"2026-01-02","ID","Banten","ID","Jakarta","Pos Indonesia","26460","15992.81","32239.96"
"2026-01-02","TH","Songkhla","TH","BKK","Ninja Van","18437","11795.64","62685.48"
"2026-01-02","ID","Jakarta","ID","Central Java","Pos Indonesia","11214","7979.15","22502.03"
"2026-01-02","MY","Pahang","MY","Negeri Sembilan","Pos Malaysia","17364","13121.68","37334.37"
"2026-01-02","MY","Negeri Sembilan","MY","Sarawak","Ninja Van","14821","12622.34","61377.9"
"2026-01-02","MY","Penang","MY","Johor","Pos Malaysia","8014","5994.14","25058.67"
"2026-01-02","ID","East Java","ID","Banten","Pos Indonesia","28776","21290.93","85112.43"
"2026-01-02","PH","Calabarzon","PH","West Visayas","Ninja Van","22992","14547.07","51267.34"
"2026-01-02","PH","Central Luzon","PH","Bicol Region","LBC Express","18843","16796.18","46056.17"
"2026-01-02","ID","Central Java","ID","West Java","DHL","16918","10552.55","30445.52"
"2026-01-02","TH","Phuket","TH","Chonburi","J&T","11174","7383.79","33351.94"
"2026-01-02","ID","West Java","ID","West Java","DHL","15883","9571.1","16610.52"
"2026-01-02","TH","Chiang Mai","TH","Korat","J&T","17121","9961.13","50909.79"
"2026-01-02","PH","Northern Mindanao","PH","Ilocos Region","LBC Express","8260","7814.43","45348.7"
"2026-01-02","TH","Uknown","TH","Uknown","DHL","27856","18417.23","126820.02"
"2026-01-02","MY","Kuala Lumpur","MY","Kuala Lumpur","Pos Malaysia","13617","9919.36","17684.86"
"2026-01-02","TH","Chonburi","TH","Phuket","Ninja Van","11531","7346.06","34496.4"
"2026-01-02","TH","Surat Thani","TH","Chiang Mai","J&T","10835","9815.64","50439.56"
"2026-01-02","TH","Nonthaburi","TH","Phuket","Ninja Van","9265","5835.25","27636.51"
"2026-01-02","ID","Central Java","ID","Jakarta","Ninja Van","26305","15733.62","53960.79"
"2026-01-02","TH","Khon Kaen","TH","Nonthaburi","Ninja Van","18861","12505.13","44650.33"
"2026-01-02","MY","Pahang","MY","Johor","J&T","10820","7693.64","20609.98"
"2026-01-02","TH","Nonthaburi","TH","Korat","J&T","11562","6763.29","18851.75"
"2026-01-02","ID","West Java","ID","South Sulawesi","Ninja Van","31884","29303.75","151089.19"
"2026-01-02","ID","South Sulawesi","ID","North Sumatra","J&T","20316","13188.07","196669.58"
"2026-01-02","TH","Surat Thani","TH","Surat Thani","Kerry Express","18945","16653.72","31145.1"
"2026-01-02","ID","Central Java","ID","Banten","Pos Indonesia","24980","18061.02","56710.92"
"2026-01-02","MY","Johor","MY","Negeri Sembilan","J&T","20936","14455.8","35892.92"
"2026-01-02","MY","Sarawak","MY","Kedah","Pos Malaysia","13307","11963.73","80618.21"
"2026-01-02","PH","Northern Mindanao","PH","Calabarzon","LBC Express","20655","13444.1","96210.38"
"2026-01-02","PH","Northern Mindanao","PH","NCR","2GO Express","18058","12273.82","70283.41"
"2026-01-02","MY","Kedah","MY","Sarawak","Pos Malaysia","12105","11572.18","72658.62"
"2026-01-02","PH","SOCCSKSARGEN","PH","Northern Mindanao","J&T","25839","19883.54","50706.82"
"2026-01-02","TH","Songkhla","TH","Chiang Mai","Kerry Express","24600","24609.22","152903.36"
"2026-01-02","TH","Nakhon Sawan","TH","Surat Thani","Kerry Express","22983","19863.96","104123.41"
"2026-01-02","PH","Calabarzon","PH","Central Luzon","Ninja Van","17794","13171.45","21401.63"
"2026-01-02","TH","Nonthaburi","TH","Surat Thani","Kerry Express","9024","7684.71","28195.86"
"2026-01-02","MY","Perak","MY","Kuala Lumpur","Ninja Van","7876","5484.02","12953.09"
"2026-01-02","TH","Nakhon Sawan","TH","Nonthaburi","J&T","16880","11017.77","33041.91"
"2026-01-02","MY","Johor","MY","Johor","Pos Malaysia","17129","12603.49","23150.33"
"2026-01-02","ID","Jakarta","ID","Riau","J&T","24918","19569.94","92268.99"
"2026-01-02","TH","Korat","TH","Surat Thani","Ninja Van","13635","11038.09","42435.28"
"2026-01-02","TH","Nakhon Sawan","TH","Chonburi","Ninja Van","21452","14874.41","47148.75"
"2026-01-02","ID","Jakarta","ID","North Sumatra","SiCepat","23833","16544.13","154099.56"
"2026-01-02","TH","Phuket","TH","Uknown","Ninja Van","16529","12204.17","75128.72"
"2026-01-02","ID","Bali","ID","Riau","Ninja Van","26458","20789.82","183086.05"
"2026-01-02","MY","Kedah","MY","Selangor","J&T","12350","8903.15","27812.64"
"2026-01-02","MY","Penang","MY","Negeri Sembilan","Pos Malaysia","9833","7582.84","23763.27"
"2026-01-02","PH","Bicol Region","PH","NCR","2GO Express","29457","18524.78","63553.92"
"2026-01-02","TH","Songkhla","TH","Uknown","Ninja Van","21170","16030.51","102955.99"
"2026-01-02","TH","Surat Thani","TH","Nakhon Sawan","J&T","14245","10062.97","49890.1"
"2026-01-02","PH","Unknown","PH","Unknown","DHL","9427","5045.49","41317.9"
"2026-01-02","PH","Northern Mindanao","PH","Northern Mindanao","2GO Express","11163","9571.12","14773.13"
"2026-01-02","ID","North Sumatra","ID","East Java","Pos Indonesia","23627","18353.78","177569.3"
"2026-01-02","TH","Khon Kaen","TH","BKK","Ninja Van","20907","13808.26","51849.01"
"2026-01-02","PH","Ilocos Region","PH","Central Visayas","LBC Express","23600","18065.21","108781.01"
"2026-01-02","TH","Nonthaburi","TH","Chonburi","Ninja Van","16202","11225.03","18570.29"
"2026-01-02","MY","Negeri Sembilan","MY","Kedah","Pos Malaysia","18679","16609.41","58417.26"
"2026-01-02","MY","Sabah","MY","Penang","Ninja Van","27185","18925.88","206846.82"
"2026-01-02","ID","Jakarta","ID","West Java","Pos Indonesia","30164","20656.58","40015.47"
"2026-01-02","MY","Selangor","MY","Sabah","Ninja Van","18077","15121.27","101318.49"
"2026-01-02","ID","Bali","ID","East Java","Pos Indonesia","8066","6525.46","16474.43"
"2026-01-02","MY","Negeri Sembilan","MY","Selangor","Pos Malaysia","18205","13074.77","30409.76"
"2026-01-02","TH","Nonthaburi","TH","Songkhla","J&T","25344","20476.41","73485.89"
"2026-01-02","MY","Johor","MY","Sabah","DHL","22385","17154.72","118736.93"
"2026-01-02","MY","Selangor","MY","Penang","J&T","21974","15551.54","37592.86"
"2026-01-02","PH","Bicol Region","PH","Central Visayas","LBC Express","26197","18912.85","75448.82"
"2026-01-02","TH","Phuket","TH","Chiang Mai","Ninja Van","9887","9027.59","43710.39"
"2026-01-02","PH","Central Visayas","PH","Central Visayas","2GO Express","9122","6430.02","9174.22"
"2026-01-02","PH","Central Visayas","PH","SOCCSKSARGEN","J&T","20390","13918.42","45001.97"
"2026-01-02","MY","Negeri Sembilan","MY","Penang","Ninja Van","23691","16967.03","351442.41"
"2026-01-02","TH","Khon Kaen","TH","Chonburi","J&T","21297","14281.49","49454.58"
"2026-01-02","TH","Korat","TH","Korat","Ninja Van","23285","14025.6","24771.55"
"2026-01-02","ID","West Java","ID","North Sumatra","Pos Indonesia","34286","23791.75","176391.05"
"2026-01-02","ID","South Sulawesi","ID","Jakarta","Pos Indonesia","28926","17396.42","168335.24"
"2026-01-02","TH","Nakhon Sawan","TH","Khon Kaen","J&T","22226","19452.02","50493.26"
"2026-01-02","MY","Johor","MY","Perak","Pos Malaysia","23608","20033.57","63540.86"
"2026-01-02","MY","Uknown","MY","Uknown","Pos Malaysia","21597","13188.65","125589.23"
"2026-01-02","TH","Khon Kaen","TH","Nakhon Sawan","Ninja Van","13110","9475.34","26823.88"
"2026-01-02","PH","Northern Mindanao","PH","Bicol Region","J&T","28085","24153.11","93887.24"
"2026-01-02","MY","Kedah","MY","Negeri Sembilan","Ninja Van","21354","16163.49","53315.72"
"2026-01-02","MY","Perak","MY","Pahang","J&T","24780","20136.91","49183.98"
"2026-01-02","MY","Sarawak","MY","Sabah","Ninja Van","15053","12176.39","56409.13"
"2026-01-02","TH","BKK","TH","Chiang Mai","Kerry Express","15597","14708.66","48578.21"
"2026-01-02","ID","Jakarta","ID","Banten","Ninja Van","22126","16160.85","24841.06"
"2026-01-02","MY","Negeri Sembilan","MY","Perak","Pos Malaysia","21728","18198.08","54494.86"
"2026-01-02","MY","Johor","MY","Kedah","Pos Malaysia","24385","21830.71","88376.73"
"2026-01-02","ID","Central Java","ID","South Sulawesi","Ninja Van","11580","10421.1","44178.97"
"2026-01-02","PH","Ilocos Region","PH","Central Luzon","2GO Express","14845","11275.07","24800.4"
"2026-01-02","MY","Kedah","MY","Kuala Lumpur","Pos Malaysia","25359","18353.23","73279.24"
"2026-01-02","PH","Central Luzon","PH","NCR","2GO Express","19939","13076.76","22669.84"
"2026-01-02","TH","Phuket","TH","Korat","J&T","7774","4442.09","26618.06"
"2026-01-02","PH","","PH","West Visayas","Ninja Van","20700","12845.77","90578.59"
"2026-01-02","MY","Johor","MY","Selangor","Pos Malaysia","23458","16747.81","53770.4"
"2026-01-02","ID","East Java","ID","South Sulawesi","Ninja Van","34808","32475.9","15884.44"
"2026-01-02","ID","South Sulawesi","ID","South Sulawesi","Pos Indonesia","22040","19352.03","30173.79"
"2026-01-02","TH","BKK","TH","BKK","J&T","10604","6560.26","11388.32"
"2026-01-02","TH","BKK","TH","Nakhon Sawan","Ninja Van","14585","10170.43","23621.67"
"2026-01-02","MY","Kuala Lumpur","MY","Kedah","Ninja Van","16460","14386.45","33901.54"
"2026-01-02","PH","Ilocos Region","PH","Calabarzon","2GO Express","23243","15037.67","42507.23"
"2026-01-02","ID","North Sumatra","ID","Riau","DHL","30185","21928.76","80573.75"
"2026-01-02","ID","North Sumatra","ID","West Java","DHL","28416","17062.99","169179.12"
"2026-01-02","MY","Penang","MY","Selangor","Ninja Van","18164","12823.8","31322.43"
"2026-01-02","ID","West Java","ID","Central Java","Pos Indonesia","27308","18488.53","48023.04"
"2026-01-02","TH","Surat Thani","TH","Khon Kaen","Ninja Van","9841","8793.36","42364.17"
"2026-01-02","ID","North Sumatra","ID","North Sumatra","Pos Indonesia","31365","21673.05","41139.05"
"2026-01-02","MY","Kuala Lumpur","MY","Pahang","Ninja Van","26154","20591.02","39907.49"
"2026-01-02","PH","Bicol Region","PH","SOCCSKSARGEN","J&T","15216","10364.75","56202.88"
"2026-01-02","ID","Jakarta","ID","South Sulawesi","DHL","24187","20854.49","117652.34"
"2026-01-02","ID","North Sumatra","ID","Banten","Pos Indonesia","10337","7316.1","61298.16"
"2026-01-02","ID","South Sulawesi","ID","West Java","Pos Indonesia","22234","14683.53","130526.32"
"2026-01-02","ID","East Java","ID","Jakarta","SiCepat","34340","19972.21","120051.22"
"2026-01-02","ID","Riau","ID","West Java","Pos Indonesia","18919","12491.76","95894.92"
"2026-01-02","MY","Johor","MY","Sarawak","Ninja Van","29752","25053.06","89994.2"
"2026-01-02","ID","Riau","ID","East Java","Pos Indonesia","13338","11179.35","86342.2"
"2026-01-02","ID","Riau","ID","South Sulawesi","DHL","9683","8308.19","78701.04"
"2026-01-02","TH","Chiang Mai","TH","Songkhla","J&T","24938","19953.76","133616.46"
"2026-01-02","MY","Pahang","MY","Pahang","J&T","25836","21110.37","30217.19"
"2026-01-02","PH","Central Luzon","PH","Northern Mindanao","2GO Express","17071","14294.33","55617.69"
"2026-01-02","TH","Nakhon Sawan","TH","Korat","Ninja Van","16112","9952.78","31765.68"
"2026-01-02","PH","West Visayas","PH","Northern Mindanao","Ninja Van","17867","15432.36","33449.36"
"2026-01-02","TH","BKK","TH","Khon Kaen","J&T","15702","13374.15","31117.88"
"2026-01-02","ID","Central Java","ID","Central Java","Pos Indonesia","30120","20451.9","33173.98"
"2026-01-02","TH","Korat","TH","Nonthaburi","FedEx","14703","9712.42","21906.83"
"2026-01-02","MY","Kuala Lumpur","MY","Penang","Ninja Van","19851","13272.89","36693.29"
"2026-01-02","ID","Uknown","ID","Banten","Ninja Van","15801","11283.19","70513.45"
"2026-01-02","PH","Ilocos Region","PH","Bicol Region","Ninja Van","25549","23135.31","68281.15"
"2026-01-02","ID","Banten","ID","East Java","J&T","20788","15422.71","62969.67"
"2026-01-02","TH","Chiang Mai","TH","Chiang Mai","Ninja Van","10210","9645.71","11995.66"
"2026-01-02","PH","Calabarzon","PH","Ilocos Region","Ninja Van","8132","7074.72","12367.74"
"2026-01-02","ID","Bali","ID","North Sumatra","Pos Indonesia","19160","13665.56","167780.2"
"2026-01-02","MY","Negeri Sembilan","MY","Pahang","J&T","10399","8126.32","19042.78"
"2026-01-02","MY",,"MY","Uknown","Pos Malaysia","25899","16983.61","148713.73"
"2026-01-02","TH","Chonburi","TH","Khon Kaen","Kerry Express","20094","18939.89","50007.17"
"2026-01-02","ID","Bali","ID","Bali","Ninja Van","22842","18611.29","27836.72"
"2026-01-02","MY","Pahang","MY","Sarawak","J&T","11810","10236.47","42238.87"
"2026-01-02","PH","NCR","PH","Central Luzon","2GO Express","20056","15233.93","22128.91"
"2026-01-02","PH","Central Luzon","PH","Ilocos Region","J&T","25250","21003.25","31872.46"
"2026-01-02","PH","West Visayas","PH","Calabarzon","LBC Express","19215","12919.18","52886.77"
"2026-01-02","PH","Calabarzon","PH","Calabarzon","J&T","20035","12834.7","20881.12"
"2026-01-02","PH","Bicol Region","PH","West Visayas","2GO Express","12850","7922.33","28753.1"
"2026-01-02","MY","Sarawak","MY","Kuala Lumpur","J&T","8177","5323.53","34182.77"
"2026-01-02","MY","Kedah","MY","Johor","Pos Malaysia","26568","20936.39","106498.15"
"2026-01-02","PH","Bicol Region","PH","Ilocos Region","LBC Express","21343","18581.61","70743.01"
"2026-01-02","PH","NCR","PH","Central Visayas","J&T","11316","7752.58","29065.26"
"2026-01-02","TH","Songkhla","TH","Surat Thani","Ninja Van","21840","17828.37","40093.23"
"2026-01-02","MY","Pahang","MY","Kedah","J&T","22907","20018.65","55708.19"
"2026-01-02","PH","West Visayas","PH","Ilocos Region","2GO Express","9332","8544.77","25064.14"
"2026-01-02","TH","Khon Kaen","TH","Phuket","FedEx","16937","10523.84","78709.74"
"2026-01-02","MY","Penang","MY","Sarawak","Pos Malaysia","9446","8854.49","50591.25"
"2026-01-02","TH","Chiang Mai","TH","Nakhon Sawan","FedEx","13056","9109.43","31351.78"
"2026-01-02","TH","Chiang Mai","TH","BKK","Kerry Express","13150","8844.44","48210.57"
"2026-01-02","ID","Bali","ID","West Java","Pos Indonesia","19365","12791.96","72631.29"
"2026-01-02","TH","BKK","TH","Chonburi","Ninja Van","27723","18624.39","33076.36"
"2026-01-02","PH","Central Luzon","PH","Central Luzon","2GO Express","28200","21043.52","30148.16"
"2026-01-02","PH","SOCCSKSARGEN","PH","Central Luzon","LBC Express","17800","13286.83","103702.68"
"2026-01-02","PH","Bicol Region","PH","Northern Mindanao","J&T","17179","13072.39","50180.0"
"2026-01-02","TH","BKK","TH","Nonthaburi","Kerry Express","26317","18220.76","32963.55"
"2026-01-02","MY","Penang","MY","Kuala Lumpur","Pos Malaysia","15586","11236.46","33584.85"
"2026-01-02","PH","Central Visayas","PH","Central Luzon","J&T","28412","19954.86","77823.86"
"2026-01-02","MY","Sarawak","MY","Pahang","Pos Malaysia","10474","8805.73","49931.41"
"2026-01-02","PH","Northern Mindanao","PH","SOCCSKSARGEN","2GO Express","9087","6807.15","18034.66"
"2026-01-02","PH","West Visayas","PH","West Visayas","J&T","27950","17162.21","28486.86"
"2026-01-02","MY","Negeri Sembilan","MY","Johor","J&T","8658","6057.33","16888.18"
"2026-01-02","MY","Perak","MY","Selangor","Ninja Van","21724","15457.47","36003.97"
"2026-01-02","ID","Central Java","ID","East Java","DHL","33131","24438.69","56004.67"
"2026-01-02","TH","Unknown","TH","Uknown","Kerry Express","17158","10048.34","99056.76"
"2026-01-02","MY","Kuala Lumpur","MY","Negeri Sembilan","Pos Malaysia","23287","16955.8","33571.18"
"2026-01-02","ID","West Java","ID","Riau","SiCepat","9937","7620.98","49786.85"
"2026-01-02","TH","Nakhon Sawan","TH","Nakhon Sawan","J&T","14628","10442.81","18653.85"
"2026-01-02","MY","Negeri Sembilan","MY","Sabah","J&T","15625","12807.87","100022.7"
"2026-01-02","TH","Phuket","TH","Nakhon Sawan","J&T","8768","5903.26","30329.9"
"2026-01-02","PH","NCR","PH","SOCCSKSARGEN","DHL","15602","11437.01","59125.58"
"2026-01-02","TH","Surat Thani","TH","Nonthaburi","Ninja Van","10065","6885.52","29815.07"
"2026-01-02","ID","Jakarta","ID","Jakarta","Ninja Van","21626","13620.79","23173.38"
"2026-01-02","TH","Chiang Mai","TH","Nonthaburi","Ninja Van","12146","8434.01","37597.91"
"2026-01-02","PH","Ilocos Region","PH","Unknown","LBC Express","18496","11389.88","126597.16"
"2026-01-02","TH","Khon Kaen","TH","Songkhla","J&T","17975","14569.1","82472.44"
"2026-01-02","PH","Calabarzon","PH","NCR","J&T","11327","7397.01","12662.12"
"2026-01-02","TH","Surat Thani","TH","Songkhla","Ninja Van","9053","7476.48","18674.27"
"2026-01-02","PH","Central Visayas","PH","Uknown","LBC Express","31329","18643.03","176829.93"
"2026-01-02","MY","Kuala Lumpur","MY","Selangor","Pos Malaysia","17783","12946.39","23331.14"
"2026-01-02","PH","SOCCSKSARGEN","PH","Calabarzon","J&T","18050","10539.96","83372.78"
"2026-01-02","MY","Selangor","MY","Kuala Lumpur","DHL","29755","18702.84","31143.52"
"2026-01-02","PH","West Visayas","PH","Central Luzon","LBC Express","9367","7300.3","28916.62"
"2026-01-02","TH","Songkhla","TH","Khon Kaen","DHL","14938","12967.51","67525.04"
"2026-01-02","ID","Banten","ID","North Sumatra","Pos Indonesia","24693","17045.56","123426.79"
"2026-01-02","MY","Negeri Sembilan","MY","Negeri Sembilan","J&T","11806","8196.32","15264.38"
"2026-01-02","MY","Kuala Lumpur","MY","Sabah","J&T","14168","11424.07","75454.96"
"2026-01-02","MY","Sabah","MY","Perak","Pos Malaysia","17164","15271.76","147032.0"
"2026-01-02","MY","Sabah","MY","Kuala Lumpur","FedEx","16752","10641.42","120305.64"
"2026-01-02","TH","Korat","TH","Khon Kaen","Kerry Express","26181","25373.06","46145.63"
"2026-01-02","ID","Bali","ID","Banten","Pos Indonesia","14502","10541.8","65442.61"
"2026-01-02","MY","Kedah","MY","Kedah","J&T","8364","7517.84","10075.32"
"2026-01-02","MY","Perak","MY","Johor","Ninja Van","17043","12367.73","42514.89"
"2026-01-02","MY","Sarawak","MY","Sarawak","J&T","12590","10587.41","15199.15"
"2026-01-02","MY","Uknown","MY","Perak","DHL","22351","17250.95","96704.46"
"2026-01-03","MY","Selangor","MY","Perak","Ninja Van","25363","20097.22","36160.15"
"2026-01-03","TH","Chonburi","TH","Korat","Ninja Van","23819","15492.85","38114.65"
"2026-01-03","ID","Banten","ID","Central Java","Pos Indonesia","19084","13467.73","45153.45"
"2026-01-03","TH","Chonburi","TH","Chiang Mai","Ninja Van","16647","14070.13","47938.67"
"2026-01-03","MY","Perak","MY","Penang","Pos Malaysia","25700","19739.2","47100.33"
"2026-01-03","MY","Pahang","MY","Johor","J&T","14533","10324.0","26521.33"
"2026-01-03","ID","North Sumatra","ID","Banten","DHL","17902","12345.51","101471.06"
"2026-01-03","MY","Negeri Sembilan","MY","Johor","Pos Malaysia","23567","17135.79","57158.4"
"2026-01-03","MY","Johor","MY","Johor","Pos Malaysia","12540","9199.46","16760.28"
"2026-01-03","MY","Negeri Sembilan","MY","Negeri Sembilan","Ninja Van","15138","11475.42","18851.25"
"2026-01-03","TH","Songkhla","TH","Songkhla","J&T","15972","12183.32","19373.36"
"2026-01-03","MY","Selangor","MY","Sarawak","J&T","11454","8758.35","44731.55"
"2026-01-03","PH","Central Luzon","PH","NCR","LBC Express","17518","11489.61","24401.24"
"2026-01-03","MY","Pahang","MY","Kedah","Pos Malaysia","12132","11943.4","35009.06"
"2026-01-03","PH","Bicol Region","PH","Bicol Region","J&T","30566","24794.05","39165.67"
"2026-01-03","ID","Bali","ID","Banten","Ninja Van","20177","14660.73","87986.02"
"2026-01-03","PH","Central Visayas","PH","Calabarzon","J&T","10976","6350.78","26094.31"
"2026-01-03","MY","Sabah","MY","Selangor","Pos Malaysia","27150","18881.16","237130.21"
"2026-01-03","PH","NCR","PH","Calabarzon","LBC Express","17939","11358.11","24017.91"
"2026-01-03","TH","Phuket","TH","Nonthaburi","Kerry Express","16769","11272.82","64542.15"
"2026-01-03","MY","Penang","MY","Pahang","J&T","7195","5434.53","14452.06"
"2026-01-03","MY","Kedah","MY","Johor","J&T","19462","14274.7","61464.03"
"2026-01-03","PH","Bicol Region","PH","Central Luzon","LBC Express","10711","8352.76","30442.51"
"2026-01-03","ID","Bali","ID","Bali","Pos Indonesia","25707","20936.06","31879.31"
"2026-01-03","MY","Selangor","MY","Penang","DHL","21933","14365.92","38638.03"
"2026-01-03","TH","Korat","TH","Chiang Mai","J&T","25862","21702.98","65568.91"
"2026-01-03","PH","Central Luzon","PH","Central Luzon","J&T","18262","13318.64","19231.83"
"2026-01-03","TH","Nonthaburi","TH","Khon Kaen","J&T","13780","11976.88","28934.07"
"2026-01-03","ID","North Sumatra","ID","Riau","Pos Indonesia","15135","12021.77","39448.7"
"2026-01-03","TH","Korat","TH","Chonburi","J&T","20301","12783.03","32133.14"
"2026-01-03","MY","Johor","MY","Pahang","J&T","14353","10223.86","25398.45"
"2026-01-03","TH","Nakhon Sawan","TH","Surat Thani","Ninja Van","7326","6075.64","26208.0"
"2026-01-03","ID","Bali","ID","North Sumatra","SiCepat","26143","18908.87","277165.91"
"2026-01-03","PH","NCR","PH","NCR","J&T","24650","14897.65","27287.66"
"2026-01-03","ID","Riau","ID","South Sulawesi","Pos Indonesia","17120","15091.01","137743.24"
"2026-01-03","ID","Riau","ID","Central Java","Pos Indonesia","12344","8970.93","67334.8"
"2026-01-03","MY","Penang","MY","Perak","J&T","14198","11271.04","19467.75"
"2026-01-03","TH","Nakhon Sawan","TH","BKK","Ninja Van","21633","12588.64","44330.02"
"2026-01-03","MY","Kuala Lumpur","MY","Kedah","J&T","8762","7987.56","16901.46"
"2026-01-03","MY","Pahang","MY","Penang","Pos Malaysia","10907","8265.86","30536.47"
"2026-01-03","TH","Nakhon Sawan","TH","Korat","Ninja Van","8621","5668.79","17851.76"
"2026-01-03","PH","West Visayas","PH","West Visayas","J&T","11194","6603.81","11605.85"
"2026-01-03","MY","Negeri Sembilan","MY","Sabah","Ninja Van","16589","13425.68","110901.17"
"2026-01-03","MY","Selangor","MY","Johor","FedEx","23203","15728.68","41302.12"
"2026-01-03","PH","","PH","Uknown","Ninja Van","22949","12918.03","108004.59"
"2026-01-03","PH","Northern Mindanao","PH","SOCCSKSARGEN","J&T","25705","18562.0","48940.09"
"2026-01-03","ID","East Java","ID","East Java","Ninja Van","27645","21876.55","29807.34"
"2026-01-03","MY","Sabah","MY","Negeri Sembilan","Ninja Van","17040","12589.88","114970.62"
"2026-01-03","ID","Jakarta","ID","West Java","SiCepat","27120","17127.69","46382.92"
"2026-01-03","ID","South Sulawesi","ID","Jakarta","SiCepat","23347","14748.62","177859.6"
"2026-01-03","TH","Chonburi","TH","Songkhla","Kerry Express","15560","13037.53","53630.49"
"2026-01-03","TH","Surat Thani","TH","Phuket","Ninja Van","22618","14412.99","38438.26"
"2026-01-03","TH","BKK","TH","Korat","Kerry Express","15646","10325.31","32366.01"
"2026-01-03","MY","Kuala Lumpur","MY","Selangor","J&T","27341","18541.09","28954.18"
"2026-01-03","ID","Central Java","ID","West Java","Pos Indonesia","16115","10370.55","29324.19"
"2026-01-03","MY","Sarawak","MY","Sarawak","Pos Malaysia","16846","13211.93","25209.98"
"2026-01-03","ID","Central Java","ID","South Sulawesi","J&T","32371","25372.75","129881.83"
"2026-01-03","ID","Uknown","ID","South Sulawesi","DHL","7629","5954.82","34588.59"
"2026-01-03","PH","West Visayas","PH","Bicol Region","DHL","25719","21574.03","47337.74"
"2026-01-03","ID","West Java","ID","South Sulawesi","Ninja Van","29207","24474.07","130260.86"
"2026-01-03","ID","South Sulawesi","ID","Riau","SiCepat","27553","20780.81","290903.89"
"2026-01-03","TH","Songkhla","TH","Chonburi","Kerry Express","14633","10168.22","61117.86"
"2026-01-03","TH","Phuket","TH","Nakhon Sawan","J&T","8138","5589.95","27985.75"
"2026-01-03","TH","Songkhla","TH","Chiang Mai","Ninja Van","19337","16687.2","101130.16"
"2026-01-03","PH","Ilocos Region","PH","NCR","Ninja Van","20216","13158.13","35851.21"
"2026-01-03","MY","Sabah","MY","Johor","FedEx","19557","12989.21","126554.79"
"2026-01-03","TH","Surat Thani","TH","Nakhon Sawan","Ninja Van","25023","18874.97","90904.99"
"2026-01-03","MY","Kuala Lumpur","MY","Kuala Lumpur","J&T","9982","6600.61","10086.82"
"2026-01-03","MY","Penang","MY","Kuala Lumpur","Ninja Van","17556","12410.35","32157.13"
"2026-01-03","ID","Jakarta","ID","Riau","Pos Indonesia","23597","20464.93","90172.17"
"2026-01-03","MY","Unknown","MY","Sarawak","Pos Malaysia","8597","7013.4","49155.03"
"2026-01-03","TH","BKK","TH","Nakhon Sawan","Ninja Van","23503","17119.66","36075.18"
"2026-01-03","TH","Nonthaburi","TH","Songkhla","J&T","20571","16105.76","61253.57"
"2026-01-03","PH","Bicol Region","PH","Northern Mindanao","Ninja Van","12689","10281.76","37691.48"
"2026-01-03","PH","Northern Mindanao","PH","Bicol Region","DHL","29214","24749.64","91117.9"
"2026-01-03","MY","Kuala Lumpur","MY","Penang","Ninja Van","9380","6661.29","16341.77"
"2026-01-03","TH","Songkhla","TH","Khon Kaen","Kerry Express","23779","22733.73","130702.31"
"2026-01-03","PH","Northern Mindanao","PH","Central Visayas","DHL","12733","9051.66","25022.26"
"2026-01-03","TH","Surat Thani","TH","Surat Thani","J&T","10442","8383.92","13092.49"
"2026-01-03","MY","Johor","MY","Perak","Pos Malaysia","29394","23748.11","79054.2"
"2026-01-03","ID","Central Java","ID","Central Java","J&T","21483","14222.14","22954.46"
"2026-01-03","TH","Phuket","TH","Chiang Mai","Kerry Express","13084","11506.49","69325.71"
"2026-01-03","PH","West Visayas","PH","Central Visayas","Ninja Van","20470","15162.92","28386.06"
"2026-01-03","TH","BKK","TH","BKK","Kerry Express","25235","14810.31","33304.56"
"2026-01-03","PH","Calabarzon","PH","Ilocos Region","Ninja Van","30340","29324.33","45639.45"
"2026-01-03","MY","Perak","MY","Sabah","Ninja Van","25219","21427.58","163990.03"
"2026-01-03","TH","Nakhon Sawan","TH","Nonthaburi","DHL","9384","6018.82","17761.49"
"2026-01-03","MY","Perak","MY","Pahang","J&T","18156","13690.82","33666.12"
"2026-01-03","ID","West Java","ID","Central Java","DHL","33082","21866.19","63290.5"
"2026-01-03","TH","Surat Thani","TH","Khon Kaen","J&T","11207","10149.84","47454.29"
"2026-01-03","MY","Penang","MY","Selangor","FedEx","9512","6094.34","16650.45"
"2026-01-03","MY","Penang","MY","Negeri Sembilan","J&T","15741","11691.14","29600.55"
"2026-01-03","MY","Negeri Sembilan","MY","Sarawak","Pos Malaysia","23877","18679.67","126959.63"
"2026-01-03","MY","Selangor","MY","Selangor","Pos Malaysia","20983","14835.48","29596.11"
"2026-01-03","ID","Bali","ID","Riau","SiCepat","15277","11960.5","137801.79"
"2026-01-03","PH","Ilocos Region","PH","Central Luzon","2GO Express","8278","6225.3","13534.61"
"2026-01-03","TH","Chiang Mai","TH","Songkhla","Kerry Express","20733","17357.29","143149.36"
"2026-01-03","MY","Johor","MY","Kedah","Pos Malaysia","28360","28153.17","101328.03"
"2026-01-03","TH","Chiang Mai","TH","Nonthaburi","Ninja Van","20595","14023.99","63072.34"
"2026-01-03","ID","West Java","ID","Bali","Pos Indonesia","34128","26886.55","118381.73"
"2026-01-03","MY","Sabah","MY","Sarawak","Pos Malaysia","24163","20407.74","125631.64"
"2026-01-03","MY","","MY","Unknown","Pos Malaysia","27509","15939.93","152737.59"
"2026-01-03","TH","Surat Thani","TH","Chiang Mai","J&T","9073","7557.68","42472.31"
"2026-01-03","MY","Sabah","MY","Sabah","Pos Malaysia","28033","24178.03","48741.53"
"2026-01-03","MY","Pahang","MY","Pahang","Pos Malaysia","9687","7501.04","13426.77"
"2026-01-03","PH","NCR","PH","Bicol Region","J&T","28364","24891.99","49025.8"
"2026-01-03","PH","SOCCSKSARGEN","PH","Central Visayas","J&T","17542","12101.32","47948.14"
"2026-01-03","PH","Calabarzon","PH","Calabarzon","J&T","13297","7982.65","14739.27"
"2026-01-03","MY","Kuala Lumpur","MY","Sarawak","DHL","26044","18520.81","93947.74"
"2026-01-03","PH","SOCCSKSARGEN","PH","Calabarzon","LBC Express","21958","13472.16","128388.23"
"2026-01-03","PH","Central Luzon","PH","West Visayas","DHL","10036","5952.75","25414.72"
"2026-01-03","MY","Pahang","MY","Sabah","FedEx","17757","13908.22","101597.28"
"2026-01-03","TH","Chiang Mai","TH","Chonburi","J&T","9993","6500.21","33169.09"
"2026-01-03","TH","Chiang Mai","TH","Phuket","J&T","17986","10976.65","89569.36"
"2026-01-03","MY","Sarawak","MY","Selangor","Ninja Van","24325","15906.43","107673.96"
"2026-01-03","MY","Sabah","MY","Perak","Ninja Van","28666","23164.76","200100.71"
"2026-01-03","PH","Central Luzon","PH","Ilocos Region","2GO Express","26043","25480.79","33883.07"
"2026-01-03","PH","Central Visayas","PH","Central Luzon","J&T","22012","15373.07","60100.64"
"2026-01-03","MY","Kuala Lumpur","MY","Johor","Ninja Van","9907","7197.24","5241.38"
"2026-01-03","PH","West Visayas","PH","Calabarzon","Ninja Van","29583","17938.34","62046.12"
"2026-01-03","MY","Perak","MY","Johor","Pos Malaysia","23876","17783.24","77054.59"
"2026-01-03","TH","BKK","TH","Khon Kaen","Kerry Express","10204","9344.56","26480.68"
"2026-01-03","MY","Kedah","MY","Negeri Sembilan","J&T","14563","11329.45","33446.66"
"2026-01-03","ID","Riau","ID","East Java","SiCepat","30279","24226.8","260257.65"
"2026-01-03","PH","Central Luzon","PH","SOCCSKSARGEN","2GO Express","29532","22831.79","118763.81"
"2026-01-03","PH","Bicol Region","PH","Central Visayas","J&T","17299","12049.32","40390.08"
"2026-01-03","TH","Surat Thani","TH","Songkhla","Kerry Express","16173","14588.29","42101.55"
"2026-01-03","PH","Northern Mindanao","PH","NCR","2GO Express","18825","12830.33","71778.83"
"2026-01-03","PH","Central Visayas","PH","NCR","DHL","15766","9301.0","41410.21"
"2026-01-03","MY","Penang","MY","Johor","Pos Malaysia","19249","14443.33","59855.09"
"2026-01-03","ID","North Sumatra","ID","East Java","J&T","33737","25078.69","256379.7"
"2026-01-03","MY","Pahang","MY","Perak","Ninja Van","18985","15095.46","37324.38"
"2026-01-03","MY","Selangor","MY","Kuala Lumpur","J&T","15779","10543.6","16308.3"
"2026-01-03","PH","SOCCSKSARGEN","PH","Ilocos Region","LBC Express","27571","25813.06","188233.12"
"2026-01-03","ID","Jakarta","ID","Central Java","J&T","26998","18875.09","56728.35"
"2026-01-03","PH","West Visayas","PH","Northern Mindanao","J&T","9810","8201.55","19467.85"
"2026-01-03","TH","Nonthaburi","TH","BKK","J&T","8264","4600.46","8267.91"
"2026-01-03","TH","Songkhla","TH","Phuket","J&T","24191","14534.96","46249.93"
"2026-01-03","PH","Uknown","PH","Uknown","DHL","24483","14997.94","111432.78"
"2026-01-03","ID","Banten","ID","East Java","Pos Indonesia","12696","10019.13","38848.79"
"2026-01-03","TH","Phuket","TH","Korat","J&T","15898","9612.69","53229.67"
"2026-01-03","MY","Uknown","MY","Kuala Lumpur","Pos Malaysia","30260","21909.51","175749.64"
"2026-01-03","MY","Sarawak","MY","Kuala Lumpur","Pos Malaysia","21865","15459.84","110720.62"
"2026-01-03","ID","Banten","ID","West Java","DHL","13130","7423.61","18887.13"
"2026-01-03","TH","Nakhon Sawan","TH","Chonburi","Ninja Van","20248","13067.36","45625.5"
"2026-01-03","MY","Johor","MY","Penang","Pos Malaysia","28426","21006.62","90047.34"
"2026-01-03","MY","Johor","MY","Sarawak","Ninja Van","29070","22070.43","88060.49"
"2026-01-03","ID","South Sulawesi","ID","South Sulawesi","Pos Indonesia","30489","24791.57","37616.48"
"2026-01-03","MY","Kedah","MY","Penang","Pos Malaysia","12886","10115.47","22231.51"
"2026-01-03","ID","South Sulawesi","ID","East Java","Pos Indonesia","11368","8902.32","41527.94"
"2026-01-03","MY","Kedah","MY","Perak","Pos Malaysia","28030","25121.32","61196.41"
"2026-01-03","TH","Khon Kaen","TH","BKK","Ninja Van","18030","10205.0","42586.09"
"2026-01-03","TH","Khon Kaen","TH","Songkhla","Ninja Van","22633","17836.25","103801.18"
"2026-01-03","ID","Bali","ID","Central Java","Pos Indonesia","31123","23151.54","90057.42"
"2026-01-03","TH","Korat","TH","Songkhla","Ninja Van","15221","12567.55","51292.86"
"2026-01-03","ID","South Sulawesi","ID","Central Java","Pos Indonesia","24083","17733.56","115354.16"
"2026-01-03","PH","Northern Mindanao","PH","Ilocos Region","DHL","13841","13248.01","64743.8"
"2026-01-03","TH","Chiang Mai","TH","Korat","Ninja Van","21244","13666.06","61723.03"
"2026-01-03","TH","Phuket","TH","Chonburi","Kerry Express","8546","5529.14","31052.15"
"2026-01-03","PH","Bicol Region","PH","","2GO Express","16236","9650.19","82393.18"
"2026-01-03","ID","South Sulawesi","ID","Banten","Pos Indonesia","18188","12510.15","114431.29"
"2026-01-03","MY","Johor","MY","Sabah","DHL","25053","19067.24","132148.12"
"2026-01-03","PH","NCR","PH","SOCCSKSARGEN","Ninja Van","26062","19835.59","99144.66"
"2026-01-03","TH","Khon Kaen","TH","Phuket","Kerry Express","12224","8091.49","71348.5"
"2026-01-03","MY","Pahang","MY","Sarawak","J&T","22333","17853.95","79382.84"
"2026-01-03","ID","Riau","ID","Banten","Ninja Van","29220","21305.03","128883.96"
"2026-01-03","MY","Perak","MY","Kuala Lumpur","J&T","17944","12292.67","30486.88"
"2026-01-03","ID","East Java","ID","Jakarta","Pos Indonesia","11594","7824.48","33429.72"
"2026-01-03","PH","Unknown","PH","SOCCSKSARGEN","DHL","11732","8593.37","52156.87"
"2026-01-03","MY","Kuala Lumpur","MY","Pahang","Ninja Van","7615","5754.64","11033.32"
"2026-01-03","MY","Sarawak","MY","Kedah","Ninja Van","15412","14224.11","75003.73"
"2026-01-03","ID","Jakarta","ID","South Sulawesi","SiCepat","29921","25036.16","197545.61"
"2026-01-03","PH","SOCCSKSARGEN","PH","Central Luzon","2GO Express","13782","9944.33","67622.87"
"2026-01-03","MY","Sarawak","MY","Pahang","J&T","27583","19870.86","100413.65"
"2026-01-03","TH","Surat Thani","TH","Chonburi","J&T","22881","14725.76","66762.76"
"2026-01-03","MY","Sabah","MY","Penang","J&T","25698","17900.17","195722.36"
"2026-01-03","ID","North Sumatra","ID","West Java","Pos Indonesia","31598","19960.64","201989.83"
"2026-01-03","ID","Bali","ID","East Java","Pos Indonesia","7760","6254.61","16499.87"
"2026-01-03","TH","Chonburi","TH","Khon Kaen","Kerry Express","11055","10343.52","29850.31"
"2026-01-03","ID","Central Java","ID","Banten","Pos Indonesia","32684","23168.83","77631.68"
"2026-01-03","ID","West Java","ID","West Java","J&T","27336","16604.84","28503.92"
"2026-01-03","TH","Chiang Mai","TH","Nakhon Sawan","Kerry Express","22690","17627.0","62911.3"
"2026-01-03","TH","Nonthaburi","TH","Nonthaburi","Ninja Van","20510","13591.13","23637.75"
"2026-01-03","MY","Negeri Sembilan","MY","Perak","J&T","26730","20782.34","51607.4"
"2026-01-03","TH","Korat","TH","Khon Kaen","Ninja Van","8966","8392.2","13660.82"
"2026-01-03","ID","Bali","ID","South Sulawesi","Ninja Van","24791","21721.75","78870.35"
"2026-01-03","TH","Nakhon Sawan","TH","Songkhla","Kerry Express","25754","21957.35","148632.54"
"2026-01-03","MY","Kuala Lumpur","MY","Sabah","J&T","21582","17656.02","113790.47"
"2026-01-03","MY","Kedah","MY","Selangor","Ninja Van","18350","12806.53","41456.66"
"2026-01-03","PH","Calabarzon","PH","NCR","DHL","16600","10215.94","18747.91"
"2026-01-03","TH","Chiang Mai","TH","BKK","Kerry Express","23166","13891.34","87682.88"
"2026-01-03","PH","Ilocos Region","PH","Central Visayas","Ninja Van","15861","12418.6","57888.63"
"2026-01-03","ID","Uknown","ID","Unknown","Pos Indonesia","23648","15735.15","109778.63"
"2026-01-03","TH","Chonburi","TH","Phuket","Kerry Express","7351","5052.14","26439.28"
"2026-01-03","TH","Chiang Mai","TH","Khon Kaen","J&T","24630","21189.31","67341.24"
"2026-01-03","ID","Riau","ID","North Sumatra","SiCepat","25313","17695.15","90804.53"
"2026-01-03","PH","Northern Mindanao","PH","Northern Mindanao","2GO Express","12014","10679.56","15542.86"
"2026-01-03","MY","Johor","MY","Selangor","FedEx","10456","6356.65","18724.17"
"2026-01-03","MY","Selangor","MY","Sabah","J&T","25397","21204.79","136769.21"
"2026-01-03","MY","Kedah","MY","Kuala Lumpur","Ninja Van","29194","20376.99","67426.59"
"2026-01-03","PH","Central Visayas","PH","SOCCSKSARGEN","Ninja Van","28011","19702.19","61018.68"
"2026-01-03","PH","West Visayas","PH","SOCCSKSARGEN","J&T","30426","22255.38","73808.52"
"2026-01-03","TH","Nonthaburi","TH","Surat Thani","Ninja Van","21873","18112.88","52211.13"
"2026-01-03","ID","North Sumatra","ID","Bali","Ninja Van","32117","25173.21","288636.1"
"2026-01-03","TH","Korat","TH","Nonthaburi","DHL","26911","17364.0","43726.7"
"2026-01-03","ID","West Java","ID","North Sumatra","Ninja Van","25842","18933.32","136420.71"
"2026-01-03","TH","Nonthaburi","TH","Uknown","Ninja Van","20698","13336.19","94965.76"
"2026-01-03","PH","Central Luzon","PH","Northern Mindanao","J&T","8873","7177.23","29849.38"
"2026-01-03","TH","Chiang Mai","TH","Chiang Mai","J&T","15564","12783.38","18525.05"
"2026-01-03","PH","Bicol Region","PH","SOCCSKSARGEN","DHL","23868","16588.95","86825.17"
"2026-01-03","MY","Penang","MY","Penang","J&T","19524","13971.91","22095.54"
"2026-01-03","PH","Bicol Region","PH","NCR","Ninja Van","9240","5586.06","19572.26"
"2026-01-03","TH","Nonthaburi","TH","Korat","FedEx","12733","8015.78","20658.96"
"2026-01-03","MY","Penang","MY","Sarawak","J&T","20579","15862.64","90191.83"
"2026-01-03","TH","Nonthaburi","TH","Chonburi","J&T","17144","10675.45","20335.87"
"2026-01-03","ID","North Sumatra","ID","North Sumatra","Ninja Van","25164","18061.28","33653.79"
"2026-01-03","MY","Pahang","MY","Negeri Sembilan","Ninja Van","18752","14103.08","30595.83"
"2026-01-03","ID","Banten","ID","Banten","J&T","25533","16983.0","28144.17"
"2026-01-03","TH","Phuket","TH","Phuket","Ninja Van","23553","14128.99","25062.88"
"2026-01-03","ID","East Java","ID","Riau","SiCepat","12419","9774.13","85131.23"
"2026-01-03","PH","Calabarzon","PH","Central Luzon","DHL","22300","16065.47","28233.55"
"2026-01-03","PH","Northern Mindanao","PH","Calabarzon","J&T","29495","17661.33","107830.45"
"2026-01-03","TH","Chonburi","TH","BKK","Ninja Van","10361","5802.83","12346.78"
"2026-01-03","PH","West Visayas","PH","Central Luzon","J&T","29163","20844.47","73108.31"
"2026-01-03","TH","Surat Thani","TH","Nonthaburi","Kerry Express","14340","10569.53","52152.35"
"2026-01-03","MY","Pahang","MY","Selangor","Ninja Van","12830","8673.52","21934.97"
"2026-01-03","PH","Ilocos Region","PH","Bicol Region","2GO Express","18538","16492.34","49603.6"
"2026-01-03","PH","NCR","PH","West Visayas","DHL","25467","15381.37","59023.29"
"2026-01-03","PH","Calabarzon","PH","Northern Mindanao","LBC Express","27861","26069.4","105275.96"
"2026-01-03","PH","NCR","PH","Central Luzon","J&T","31691","22774.69","37475.91"
"2026-01-03","MY","Sarawak","MY","Penang","FedEx","25200","16005.18","124397.1"
"2026-01-03","MY","Kuala Lumpur","MY","Negeri Sembilan","J&T","18249","13078.73","20306.52"
"2026-01-03","TH","BKK","TH","Nonthaburi","J&T","29992","19454.2","30722.93"
"2026-01-03","TH","Nakhon Sawan","TH","Nakhon Sawan","Kerry Express","13350","10370.84","20747.4"
"2026-01-03","TH","Phuket","TH","BKK","DHL","23169","12585.36","65311.56"
"2026-01-03","MY","Perak","MY","Selangor","J&T","16359","10970.84","27845.42"
"2026-01-03","TH","Nakhon Sawan","TH","Khon Kaen","Ninja Van","17355","15646.29","38638.01"
"2026-01-03","ID","Riau","ID","Jakarta","Ninja Van","19366","12894.56","259119.06"
"2026-01-03","TH","Surat Thani","TH","BKK","Ninja Van","13866","8080.14","42244.16"
"2026-01-03","TH","Korat","TH","BKK","J&T","16157","8907.24","25827.13"
"2026-01-03","ID","Jakarta","ID","North Sumatra","J&T","15440","11237.65","75050.4"
"2026-01-03","PH","Central Luzon","PH","Bicol Region","2GO Express","21529","19071.36","40402.21"
"2026-01-03","TH","Khon Kaen","TH","Chiang Mai","Ninja Van","24592","20713.09","66331.07"
"2026-01-03","PH","Unknown","PH","Ilocos Region","Ninja Van","20641","18909.12","94612.83"
"2026-01-03","TH","Khon Kaen","TH","Korat","Ninja Van","23626","15576.65","40312.93"
"2026-01-03","ID","Jakarta","ID","Banten","SiCepat","27034","19058.15","40256.41"
"2026-01-03","PH","Northern Mindanao","PH","Central Luzon","LBC Express","27375","21202.83","150596.26"
"2026-01-03","PH","Calabarzon","PH","West Visayas","2GO Express","21136","13099.3","43580.48"
"2026-01-03","PH","SOCCSKSARGEN","PH","Northern Mindanao","Ninja Van","9905","8041.8","19032.19"
"2026-01-03","PH","West Visayas","PH","Ilocos Region","2GO Express","15429","14738.62","41005.63"
"2026-01-03","ID","South Sulawesi","ID","West Java","DHL","9967","5635.82","57769.35"
"2026-01-03","TH","Khon Kaen","TH","Chonburi","J&T","24752","15251.71","61764.75"
"2026-01-03","ID","East Java","ID","Banten","Pos Indonesia","23458","17297.06","72680.66"
"2026-01-03","PH","Northern Mindanao","PH","West Visayas","2GO Express","13050","8027.35","29893.01"
"2026-01-03","PH","SOCCSKSARGEN","PH","West Visayas","LBC Express","26061","15925.59","102728.0"
"2026-01-03","TH","Nonthaburi","TH","Nakhon Sawan","Kerry Express","16154","12675.91","30799.17"
"2026-01-03","ID","East Java","ID","Central Java","Pos Indonesia","11937","8554.06","19297.96"
"2026-01-03","ID","Banten","ID","Jakarta","Pos Indonesia","29410","18936.09","35136.67"
"2026-01-03","ID","South Sulawesi","ID","North Sumatra","DHL","11752","7630.02","113765.55"
"2026-01-03","MY","Negeri Sembilan","MY","Kedah","Pos Malaysia","9406","9356.16","30389.67"
"2026-01-03","TH","BKK","TH","Chonburi","J&T","15529","9367.83","18048.86"
"2026-01-03","TH","Korat","TH","Surat Thani","J&T","13860","11499.1","42129.12"
"2026-01-03","TH","Korat","TH","Phuket","Ninja Van","10515","6596.78","36952.04"
"2026-01-03","ID","Riau","ID","West Java","Ninja Van","8211","5233.29","40491.04"
"2026-01-03","PH","SOCCSKSARGEN","PH","NCR","DHL","26105","15434.57","125484.84"
"2026-01-03","TH","Songkhla","TH","BKK","DHL","12002","6455.67","39746.71"
"2026-01-03","TH","Korat","TH","Korat","Ninja Van","13522","8788.81","15464.58"
"2026-01-03","PH","NCR","PH","Central Visayas","DHL","19931","14078.69","50721.8"
"2026-01-03","MY","Sabah","MY","Kuala Lumpur","Pos Malaysia","18647","13372.36","154394.94"
"2026-01-03","ID","West Java","ID","Riau","Pos Indonesia","25625","20633.26","106654.77"
"2026-01-03","MY","Negeri Sembilan","MY","Pahang","Pos Malaysia","17478","13123.3","40706.1"
"2026-01-03","MY","Sabah","MY","Pahang","Pos Malaysia","20901","15956.17","165208.28"
"2026-01-03","PH","Central Visayas","PH","Northern Mindanao","Ninja Van","18104","14739.83","29169.2"
"2026-01-03","MY","Negeri Sembilan","MY","Penang","J&T","25747","17754.18","62484.4"
"2026-01-03","TH","Khon Kaen","TH","Nonthaburi","DHL","21248","13581.62","50963.61"
"2026-01-03","PH","Central Visayas","PH","Bicol Region","LBC Express","20580","18249.46","52772.55"
"2026-01-03","PH","Ilocos Region","PH","SOCCSKSARGEN","LBC Express","24586","19069.9","162222.23"
"2026-01-03","TH","Khon Kaen","TH","Nakhon Sawan","Ninja Van","7642","5637.6","16637.57"
"2026-01-03","ID","Banten","ID","North Sumatra","Pos Indonesia","11481","8043.91","55566.06"
"2026-01-03","PH","Central Visayas","PH","Central Visayas","LBC Express","13525","10380.45","17758.83"
"2026-01-03","ID","Jakarta","ID","Jakarta","Pos Indonesia","32714","22556.49","34452.77"
"2026-01-03","MY","Sarawak","MY","Sabah","J&T","27898","23145.51","105713.48"
"2026-01-03","ID","Riau","ID","Bali","Pos Indonesia","19472","15617.72","148343.74"
"2026-01-03","PH","Ilocos Region","PH","Calabarzon","LBC Express","13402","8518.2","31189.73"
"2026-01-03","TH","Chonburi","TH","Nonthaburi","J&T","17674","11312.85","20437.22"
"2026-01-03","MY","Negeri Sembilan","MY","Selangor","Pos Malaysia","10073","7352.22","17351.94"
"2026-01-03","ID","Banten","ID","Bali","J&T","22727","17578.57","84668.91"
"2026-01-03","TH","BKK","TH","Songkhla","Kerry Express","18956","15884.02","70135.31"
"2026-01-03","PH","Bicol Region","PH","Calabarzon","LBC Express","18715","11602.91","47936.32"
"2026-01-03","PH","Central Luzon","PH","Central Visayas","LBC Express","14086","10849.56","47384.25"
"2026-01-03","MY","Johor","MY","Negeri Sembilan","J&T","26996","19386.62","43791.8"
"2026-01-03","TH","BKK","TH","Chiang Mai","Kerry Express","17876","16064.57","55760.06"
"2026-01-03","TH","Phuket","TH","Khon Kaen","Kerry Express","19839","17796.73","97456.37"
"2026-01-03","TH","Songkhla","TH","Surat Thani","Kerry Express","14958","12770.64","34747.0"
"2026-01-03","TH","Nakhon Sawan","TH","Chiang Mai","Kerry Express","18196","16246.74","53645.38"
"2026-01-03","TH","BKK","TH","Phuket","J&T","28919","17541.59","88275.9"
"2026-01-03","ID","Bali","ID","West Java","J&T","7838","4919.28","29770.39"
"2026-01-03","ID","West Java","ID","Banten","SiCepat","19129","13315.36","35816.94"
"2026-01-03","ID","Central Java","ID","East Java","Pos Indonesia","36502","28407.32","64132.74"
"2026-01-03","TH","Songkhla","TH","Korat","Kerry Express","20399","13732.81","97420.79"
"2026-01-04","MY","Negeri Sembilan","MY","Kedah","Pos Malaysia","18785","17221.43","60485.83"
"2026-01-04","PH",,"PH","Uknown","J&T","25755","17551.07","118962.13"
"2026-01-04","PH","Central Visayas","PH","Central Visayas","2GO Express","27109","19388.1","27113.78"
"2026-01-04","ID","Banten","ID","West Java","J&T","20050","11782.18","29913.19"
"2026-01-04","PH","Calabarzon","PH","Ilocos Region","2GO Express","8061","7351.98","12674.25"
"2026-01-04","MY","Selangor","MY","Penang","Ninja Van","12258","8906.85","22869.03"
"2026-01-04","MY","Pahang","MY","Pahang","Pos Malaysia","21909","19054.24","33546.61"
"2026-01-04","TH","Khon Kaen","TH","Chiang Mai","Ninja Van","16750","14379.52","46050.86"
"2026-01-04","TH","Nonthaburi","TH","Phuket","J&T","23435","13838.14","67390.87"
"2026-01-04","ID","Banten","ID","Banten","DHL","8826","5407.48","9745.53"
"2026-01-04","PH","Central Luzon","PH","SOCCSKSARGEN","LBC Express","14091","11773.68","66285.32"
"2026-01-04","PH","Ilocos Region","PH","NCR","2GO Express","28252","19135.49","49643.43"
"2026-01-04","PH","Ilocos Region","PH","Bicol Region","Ninja Van","27012","23590.25","72384.02"
"2026-01-04","PH","SOCCSKSARGEN","PH","Calabarzon","DHL","10600","6346.11","49241.25"
"2026-01-04","TH","Songkhla","TH","Phuket","J&T","24334","14310.29","45400.59"
"2026-01-04","MY","Johor","MY","Selangor","Ninja Van","8026","5702.94","15086.52"
"2026-01-04","PH","West Visayas","PH","West Visayas","LBC Express","30018","19708.03","41655.56"
"2026-01-04","ID","Jakarta","ID","West Java","Pos Indonesia","33259","20512.34","43098.26"
"2026-01-04","PH","Central Luzon","PH","Central Visayas","Ninja Van","9217","6588.44","24695.36"
"2026-01-04","PH","Ilocos Region","PH","Ilocos Region","J&T","24684","21433.43","30150.93"
"2026-01-04","TH","Khon Kaen","TH","Phuket","J&T","21551","13146.01","95182.39"
"2026-01-04","PH","Bicol Region","PH","Calabarzon","J&T","24617","15258.37","50264.03"
"2026-01-04","MY","Sarawak","MY","Sarawak","FedEx","9343","7253.01","10571.2"
"2026-01-04","ID","Central Java","ID","Jakarta","Ninja Van","28709","17869.07","63368.97"
"2026-01-04","TH","Chonburi","TH","Chiang Mai","Kerry Express","21893","19956.8","79363.76"
"2026-01-04","TH","Chonburi","TH","Nonthaburi","Ninja Van","18805","11703.74","21107.9"
"2026-01-04","PH","Calabarzon","PH","NCR","2GO Express","17961","12394.16","19655.15"
"2026-01-04","MY","Sabah","MY","Kuala Lumpur","J&T","25088","18647.78","174172.14"
"2026-01-04","TH","Nakhon Sawan","TH","Nonthaburi","Ninja Van","25438","16127.47","46671.43"
"2026-01-04","TH","Songkhla","TH","Chonburi","Kerry Express","23297","16545.6","89598.39"
"2026-01-04","MY","Pahang","MY","Sarawak","Pos Malaysia","26446","24531.23","123659.47"
"2026-01-04","ID","South Sulawesi","ID","South Sulawesi","Pos Indonesia","24480","19897.23","31579.3"
"2026-01-04","PH","Bicol Region","PH","NCR","Ninja Van","23834","15204.88","49476.34"
"2026-01-04","TH","Chonburi","TH","BKK","J&T","11690","6931.46","13233.14"
"2026-01-04","TH","Korat","TH","Phuket","J&T","26263","16317.91","87407.25"
"2026-01-04","MY","Pahang","MY","Penang","Pos Malaysia","26059","19487.03","75004.92"
"2026-01-04","MY","Perak","MY","Kuala Lumpur","J&T","19138","14217.79","30198.71"
"2026-01-04","TH","Chonburi","TH","Khon Kaen","FedEx","18426","16098.02","40152.85"
"2026-01-04","TH","BKK","TH","Phuket","Kerry Express","15728","9886.73","57352.39"
"2026-01-04","TH","Chonburi","TH","Phuket","Kerry Express","21441","14515.85","79956.91"
"2026-01-04","TH","Surat Thani","TH","Phuket","Ninja Van","7666","4784.81","12898.82"
"2026-01-04","ID","Bali","ID","Riau","DHL","20447","15930.94","142207.34"
"2026-01-04","ID","Bali","ID","South Sulawesi","Pos Indonesia","15250","13351.6","48377.93"
"2026-01-04","TH","Phuket","TH","Chiang Mai","Ninja Van","10844","9074.38","47921.05"
"2026-01-04","PH","Ilocos Region","PH","SOCCSKSARGEN","LBC Express","16264","13266.45","108679.99"
"2026-01-04","MY","Sarawak","MY","Kuala Lumpur","J&T","17411","13189.49","70050.53"
"2026-01-04","TH","Chonburi","TH","Korat","Ninja Van","17494","10525.0","26251.14"
"2026-01-04","MY","Selangor","MY","Sabah","Ninja Van","18920","16225.11","103782.06"
"2026-01-04","PH","West Visayas","PH","Ilocos Region","Ninja Van","11096","10413.26","31349.1"
"2026-01-04","ID","Bali","ID","Central Java","J&T","15598","11935.27","46244.11"
"2026-01-04","TH","Surat Thani","TH","Surat Thani","Kerry Express","11202","8944.97","19162.7"
"2026-01-04","MY","Pahang","MY","Johor","Pos Malaysia","18393","13514.2","42147.16"
"2026-01-04","PH","Northern Mindanao","PH","Ilocos Region","J&T","26988","23352.54","124916.36"
"2026-01-04","PH","Bicol Region","PH","West Visayas","Ninja Van","27705","16631.96","58033.8"
"2026-01-04","MY","Selangor","MY","Kuala Lumpur","J&T","9896","7476.4","10570.79"
"2026-01-04","PH","Central Visayas","PH","Calabarzon","LBC Express","11956","7766.1","38686.98"
"2026-01-04","TH","Korat","TH","Khon Kaen","Kerry Express","11783","11196.02","21525.53"
"2026-01-04","ID","Jakarta","ID","Banten","SiCepat","23818","15722.65","36838.42"
"2026-01-04","MY","Johor","MY","Johor","DHL","20166","12730.64","21837.02"
"2026-01-04","TH","Khon Kaen","TH","Nonthaburi","Ninja Van","11010","7075.82","25804.28"
"2026-01-04","TH","Nonthaburi","TH","Nakhon Sawan","J&T","24503","18239.01","37009.81"
"2026-01-04","MY","Negeri Sembilan","MY","Kuala Lumpur","Pos Malaysia","22285","17386.63","36315.44"
"2026-01-04","ID","Jakarta","ID","North Sumatra","J&T","27965","22665.39","131786.34"
"2026-01-04","TH","Songkhla","TH","BKK","Kerry Express","8814","5434.36","35553.28"
"2026-01-04","MY","Pahang","MY","Selangor","Ninja Van","10384","7608.71","18716.7"
"2026-01-04","MY","Johor","MY","Negeri Sembilan","Pos Malaysia","27479","22122.44","59025.2"
"2026-01-04","TH","Songkhla","TH","Songkhla","J&T","17641","13984.66","20621.69"
"2026-01-04","PH","Calabarzon","PH","Northern Mindanao","J&T","11060","8388.08","32853.34"
"2026-01-04","TH","BKK","TH","BKK","DHL","11381","6539.85","11612.1"
"2026-01-04","PH","Northern Mindanao","PH","Calabarzon","2GO Express","14930","10006.87","54970.75"
"2026-01-04","ID","East Java","ID","East Java","J&T","31307","22520.98","31544.46"
"2026-01-04","PH","SOCCSKSARGEN","PH","NCR","J&T","10851","6705.1","51829.41"
"2026-01-04","PH","West Visayas","PH","SOCCSKSARGEN","Ninja Van","13102","10243.01","32093.84"
"2026-01-04","MY","Johor","MY","Sarawak","J&T","27240","24319.79","85872.22"
"2026-01-04","ID","Jakarta","ID","Riau","Pos Indonesia","22971","19622.2","82557.57"
"2026-01-04","TH","Khon Kaen","TH","BKK","FedEx","11282","6545.86","26389.2"
"2026-01-04","TH","Songkhla","TH","Khon Kaen","Kerry Express","23375","22340.95","130632.43"
"2026-01-04","PH","Northern Mindanao","PH","SOCCSKSARGEN","Ninja Van","16535","12906.71","32057.97"
"2026-01-04","MY","Kuala Lumpur","MY","Pahang","Pos Malaysia","25413","21421.02","49504.29"
"2026-01-04","PH","Central Luzon","PH","Bicol Region","J&T","17956","15190.71","34442.41"
"2026-01-04","MY","Kedah","MY","Selangor","Pos Malaysia","20192","15394.02","55958.35"
"2026-01-04","MY","Pahang","MY","Kedah","Pos Malaysia","25392","23626.14","76042.77"
"2026-01-04","TH","Surat Thani","TH","Chiang Mai","Kerry Express","22227","21051.43","129224.09"
"2026-01-04","PH","Central Luzon","PH","Central Luzon","LBC Express","30651","23015.68","42130.46"
"2026-01-04","PH","NCR","PH","NCR","2GO Express","33524","22444.12","33566.64"
"2026-01-04","MY","Kedah","MY","Johor","J&T","18579","13217.05","55497.15"
"2026-01-04","MY","Kedah","MY","Sarawak","Ninja Van","19253","17218.66","97020.96"
"2026-01-04","MY","Kedah","MY","Kedah","Pos Malaysia","11361","11199.32","17733.22"
"2026-01-04","ID","North Sumatra","ID","Riau","Pos Indonesia","27954","21998.46","77571.25"
"2026-01-04","TH","Chiang Mai","TH","Nakhon Sawan","J&T","25215","19380.49","57175.65"
"2026-01-04","ID","Bali","ID","North Sumatra","Pos Indonesia","28241","23921.0","233630.95"
"2026-01-04","TH","BKK","TH","Nonthaburi","Kerry Express","25474","16309.55","33203.42"
"2026-01-04","TH","Surat Thani","TH","Chonburi","Kerry Express","26930","19281.47","99918.07"
"2026-01-04","TH","BKK","TH","Khon Kaen","J&T","29130","24623.75","59825.43"
"2026-01-04","MY","Sarawak","MY","Pahang","Ninja Van","10114","8179.61","36981.2"
"2026-01-04","ID","South Sulawesi","ID","Banten","Pos Indonesia","28388","19083.67","174666.42"
"2026-01-04","MY","Kuala Lumpur","MY","Sarawak","Pos Malaysia","15838","14097.26","74591.14"
"2026-01-04","PH","West Visayas","PH","Northern Mindanao","DHL","10722","8119.53","21208.58"
"2026-01-04","TH","Chiang Mai","TH","Songkhla","Kerry Express","17753","14688.34","124062.25"
"2026-01-04","MY","Kuala Lumpur","MY","Selangor","J&T","23261","15879.36","24717.43"
"2026-01-04","ID","Jakarta","ID","South Sulawesi","Pos Indonesia","17926","14915.83","86372.98"
"2026-01-04","ID","Central Java","ID","Banten","Pos Indonesia","13318","8759.35","31184.53"
"2026-01-04","TH","Nakhon Sawan","TH","BKK","J&T","20415","12230.19","41572.08"
"2026-01-04","ID","Central Java","ID","South Sulawesi","Pos Indonesia","15869","13333.98","59314.27"
"2026-01-04","ID","Riau","ID","Jakarta","Pos Indonesia","10351","6649.24","47668.88"
"2026-01-04","MY","Negeri Sembilan","MY","Sabah","Pos Malaysia","22204","20068.18","185480.35"
"2026-01-04","PH","Calabarzon","PH","Central Luzon","LBC Express","25611","19427.92","41826.18"
"2026-01-04","TH","Uknown","TH","BKK","Kerry Express","0","0.0","0.0"
"2026-01-04","ID","Bali","ID","East Java","Pos Indonesia","28732","21733.65","60071.17"
"2026-01-04","MY","Selangor","MY","Perak","J&T","21526","18997.19","31455.46"
"2026-01-04","TH","Surat Thani","TH","BKK","J&T","20195","11958.43","61329.58"
"2026-01-04","MY","Kuala Lumpur","MY","Negeri Sembilan","FedEx","26055","18749.64","29155.63"
"2026-01-04","PH","Central Luzon","PH","NCR","DHL","24588","15965.28","27952.46"
"2026-01-04","TH","Phuket","TH","Phuket","Kerry Express","17111","10684.41","22565.66"
"2026-01-04","MY","Kuala Lumpur","MY","Kedah","Pos Malaysia","10943","10060.9","28088.96"
"2026-01-04","PH","Northern Mindanao","PH","Central Luzon","DHL","29708","21019.08","122384.48"
"2026-01-04","ID","West Java","ID","Central Java","Pos Indonesia","32886","25335.24","63276.9"
"2026-01-04","PH","SOCCSKSARGEN","PH","Northern Mindanao","LBC Express","28644","22388.17","74037.01"
"2026-01-04","TH","Chiang Mai","TH","Nonthaburi","Kerry Express","25998","17215.05","93278.54"
"2026-01-04","TH","Phuket","TH","Korat","FedEx","11832","6689.37","41244.99"
"2026-01-04","TH","Nakhon Sawan","TH","Chiang Mai","Ninja Van","12517","10938.27","31505.78"
"2026-01-04","PH","NCR","PH","Bicol Region","J&T","15198","12404.02","28362.16"
"2026-01-04","MY","Perak","MY","Selangor","Ninja Van","16371","11908.42","26557.86"
"2026-01-04","MY","Selangor","MY","Selangor","FedEx","19832","13282.99","22760.25"
"2026-01-04","TH","Surat Thani","TH","Songkhla","Kerry Express","15408","13119.69","40308.22"
"2026-01-04","PH","SOCCSKSARGEN","PH","Central Luzon","DHL","11309","7539.43","53552.92"
"2026-01-04","PH","SOCCSKSARGEN","PH","West Visayas","J&T","24757","13905.74","73914.13"
"2026-01-04","MY","Penang","MY","Sarawak","Ninja Van","26332","23720.52","112227.26"
"2026-01-04","MY","Penang","MY","Negeri Sembilan","Ninja Van","7933","6233.28","14696.12"
"2026-01-04","MY","Kedah","MY","Perak","Pos Malaysia","16814","16429.13","33891.55"
"2026-01-04","MY","Penang","MY","Pahang","J&T","12642","10463.8","26647.89"
"2026-01-04","MY","Kedah","MY","Negeri Sembilan","Ninja Van","15208","12278.18","10396.45"
"2026-01-04","PH","NCR","PH","Calabarzon","Ninja Van","22988","15358.85","25420.02"
"2026-01-04","PH","NCR","PH","Central Visayas","2GO Express","32534","24576.79","85967.55"
"2026-01-04","MY","Negeri Sembilan","MY","Penang","Pos Malaysia","20902","15862.27","59109.09"
"2026-01-04","TH","Nakhon Sawan","TH","Korat","Kerry Express","24611","15919.88","62336.94"
"2026-01-04","PH","Calabarzon","PH","Calabarzon","LBC Express","12499","8897.12","17815.66"
"2026-01-04","PH","Central Visayas","PH","SOCCSKSARGEN","LBC Express","17313","13369.93","49178.0"
"2026-01-04","MY","Penang","MY","Selangor","Pos Malaysia","22274","16534.11","49960.2"
"2026-01-04","MY","Penang","MY","Kuala Lumpur","J&T","8650","6477.5","16085.32"
"2026-01-04","PH","Northern Mindanao","PH","Northern Mindanao","LBC Express","23307","19281.77","40318.31"
"2026-01-04","MY","Sabah","MY","Penang","Pos Malaysia","11607","8404.25","101265.42"
"2026-01-04","MY","Sabah","MY","Uknown","Pos Malaysia","18171","13704.97","121905.02"
"2026-01-04","TH","Chiang Mai","TH","Khon Kaen","Ninja Van","13409","11863.14","35304.18"
"2026-01-04","MY","Penang","MY","Penang","Pos Malaysia","7835","5885.0","10260.85"
"2026-01-04","MY","Negeri Sembilan","MY","Negeri Sembilan","J&T","26712","20602.64","32412.28"
"2026-01-04","ID","Riau","ID","West Java","J&T","30439","18190.15","141370.66"
"2026-01-04","ID","West Java","ID","Bali","Ninja Van","33035","25250.0","491219.58"
"2026-01-04","TH","Phuket","TH","Nonthaburi","Kerry Express","8541","5445.53","32869.02"
"2026-01-04","MY","Sabah","MY","Sabah","Pos Malaysia","9715","8789.67","15121.62"
"2026-01-04","ID","Uknown","ID","Bali","J&T","13173","9949.16","60620.65"
"2026-01-04","ID","Jakarta","ID","Jakarta","Pos Indonesia","16671","11073.78","17769.97"
"2026-01-04","ID","Central Java","ID","East Java","J&T","26543","18918.34","47124.8"
"2026-01-04","PH","Central Visayas","PH","Central Luzon","Ninja Van","30024","20634.37","84281.9"
"2026-01-04","TH","Nakhon Sawan","TH","Nakhon Sawan","Kerry Express","9815","8107.86","15912.84"
"2026-01-04","PH","Northern Mindanao","PH","Bicol Region","Ninja Van","12220","10339.68","37958.62"
"2026-01-04","MY","Negeri Sembilan","MY","Pahang","DHL","22981","17406.29","40973.56"
"2026-01-04","TH","Korat","TH","Chonburi","J&T","10697","7208.47","17419.9"
"2026-01-04","PH","Central Visayas","PH","Bicol Region","Ninja Van","18155","14772.33","35353.35"
"2026-01-04","PH","Central Luzon","PH","Ilocos Region","Ninja Van","11668","10325.76","15366.23"
"2026-01-04","PH","Bicol Region","PH","Central Visayas","Ninja Van","13307","9219.98","30126.66"
"2026-01-04","TH","Phuket","TH","Nakhon Sawan","J&T","9070","6624.07","31525.43"
"2026-01-04","TH","Phuket","TH","Chonburi","Kerry Express","14584","10118.75","49709.35"
"2026-01-04","PH","SOCCSKSARGEN","PH","Ilocos Region","DHL","23276","19469.05","127489.81"
"2026-01-04","TH","BKK","TH","Chonburi","Kerry Express","25979","17898.49","36050.0"
"2026-01-04","ID","Banten","ID","Central Java","SiCepat","28669","20293.8","84838.32"
"2026-01-04","TH","Khon Kaen","TH","Songkhla","DHL","27910","21168.15","132130.87"
"2026-01-04","ID","Banten","ID","Jakarta","J&T","23697","13981.29","27519.44"
"2026-01-04","PH","Calabarzon","PH","West Visayas","J&T","15250","8928.43","32772.64"
"2026-01-04","MY","Penang","MY","Johor","Ninja Van","26461","18844.08","67550.4"
"2026-01-04","MY","Sarawak","MY","Sabah","Pos Malaysia","10316","9087.55","46314.1"
"2026-01-04","TH","Surat Thani","TH","Nonthaburi","Ninja Van","22854","14544.67","68677.38"
"2026-01-04","TH","Surat Thani","TH","Nakhon Sawan","J&T","19659","14896.94","69256.08"
"2026-01-04","TH","Phuket","TH","BKK","Ninja Van","12032","7105.05","36159.72"
"2026-01-04","PH","Ilocos Region","PH","Central Luzon","LBC Express","23714","18316.28","49594.97"
"2026-01-04","TH","Songkhla","TH","Surat Thani","Ninja Van","24423","18503.49","46951.42"
"2026-01-04","TH","Korat","TH","Korat","J&T","22242","13211.76","23432.46"
"2026-01-04","ID","Banten","ID","East Java","J&T","8283","5876.58","25037.48"
"2026-01-04","PH","Ilocos Region","PH","Calabarzon","2GO Express","7738","5096.5","14215.76"
"2026-01-04","PH","Bicol Region","PH","Central Luzon","2GO Express","12113","8702.78","26365.29"
"2026-01-04","ID","West Java","ID","North Sumatra","Pos Indonesia","12188","9824.58","65772.9"
"2026-01-04","TH","Khon Kaen","TH","Nakhon Sawan","Kerry Express","19502","15896.19","51977.81"
"2026-01-04","ID","West Java","ID","Banten","SiCepat","25183","16107.18","50279.64"
"2026-01-04","PH","West Visayas","PH","Calabarzon","LBC Express","28968","19659.38","79718.28"
"2026-01-04","TH","Nakhon Sawan","TH","Surat Thani","Ninja Van","25207","19144.94","91259.57"
"2026-01-04","MY","Negeri Sembilan","MY","Selangor","FedEx","15225","10047.9","20958.78"
"2026-01-04","PH","Ilocos Region","PH","Northern Mindanao","2GO Express","14385","11442.62","63530.6"
"2026-01-04","PH","West Visayas","PH","Central Luzon","J&T","13592","9497.6","33426.61"
"2026-01-04","TH","BKK","TH","Nakhon Sawan","J&T","29117","22527.26","47790.17"
"2026-01-04","ID","North Sumatra","ID","East Java","J&T","31993","23432.86","251543.66"
"2026-01-04","ID","Unknown","ID","Uknown","Pos Indonesia","11348","8648.48","52675.96"
"2026-01-04","TH","Chonburi","TH","Songkhla","Ninja Van","23083","17938.99","65221.17"
"2026-01-04","ID","North Sumatra","ID","North Sumatra","Pos Indonesia","24422","19484.61","31374.08"
"2026-01-04","PH","Bicol Region","PH","Ilocos Region","LBC Express","11858","10587.79","37035.28"
"2026-01-04","ID","West Java","ID","Riau","J&T","8728","6900.75","34992.0"
"2026-01-04","MY","Kedah","MY","Kuala Lumpur","Pos Malaysia","17646","14768.03","48018.7"
"2026-01-04","PH","West Visayas","PH","Central Visayas","J&T","29711","20742.08","39967.32"
"2026-01-04","MY","Pahang","MY","Sabah","Ninja Van","22610","20112.12","125400.03"
"2026-01-04","PH","Central Luzon","PH","West Visayas","LBC Express","32565","20587.44","96839.32"
"2026-01-04","MY","Negeri Sembilan","MY","Perak","J&T","18134","16362.28","33901.42"
"2026-01-04","PH","NCR","PH","Central Luzon","2GO Express","29558","22248.84","31901.28"
"2026-01-04","MY","Johor","MY","Perak","Pos Malaysia","25655","23232.87","68797.71"
"2026-01-04","TH","Nonthaburi","TH","Khon Kaen","Kerry Express","13103","12693.9","31929.24"
"2026-01-04","MY","Selangor","MY","Johor","J&T","25587","17652.46","45475.92"
"2026-01-04","TH","Korat","TH","BKK","Ninja Van","29693","17759.23","44961.49"
"2026-01-04","ID","Central Java","ID","West Java","Pos Indonesia","34452","20596.14","61744.5"
"2026-01-04","TH","Chiang Mai","TH","Phuket","Ninja Van","24528","15317.42","126313.59"
"2026-01-04","ID","South Sulawesi","ID","Jakarta","Ninja Van","19458","11924.47","110060.66"
"2026-01-04","TH","BKK","TH","Korat","Ninja Van","22151","13276.87","35439.31"
"2026-01-04","MY","Perak","MY","Pahang","J&T","27566","23622.53","55410.91"
"2026-01-04","MY","Sabah","MY","Negeri Sembilan","Ninja Van","29927","23049.89","204707.95"
"2026-01-04","TH","Chiang Mai","TH","Unknown","Ninja Van","12850","8573.34","65976.66"
"2026-01-04","ID","Central Java","ID","Central Java","J&T","25416","18774.05","27875.64"
"2026-01-04","PH",,"PH","Unknown","2GO Express","16340","9703.46","74689.18"
"2026-01-04","ID","Banten","ID","Bali","Pos Indonesia","24324","18146.32","93254.15"
"2026-01-04","TH","Surat Thani","TH","Khon Kaen","J&T","7422","6706.17","31710.59"
"2026-01-04","TH","Nonthaburi","TH","Nonthaburi","J&T","24799","15134.1","28348.99"
"2026-01-04","MY","","MY","Penang","Ninja Van","18481","12938.11","80423.64"
"2026-01-04","TH","Korat","TH","Songkhla","Ninja Van","7664","6200.63","26928.27"
"2026-01-04","PH","Central Visayas","PH","Northern Mindanao","Ninja Van","23272","18102.11","35933.01"
"2026-01-04","MY","Selangor","MY","Sarawak","Pos Malaysia","29635","27308.53","140793.62"
"2026-01-04","ID","Unknown","ID",,"DHL","26707","16339.42","120188.2"
"2026-01-04","MY","Johor","MY","Penang","Ninja Van","19590","13917.01","48346.58"
"2026-01-04","PH","West Visayas","PH","Bicol Region","2GO Express","24054","20577.04","45465.5"
"2026-01-04","MY","Negeri Sembilan","MY","Sarawak","J&T","19912","17144.43","88726.39"
"2026-01-04","TH","Nonthaburi","TH","Surat Thani","J&T","18251","13189.02","43509.57"
"2026-01-04","MY","Johor","MY","Sabah","J&T","10631","8935.09","56278.38"
"2026-01-04","ID","South Sulawesi","ID","North Sumatra","J&T","28378","21732.47","264807.53"
"2026-01-04","PH","Bicol Region","PH","Northern Mindanao","LBC Express","28354","22213.24","109507.87"
"2026-01-04","ID","Riau","ID","South Sulawesi","Pos Indonesia","22915","20070.68","198136.75"
"2026-01-04","MY","Sabah","MY","Johor","Ninja Van","10610","7488.32","4801.48"
"2026-01-04","TH","BKK","TH","Chiang Mai","Ninja Van","18349","15433.9","49192.71"
"2026-01-04","MY","Kuala Lumpur","MY","Johor","Pos Malaysia","14443","10235.04","31427.18"
"2026-01-04","PH","NCR","PH","SOCCSKSARGEN","2GO Express","8967","7068.23","32957.23"
"2026-01-04","PH","Bicol Region","PH","SOCCSKSARGEN","Ninja Van","10167","7567.56","37798.1"
"2026-01-04","MY","Kuala Lumpur","MY","Kuala Lumpur","Pos Malaysia","27995","21522.25","36225.73"
"2026-01-04","TH","Nonthaburi","TH","Chonburi","Kerry Express","26426","18614.65","39111.85"
"2026-01-04","MY","Johor","MY","Kedah","Pos Malaysia","29497","26863.55","103772.45"
"2026-01-04","TH","Korat","TH","Nonthaburi","J&T","12290","7815.73","19381.04"
"2026-01-04","PH","SOCCSKSARGEN","PH","SOCCSKSARGEN","LBC Express","29523","22980.09","48465.98"
"2026-01-04","ID","North Sumatra","ID","Bali","SiCepat","14358","10310.45","157269.75"
"2026-01-04","TH","Nonthaburi","TH","Korat","J&T","25848","15665.75","40679.33"
"2026-01-04","TH","Chiang Mai","TH","Chiang Mai","J&T","16767","14510.75","20630.98"
"2026-01-04","TH","Chiang Mai","TH","Chonburi","Ninja Van","21669","15159.47","71611.86"
"2026-01-04","MY","Sabah","MY","Perak","J&T","15916","13992.26","112057.18"
"2026-01-04","MY","Sabah","MY","Selangor","Pos Malaysia","22722","16729.08","190005.16"
"2026-01-04","MY","Pahang","MY","Perak","DHL","20929","17239.72","37546.38"
"2026-01-04","ID","Jakarta","ID","Central Java","Ninja Van","27859","22618.58","58153.52"
"2026-01-04","ID","East Java","ID","Banten","Pos Indonesia","33883","22945.41","105689.64"
"2026-01-04","MY","Sarawak","MY","Penang","Pos Malaysia","10236","7262.18","62511.31"
"2026-01-04","ID","East Java","ID","Riau","SiCepat","30984","23237.12","209519.81"
"2026-01-04","ID","West Java","ID","South Sulawesi","J&T","18969","14894.27","85572.8"
"2026-01-04","MY","Perak","MY","Johor","J&T","8416","6237.57","21038.72"
"2026-01-04","TH","Chiang Mai","TH","Korat","Kerry Express","20471","13551.27","70851.14"
"2026-01-04","ID","West Java","ID","West Java","Pos Indonesia","32138","19228.47","34564.1"
"2026-01-04","TH","Nonthaburi","TH","Songkhla","Ninja Van","22823","17912.58","68201.01"
"2026-01-04","ID","Banten","ID","North Sumatra","Pos Indonesia","25917","21166.76","123899.57"
"2026-01-04","MY","Pahang","MY","Negeri Sembilan","Pos Malaysia","26074","21307.26","53035.58"
"2026-01-04","MY","Penang","MY","Perak","DHL","26908","22075.61","35244.88"
"2026-01-04","ID","East Java","ID","South Sulawesi","SiCepat","23579","18046.81","94829.75"
"2026-01-04","ID","Riau","ID","East Java","Pos Indonesia","13620","10188.63","86975.23"
"2026-01-04","ID","Riau","ID","Central Java","Pos Indonesia","28372","21701.61","167781.98"
"2026-01-04","PH","NCR","PH","West Visayas","J&T","22005","13155.95","47460.96"
"2026-01-04","MY","Sarawak","MY","Selangor","J&T","19923","14047.24","81882.1"
"2026-01-04","TH","Korat","TH","Surat Thani","Kerry Express","17817","14384.21","63558.99"
"2026-01-04","ID","North Sumatra","ID","Banten","Pos Indonesia","14864","9801.67","81008.53"
"2026-01-04","ID","North Sumatra","ID","West Java","Ninja Van","22870","14176.63","136094.04"
"2026-01-04","MY","Perak","MY","Penang","J&T","26353","18867.84","41263.46"
"2026-01-04","ID","Bali","ID","West Java","Pos Indonesia","9089","5563.1","36465.02"
"2026-01-04","PH","Central Visayas","PH","NCR","J&T","17587","10849.89","43739.77"
"2026-01-04","ID","Bali","ID","Banten","Pos Indonesia","30418","20602.28","135805.4"
"2026-01-04","PH","Northern Mindanao","PH","Central Visayas","LBC Express","12979","9981.27","33935.72"
"2026-01-04","MY","Perak","MY","Sabah","Pos Malaysia","11579","10515.7","93311.74"
"2026-01-04","MY","Johor","MY","Pahang","Pos Malaysia","9642","8085.3","21064.23"
"2026-01-04","MY","Sarawak","MY","Kedah","DHL","29037","23485.82","141468.48"
"2026-01-04","ID","Riau","ID","Bali","J&T","26727","20419.23","200091.88"
"2026-01-04","ID","South Sulawesi","ID","West Java","Pos Indonesia","26212","15688.32","148021.1"
"2026-01-04","MY","Kedah","MY","Penang","FedEx","23379","15640.0","31265.93"
"2026-01-04","MY","Sabah","MY","Pahang","J&T","20972","17104.39","123988.26"
"2026-01-04","TH","Songkhla","TH",,"Ninja Van","22344","12083.49","110784.03"
"2026-01-04","TH","Songkhla","TH","Korat","Ninja Van","15565","9269.6","58360.13"
"2026-01-04","ID","East Java","ID","Central Java","DHL","35622","24470.44","58604.98"
"2026-01-04","ID","Riau","ID","North Sumatra","Pos Indonesia","24240","19961.01","65865.59"
"2026-01-04","TH","Nakhon Sawan","TH","Songkhla","J&T","20286","15619.05","94265.85"
"2026-01-04","ID","East Java","ID","Jakarta","DHL","19947","11370.06","56686.38"
"2026-01-04","MY","Kuala Lumpur","MY","Sabah","Ninja Van","15722","13407.4","87396.8"
"2026-01-04","TH","Nakhon Sawan","TH","Chonburi","J&T","18186","12062.22","39900.99"
"2026-01-04","ID","South Sulawesi","ID","Riau","Pos Indonesia","23338","18258.21","199332.03"
"2026-01-04","TH","Korat","TH","Chiang Mai","Kerry Express","26236","24536.7","77869.84"
"2026-01-04","MY","Negeri Sembilan","MY","Johor","Pos Malaysia","20293","14441.94","47707.68"
"2026-01-04","TH","Khon Kaen","TH","Chonburi","J&T","11512","7553.94","26397.69"
"2026-01-04","TH","BKK","TH","Songkhla","Ninja Van","21910","17380.08","68434.93"
"2026-01-04","PH","SOCCSKSARGEN","PH","Central Visayas","J&T","10557","7073.39","27611.24"
"2026-01-04","PH","Bicol Region","PH","Bicol Region","LBC Express","10223","8793.93","15574.49"
"2026-01-04","PH","Central Luzon","PH","Northern Mindanao","2GO Express","15620","12815.59","53561.37"
"2026-01-04","TH","Khon Kaen","TH","Korat","Ninja Van","24857","15060.0","42316.57"
"2026-01-04","TH","Phuket","TH","Khon Kaen","J&T","14398","12278.04","57058.09"
"2026-01-04","TH","Nakhon Sawan","TH","Khon Kaen","Kerry Express","10456","10137.93","28333.23"
"2026-01-04","PH","Northern Mindanao","PH","NCR","J&T","27340","17754.73","105745.6"
"2026-01-04","ID","Riau","ID","Banten","Pos Indonesia","30832","21105.53","136086.74"
"2026-01-05","TH","Korat","TH","Chonburi","J&T","27197","17865.98","41263.68"
"2026-01-05","MY","Negeri Sembilan","MY","Sarawak","J&T","7150","5488.73","30033.86"
"2026-01-05","TH","Chonburi","TH","Nonthaburi","J&T","21439","13462.24","25814.18"
"2026-01-05","MY","Pahang","MY","Negeri Sembilan","Ninja Van","14136","11064.33","4571.48"
"2026-01-05","TH","BKK","TH","BKK","Ninja Van","28368","17465.71","29746.58"
"2026-01-05","TH","BKK","TH","Nakhon Sawan","Kerry Express","25868","19169.8","52911.12"
"2026-01-05","MY","Perak","MY","Selangor","Ninja Van","8109","5852.85","13884.02"
"2026-01-05","PH","Calabarzon","PH","Calabarzon","LBC Express","31024","20729.39","39615.98"
"2026-01-05","ID","Central Java","ID","South Sulawesi","Pos Indonesia","34485","27599.51","138093.68"
"2026-01-05","PH","Northern Mindanao","PH","West Visayas","J&T","25874","15154.63","63313.39"
"2026-01-05","TH","Chiang Mai","TH","Khon Kaen","Ninja Van","11017","9625.35","30553.55"
"2026-01-05","MY","Sarawak","MY","Penang","J&T","16368","11253.46","82316.2"
"2026-01-05","MY","Negeri Sembilan","MY","Selangor","Pos Malaysia","21231","15641.78","35821.85"
"2026-01-05","ID","Central Java","ID","Central Java","Pos Indonesia","30410","20005.18","32469.66"
"2026-01-05","MY","Pahang","MY","","Ninja Van","26227","17241.44","130417.71"
"2026-01-05","PH","Central Visayas","PH","Bicol Region","Ninja Van","28143","25302.87","52944.43"
"2026-01-05","TH","BKK","TH","Korat","Kerry Express","23448","14793.12","44491.18"
"2026-01-05","TH","Nakhon Sawan","TH","Chonburi","Ninja Van","25431","17331.45","55300.25"
"2026-01-05","PH","West Visayas","PH","Northern Mindanao","2GO Express","26824","20646.17","51996.73"
"2026-01-05","PH","Central Visayas","PH","Calabarzon","J&T","25765","14572.88","61490.84"
"2026-01-05","ID","Central Java","ID","East Java","Pos Indonesia","17716","13605.74","30756.04"
"2026-01-05","TH","BKK","TH","Chiang Mai","FedEx","29422","25778.9","73987.74"
"2026-01-05","PH","Central Visayas","PH","NCR","J&T","13462","8150.75","34103.56"
"2026-01-05","MY","Johor","MY","Kedah","Ninja Van","22786","18443.4","64059.04"
"2026-01-05","ID","Bali","ID","South Sulawesi","Ninja Van","28680","24606.7","87942.17"
"2026-01-05","TH","Korat","TH","Surat Thani","J&T","16024","12764.35","49969.93"
"2026-01-05","ID","Bali","ID","East Java","DHL","11571","8649.24","24713.75"
"2026-01-05","MY","Kuala Lumpur","MY","Sarawak","Ninja Van","20838","16230.83","74538.24"
"2026-01-05","ID","Bali","ID","Bali","Ninja Van","13695","11604.32","16780.39"
"2026-01-05","TH","Korat","TH","Phuket","Kerry Express","20554","14150.81","90986.21"
"2026-01-05","PH","SOCCSKSARGEN","PH","Central Luzon","J&T","24830","17801.92","119099.5"
"2026-01-05","TH","Nakhon Sawan","TH","Surat Thani","Ninja Van","17049","13886.57","64517.47"
"2026-01-05","ID","Central Java","ID","Jakarta","Ninja Van","20538","12833.9","45196.17"
"2026-01-05","PH","Ilocos Region","PH","SOCCSKSARGEN","2GO Express","11644","9254.16","57106.57"
"2026-01-05","ID","South Sulawesi","ID","West Java","Pos Indonesia","10654","6276.71","59738.85"
"2026-01-05","ID","Central Java","ID","West Java","Ninja Van","9271","5449.32","17486.89"
"2026-01-05","PH","Ilocos Region","PH","Ilocos Region","J&T","15804","12776.83","20840.13"
"2026-01-05","PH","Central Luzon","PH","Bicol Region","LBC Express","29261","28208.79","73569.14"
"2026-01-05","PH","Bicol Region","PH","Bicol Region","Ninja Van","12819","11534.09","16094.59"
"2026-01-05","PH","West Visayas","PH","Ilocos Region","J&T","18437","14893.3","51113.13"
"2026-01-05","MY","Kuala Lumpur","MY","Selangor","Pos Malaysia","19973","14999.52","26813.42"
"2026-01-05","TH","Chonburi","TH","Khon Kaen","Ninja Van","7602","6674.65","16097.29"
"2026-01-05","ID","South Sulawesi","ID","East Java","Pos Indonesia","16617","12435.94","62970.11"
"2026-01-05","MY","Pahang","MY","Kedah","J&T","9106","7325.58","22380.16"
"2026-01-05","ID","South Sulawesi","ID","Jakarta","Pos Indonesia","17791","10937.0","109579.09"
"2026-01-05","TH","Songkhla","TH","Khon Kaen","J&T","11652","10341.09","48945.82"
"2026-01-05","PH","West Visayas","PH","SOCCSKSARGEN","DHL","29871","22662.01","73940.22"
"2026-01-05","TH","Surat Thani","TH","Khon Kaen","Ninja Van","26363","23476.28","106035.55"
"2026-01-05","PH","Northern Mindanao","PH","Central Visayas","J&T","11204","7912.15","22143.18"
"2026-01-05","TH","Surat Thani","TH","Surat Thani","Kerry Express","24367","21433.69","38065.84"
"2026-01-05","ID","Riau","ID","North Sumatra","Pos Indonesia","24391","16982.78","68711.03"
"2026-01-05","TH","BKK","TH","Nonthaburi","J&T","16030","10249.19","16766.51"
"2026-01-05","PH","Bicol Region","PH","Central Visayas","2GO Express","19716","13976.52","44999.23"
"2026-01-05","PH","Bicol Region","PH","Ilocos Region","LBC Express","18267","15218.63","56089.56"
"2026-01-05","MY","Sarawak","MY","Kedah","DHL","17603","12860.93","86770.43"
"2026-01-05","TH","Khon Kaen","TH","Phuket","Kerry Express","23493","15872.74","134637.41"
"2026-01-05","MY","Negeri Sembilan","MY","Sabah","J&T","22198","17779.21","143609.57"
"2026-01-05","TH","Songkhla","TH","Songkhla","J&T","9364","7467.88","11409.73"
"2026-01-05","TH","Surat Thani","TH","Chiang Mai","Kerry Express","15830","15216.45","99417.71"
"2026-01-05","PH","Central Visayas","PH","Central Luzon","Ninja Van","25145","18213.33","69473.33"
"2026-01-05","PH","Central Luzon","PH","Central Luzon","LBC Express","26486","20839.67","36850.21"
"2026-01-05","MY","Selangor","MY","Sarawak","Pos Malaysia","28635","23600.43","131815.83"
"2026-01-05","TH","Chonburi","TH","Songkhla","Kerry Express","21583","19358.62","77219.74"
"2026-01-05","PH","Central Luzon","PH","Ilocos Region","2GO Express","12352","10490.8","15433.47"
"2026-01-05","ID","North Sumatra","ID","North Sumatra","Pos Indonesia","18319","12748.65","24080.18"
"2026-01-05","MY","Selangor","MY","Kuala Lumpur","Pos Malaysia","8616","6396.95","11125.02"
"2026-01-05","ID","North Sumatra","ID","Bali","Ninja Van","31131","24380.05","272136.12"
"2026-01-05","TH","Surat Thani","TH","Phuket","Kerry Express","14969","10306.19","31185.29"
"2026-01-05","PH","SOCCSKSARGEN","PH","West Visayas","Ninja Van","23265","12823.11","69053.52"
"2026-01-05","ID","Banten","ID","Central Java","Ninja Van","14586","9664.05","34107.07"
"2026-01-05","ID","North Sumatra","ID","Riau","DHL","18067","13695.42","47176.22"
"2026-01-05","PH","Central Luzon","PH","West Visayas","Ninja Van","9017","5145.72","22676.07"
"2026-01-05","TH","Chonburi","TH","Korat","J&T","10361","6134.56","16306.79"
"2026-01-05","TH","Chonburi","TH","Chiang Mai","DHL","14865","13342.09","41072.25"
"2026-01-05","TH","Nakhon Sawan","TH","Nonthaburi","J&T","20636","12979.84","40622.68"
"2026-01-05","MY","Kedah","MY","Negeri Sembilan","Ninja Van","7271","5992.92","17064.37"
"2026-01-05","PH","Calabarzon","PH","Ilocos Region","J&T","28859","23454.14","43048.24"
"2026-01-05","TH","Nonthaburi","TH","Chonburi","Kerry Express","15285","10950.48","23459.36"
"2026-01-05","PH","Central Luzon","PH","Central Visayas","LBC Express","32306","24345.62","106343.94"
"2026-01-05","ID","Riau","ID","West Java","Pos Indonesia","9478","5630.18","44316.21"
"2026-01-05","PH","Bicol Region","PH","SOCCSKSARGEN","J&T","20474","14522.29","78292.37"
"2026-01-05","TH","Chonburi","TH","Phuket","Kerry Express","24336","16505.32","87464.93"
"2026-01-05","PH","Ilocos Region","PH","Central Visayas","LBC Express","30561","23332.1","142661.11"
"2026-01-05","TH","Nonthaburi","TH","Phuket","Kerry Express","9644","6772.1","36652.41"
"2026-01-05","ID","East Java","ID","Central Java","Pos Indonesia","17380","11648.49","29882.21"
"2026-01-05","PH","West Visayas","PH","West Visayas","LBC Express","26792","16971.16","35657.03"
"2026-01-05","PH","SOCCSKSARGEN","PH","SOCCSKSARGEN","J&T","25758","18737.57","34105.04"
"2026-01-05","PH","Central Luzon","PH","NCR","2GO Express","20032","12851.83","22830.97"
"2026-01-05","TH","Khon Kaen","TH","Nonthaburi","Kerry Express","26317","17904.44","77279.8"
"2026-01-05","PH","Central Visayas","PH","Central Visayas","Ninja Van","17567","12183.76","19578.47"
"2026-01-05","MY","Kedah","MY","Johor","J&T","14399","11562.75","43260.29"
"2026-01-05","ID","North Sumatra","ID","Banten","Ninja Van","30106","20309.07","164375.9"
"2026-01-05","TH","BKK","TH","Phuket","J&T","33575","20700.78","93725.81"
"2026-01-05","TH","Khon Kaen","TH","BKK","Ninja Van","23494","14881.59","57694.3"
"2026-01-05","PH","Central Visayas","PH","Northern Mindanao","Ninja Van","24893","18125.08","41137.32"
"2026-01-05","PH","SOCCSKSARGEN","PH","Calabarzon","J&T","20153","11897.62","89337.86"
"2026-01-05","TH","BKK","TH","Chonburi","J&T","13962","8922.52","15869.69"
"2026-01-05","ID","Riau","ID","Jakarta","SiCepat","24052","14680.39","136388.41"
"2026-01-05","TH","Khon Kaen","TH","Chiang Mai","J&T","24711","21656.99","64525.96"
"2026-01-05","ID","South Sulawesi","ID","Banten","J&T","23105","14368.34","138385.04"
"2026-01-05","MY","Kuala Lumpur","MY","Pahang","Ninja Van","26371","18722.05","38122.24"
"2026-01-05","MY","Kedah","MY","Penang","J&T","7219","5241.42","10169.24"
"2026-01-05","MY","Pahang","MY","Sarawak","Ninja Van","11707","9318.42","40479.23"
"2026-01-05","TH","Korat","TH","Korat","FedEx","9844","5947.18","10893.16"
"2026-01-05","ID","Bali","ID","Central Java","Pos Indonesia","11189","7718.82","32957.02"
"2026-01-05","MY","Johor","MY","Sarawak","Pos Malaysia","20279","16311.61","78446.91"
"2026-01-05","MY","Pahang","MY","Pahang","Pos Malaysia","7298","5520.09","10221.79"
"2026-01-05","MY","Kedah","MY","Unknown","Pos Malaysia","11161","8854.27","69574.72"
"2026-01-05","PH","Northern Mindanao","PH","Bicol Region","J&T","24462","22661.9","76420.48"
"2026-01-05","TH","BKK","TH","Khon Kaen","J&T","11065","9136.45","23280.98"
"2026-01-05","PH","Calabarzon","PH","Northern Mindanao","J&T","16026","11623.65","50962.81"
"2026-01-05","TH","Nakhon Sawan","TH","Chiang Mai","Ninja Van","11909","10779.77","29057.67"
"2026-01-05","TH","Chiang Mai","TH","Songkhla","Ninja Van","22322","19226.54","119689.24"
"2026-01-05","MY","Sarawak","MY","Sabah","Ninja Van","28443","23453.02","101853.36"
"2026-01-05","TH","Chiang Mai","TH","Nonthaburi","Kerry Express","9614","6575.17","34328.06"
"2026-01-05","MY","Selangor","MY","Selangor","Ninja Van","10582","7443.53","11157.01"
"2026-01-05","ID","Bali","ID","Banten","Ninja Van","24647","16804.52","104990.39"
"2026-01-05","TH","Khon Kaen","TH","Korat","J&T","19649","11819.9","32129.21"
"2026-01-05","TH","Khon Kaen","TH","Nakhon Sawan","Ninja Van","9057","6495.06","19545.94"
"2026-01-05","PH","Northern Mindanao","PH","Northern Mindanao","2GO Express","23006","17519.84","29368.06"
"2026-01-05","PH","SOCCSKSARGEN","PH","Northern Mindanao","2GO Express","13393","10185.04","26248.88"
"2026-01-05","TH","Surat Thani","TH","Nonthaburi","Kerry Express","8509","5905.21","31713.93"
"2026-01-05","ID","Jakarta","ID","Banten","J&T","17706","11343.43","21512.17"
"2026-01-05","ID","Unknown","ID","South Sulawesi","Pos Indonesia","0","0.0","0.0"
"2026-01-05","PH","SOCCSKSARGEN","PH","Unknown","DHL","26068","18397.33","143703.84"
"2026-01-05","ID","East Java","ID","South Sulawesi","Ninja Van","12706","9974.23","39206.29"
"2026-01-05","PH","Northern Mindanao","PH","NCR","2GO Express","24441","15949.34","94915.58"
"2026-01-05","TH","Chiang Mai","TH","Chiang Mai","Kerry Express","13454","12988.38","20916.33"
"2026-01-05","PH","NCR","PH","Bicol Region","J&T","27626","24603.72","48043.87"
"2026-01-05","ID","Central Java","ID","Banten","SiCepat","15842","9856.45","46557.75"
"2026-01-05","ID","Jakarta","ID","Riau","J&T","24616","19420.46","93981.72"
"2026-01-05","ID","East Java","ID","Riau","J&T","29125","22650.5","149720.87"
"2026-01-05","MY","Penang","MY","Negeri Sembilan","Pos Malaysia","8001","6567.69","18773.64"
"2026-01-05","ID","East Java","ID","Jakarta","Ninja Van","20280","12858.75","57807.56"
"2026-01-05","MY","Penang","MY","Johor","Ninja Van","12991","9823.14","33465.65"
"2026-01-05","MY","Penang","MY","Perak","J&T","15152","13347.78","20808.96"
"2026-01-05","ID","East Java","ID","East Java","SiCepat","36068","26282.77","50170.98"
"2026-01-05","MY","Penang","MY","Sarawak","J&T","12871","10527.33","56231.06"
"2026-01-05","ID","Jakarta","ID","South Sulawesi","DHL","28917","21769.47","138244.5"
"2026-01-05","MY","Penang","MY","Pahang","Ninja Van","9379","7095.65","19888.85"
"2026-01-05","ID","East Java","ID","Banten","Pos Indonesia","9696","6275.99","30506.86"
"2026-01-05","ID","Jakarta","ID","Central Java","SiCepat","19841","12949.33","53517.35"
"2026-01-05","MY","Sabah","MY","Selangor","J&T","27928","19475.52","201030.62"
"2026-01-05","MY","Sabah","MY","Johor","Ninja Van","16193","11972.28","97172.63"
"2026-01-05","MY","Sabah","MY","Penang","Ninja Van","25323","18220.19","182284.93"
"2026-01-05","MY","Penang","MY","Penang","J&T","18414","13232.9","18641.85"
"2026-01-05","MY","Sabah","MY","Sabah","Ninja Van","29487","24040.79","40269.58"
"2026-01-05","MY","Sabah","MY","Negeri Sembilan","Ninja Van","9152","7132.53","65095.31"
"2026-01-05","MY","Selangor","MY","Johor","J&T","17076","12890.11","31068.41"
"2026-01-05","ID","Jakarta","ID","Jakarta","SiCepat","20012","12566.08","26580.36"
"2026-01-05","MY","Pahang","MY","Johor","FedEx","25074","17328.44","46218.02"
"2026-01-05","TH","Khon Kaen","TH","Chonburi","Kerry Express","14901","10475.52","46249.88"
"2026-01-05","ID","West Java","ID","Riau","J&T","15204","11892.59","63126.54"
"2026-01-05","PH","NCR","PH","SOCCSKSARGEN","Ninja Van","22819","17419.81","87772.52"
"2026-01-05","MY","Penang","MY","Kuala Lumpur","Pos Malaysia","26102","19386.38","58775.34"
"2026-01-05","ID","West Java","ID","Bali","Pos Indonesia","12165","9775.58","40772.39"
"2026-01-05","ID","South Sulawesi","ID","North Sumatra","Pos Indonesia","21394","14480.59","198427.62"
"2026-01-05","ID","South Sulawesi","ID","Riau","Pos Indonesia","19598","16117.37","168481.62"
"2026-01-05","ID","West Java","ID","Banten","Ninja Van","28718","19371.77","43529.55"
"2026-01-05","PH","Central Visayas","PH","SOCCSKSARGEN","J&T","30823","21922.25","66639.45"
"2026-01-05","PH","Northern Mindanao","PH","Ilocos Region","J&T","30673","24916.79","133839.8"
"2026-01-05","ID","Riau","ID","South Sulawesi","Pos Indonesia","16309","13110.24","136308.1"
"2026-01-05","TH","Chiang Mai","TH","Phuket","Ninja Van","11254","7455.86","56800.12"
"2026-01-05","PH","Calabarzon","PH","Central Luzon","J&T","11476","8407.96","14076.61"
"2026-01-05","MY","Pahang","MY","Selangor","DHL","7934","5219.3","13343.44"
"2026-01-05","PH","Ilocos Region","PH","Northern Mindanao","J&T","9525","6901.77","41137.57"
"2026-01-05","PH","West Visayas","PH","Central Visayas","2GO Express","14220","10568.79","19330.13"
"2026-01-05","PH","Bicol Region","PH","Calabarzon","J&T","19364","11790.16","38092.91"
"2026-01-05","ID","Banten","ID","West Java","Ninja Van","20123","12372.16","30554.34"
"2026-01-05","PH","Bicol Region","PH","NCR","DHL","27883","16388.73","58891.11"
"2026-01-05","MY","Sarawak","MY","Kuala Lumpur","Pos Malaysia","18338","13111.53","99110.69"
"2026-01-05","ID","Jakarta","ID","West Java","Pos Indonesia","18949","11433.05","25490.04"
"2026-01-05","MY","Sarawak","MY","Sarawak","J&T","21013","16135.96","26153.42"
"2026-01-05","MY","Kedah","MY","Perak","J&T","20258","19372.07","32751.8"
"2026-01-05","PH","Ilocos Region","PH","Central Luzon","LBC Express","19794","15472.01","40455.9"
"2026-01-05","MY","Pahang","MY","Perak","Ninja Van","21307","19792.15","39667.66"
"2026-01-05","PH","Ilocos Region","PH","Calabarzon","Ninja Van","16533","10232.37","30773.35"
"2026-01-05","MY","Kedah","MY","Kedah","Ninja Van","21290","17573.17","27262.21"
"2026-01-05","MY","Kedah","MY","Selangor","Ninja Van","16232","11852.69","35569.84"
"2026-01-05","TH","Phuket","TH","Korat","Ninja Van","17063","9947.38","197059.32"
"2026-01-05","TH","Songkhla","TH","Surat Thani","J&T","12784","9951.44","24336.49"
"2026-01-05","PH","Northern Mindanao","PH","Central Luzon","DHL","30871","23419.85","128192.71"
"2026-01-05","MY","Kedah","MY","Sarawak","Pos Malaysia","24934","21211.86","155849.86"
"2026-01-05","PH","Bicol Region","PH","Northern Mindanao","J&T","26600","18824.38","77616.66"
"2026-01-05","TH","Phuket","TH","Khon Kaen","Ninja Van","17336","14766.39","68822.79"
"2026-01-05","PH","Ilocos Region","PH","NCR","J&T","27028","16701.41","46887.48"
"2026-01-05","ID","Riau","ID","East Java","Pos Indonesia","19052","14904.47","121621.41"
"2026-01-05","MY","Sabah","MY","Sarawak","Pos Malaysia","22812","18866.31","108891.52"
"2026-01-05","MY","Sabah","MY","Kuala Lumpur","Ninja Van","12552","8796.87","87520.0"
"2026-01-05","TH","Phuket","TH","Phuket","Ninja Van","9609","6006.03","10252.14"
"2026-01-05","MY","Negeri Sembilan","MY","Johor","Pos Malaysia","19594","15327.31","49331.05"
"2026-01-05","TH","Phuket","TH","Nonthaburi","Ninja Van","22892","14067.71","64369.42"
"2026-01-05","TH","Chiang Mai","TH","Korat","Ninja Van","27352","16544.5","81873.57"
"2026-01-05","MY","Sarawak","MY","Pahang","Pos Malaysia","29659","21595.05","137960.36"
"2026-01-05","TH","Nonthaburi","TH","Nakhon Sawan","Kerry Express","19724","15160.31","39525.42"
"2026-01-05","ID","Riau","ID","Central Java","Pos Indonesia","20171","13707.37","110311.13"
"2026-01-05","TH","Korat","TH","Chiang Mai","J&T","25078","22016.64","59541.15"
"2026-01-05","MY","Uknown","MY","Negeri Sembilan","J&T","19731","14974.96","90912.85"
"2026-01-05","ID","Banten","ID","Bali","SiCepat","15989","12087.65","83530.54"
"2026-01-05","TH","Phuket","TH","Chonburi","Ninja Van","25322","16245.72","356213.95"
"2026-01-05","ID","Banten","ID","Jakarta","Pos Indonesia","25405","15753.85","30934.01"
"2026-01-05","PH","Northern Mindanao","PH","SOCCSKSARGEN","2GO Express","26694","21475.18","53309.7"
"2026-01-05","TH","","TH","Uknown","Ninja Van","31221","16988.83","136645.9"
"2026-01-05","ID","Bali","ID","North Sumatra","DHL","29008","19013.55","238661.3"
"2026-01-05","MY","Sabah","MY","Pahang","J&T","17563","12496.75","111822.52"
"2026-01-05","TH","Nonthaburi","TH","Nonthaburi","Ninja Van","14565","9383.69","16659.8"
"2026-01-05","TH","Nakhon Sawan","TH","Khon Kaen","J&T","10955","9908.03","25495.41"
"2026-01-05","ID","Banten","ID","East Java","J&T","29423","22274.34","92294.06"
"2026-01-05","TH","Korat","TH","Nonthaburi","Kerry Express","24038","17195.75","47368.57"
"2026-01-05","TH","Uknown","TH","Korat","DHL","0","0.0","0.0"
"2026-01-05","MY","Johor","MY","Pahang","Pos Malaysia","10704","8268.6","22883.91"
"2026-01-05","PH","West Visayas","PH","Calabarzon","LBC Express","23966","15716.11","65831.72"
"2026-01-05","ID","Bali","ID","Riau","DHL","8838","6976.32","62710.43"
"2026-01-05","TH","Songkhla","TH","Chonburi","Ninja Van","20190","13680.12","65486.92"
"2026-01-05","MY","Negeri Sembilan","MY","Perak","J&T","18197","15653.44","34380.15"
"2026-01-05","MY","Negeri Sembilan","MY","Kedah","Pos Malaysia","20658","17206.77","64058.57"
"2026-01-05","MY","Johor","MY","Sabah","J&T","18015","14244.03","91154.16"
"2026-01-05","TH","Korat","TH","Songkhla","J&T","8200","6805.64","27439.23"
"2026-01-05","MY","Johor","MY","Johor","Pos Malaysia","12232","9548.18","16137.27"
"2026-01-05","ID","Bali","ID","West Java","Pos Indonesia","13611","8112.91","55013.86"
"2026-01-05","MY","Johor","MY","Perak","J&T","18901","16034.16","43464.53"
"2026-01-05","PH","Central Luzon","PH","Northern Mindanao","LBC Express","10672","8285.63","44103.94"
"2026-01-05","TH","Phuket","TH","Nakhon Sawan","Ninja Van","20117","13978.06","67297.28"
"2026-01-05","TH","Surat Thani","TH","Nakhon Sawan","Ninja Van","9236","6836.43","33835.69"
"2026-01-05","MY","Perak","MY","Pahang","J&T","8687","6255.99","16232.89"
"2026-01-05","ID","South Sulawesi","ID","South Sulawesi","J&T","30891","22578.31","40947.55"
"2026-01-05","TH","Songkhla","TH","Phuket","Kerry Express","22587","15116.78","50946.78"
"2026-01-05","ID","South Sulawesi","ID","Central Java","SiCepat","22408","14300.48","139403.47"
"2026-01-05","PH","Bicol Region","PH","Central Luzon","2GO Express","15231","11144.3","32927.87"
"2026-01-05","MY","Perak","MY","Penang","Pos Malaysia","16023","12157.54","30297.89"
"2026-01-05","PH","West Visayas","PH","Bicol Region","Ninja Van","31283","30304.72","57612.46"
"2026-01-05","TH","Surat Thani","TH","Songkhla","Kerry Express","11651","10635.22","29792.41"
"2026-01-05","MY","Perak","MY","Kuala Lumpur","J&T","8058","5624.45","12815.13"
"2026-01-05","MY","Johor","MY","Selangor","Ninja Van","14691","10191.38","28001.54"
"2026-01-05","MY","Negeri Sembilan","MY","Negeri Sembilan","J&T","12115","9224.39","15212.71"
"2026-01-05","TH","Phuket","TH","BKK","J&T","21477","12676.94","63304.59"
"2026-01-05","PH","SOCCSKSARGEN","PH","Ilocos Region","2GO Express","9979","8398.31","54189.12"
"2026-01-05","MY","Johor","MY","Negeri Sembilan","Pos Malaysia","21449","17011.36","46435.52"
"2026-01-05","MY","Perak","MY","Johor","Pos Malaysia","13281","10777.78","42730.57"
"2026-01-05","MY","Selangor","MY","Sabah","J&T","18236","14961.95","98034.18"
"2026-01-05","ID","North Sumatra","ID","East Java","Pos Indonesia","10068","7500.18","74666.52"
"2026-01-05","PH","Northern Mindanao","PH","Calabarzon","DHL","26794","15934.95","102228.82"
"2026-01-05","PH","Calabarzon","PH","NCR","J&T","32958","21306.02","35190.39"
"2026-01-05","ID","West Java","ID","West Java","DHL","21608","11689.17","23748.62"
"2026-01-05","TH","Khon Kaen","TH","Songkhla","J&T","18807","15104.47","83787.61"
"2026-01-05","MY","","MY","Uknown","Pos Malaysia","13153","9719.86","77415.83"
"2026-01-05","PH","NCR","PH","Calabarzon","LBC Express","28343","18015.65","38047.57"
"2026-01-05","ID","Jakarta","ID","North Sumatra","Pos Indonesia","15105","10742.47","78219.09"
"2026-01-05","PH","Calabarzon","PH","West Visayas","DHL","21992","12260.81","46855.52"
"2026-01-05","TH","Chonburi","TH","BKK","J&T","9693","6081.21","11389.62"
"2026-01-05","MY","Perak","MY","Sabah","J&T","20854","18052.93","133037.26"
"2026-01-05","MY","Selangor","MY","Penang","Ninja Van","27665","20221.49","49098.75"
"2026-01-05","PH","NCR","PH","Central Luzon","2GO Express","24666","19642.81","28979.18"
"2026-01-05","PH","NCR","PH","NCR","J&T","9809","5971.44","10535.7"
"2026-01-05","TH","Songkhla","TH","BKK","Kerry Express","18744","12317.67","75220.9"
"2026-01-05","MY","Selangor","MY","Perak","Pos Malaysia","17699","16532.35","31256.34"
"2026-01-05","PH","Unknown","PH","Central Luzon","2GO Express","14567","10925.55","64443.29"
"2026-01-05","PH","NCR","PH","West Visayas","2GO Express","24087","14066.47","56116.13"
"2026-01-05","TH","Nonthaburi","TH","Songkhla","J&T","25066","20143.1","76357.48"
"2026-01-05","TH","Chiang Mai","TH","Nakhon Sawan","Kerry Express","17410","13148.65","49008.7"
"2026-01-05","TH","Chiang Mai","TH","Chonburi","J&T","14752","9530.0","45764.21"
"2026-01-05","MY","Sabah","MY","Perak","J&T","28035","24234.02","205672.83"
"2026-01-05","TH","BKK","TH","Songkhla","FedEx","14529","11489.32","44344.93"
"2026-01-05","TH","Nakhon Sawan","TH","Songkhla","Ninja Van","11405","9461.09","49359.75"
"2026-01-05","PH","NCR","PH","Central Visayas","Ninja Van","25907","18986.0","65140.84"
"2026-01-05","MY","Pahang","MY","Sabah","J&T","26802","22307.04","143367.3"
"2026-01-05","TH","Nonthaburi","TH","Khon Kaen","J&T","23107","20140.09","48099.56"
"2026-01-05","MY","Kuala Lumpur","MY","Penang","J&T","27786","18831.31","51700.1"
"2026-01-05","MY","Kuala Lumpur","MY","Sabah","Ninja Van","13242","11284.55","75285.74"
"2026-01-05","TH","Nonthaburi","TH","BKK","Kerry Express","18821","12665.58","23561.07"
"2026-01-05","TH","Nonthaburi","TH","Korat","Ninja Van","8120","5053.9","12606.62"
"2026-01-05","MY","Kuala Lumpur","MY","Kuala Lumpur","Ninja Van","13638","9915.76","14521.5"
"2026-01-05","ID","North Sumatra","ID","West Java","Pos Indonesia","28231","16426.33","179059.24"
"2026-01-05","MY","Sarawak","MY","Selangor","J&T","23110","15974.18","99271.95"
"2026-01-05","TH","Korat","TH","Khon Kaen","J&T","21578","18483.16","32433.79"
"2026-01-05","PH","Ilocos Region","PH","Bicol Region","2GO Express","14335","13884.51","36405.91"
"2026-01-05","TH","Songkhla","TH","Chiang Mai","Kerry Express","13789","12894.59","89620.56"
"2026-01-05","TH","Songkhla","TH","Korat","J&T","22404","13314.06","81620.21"
"2026-01-05","MY","Johor","MY","Penang","Pos Malaysia","20177","14515.8","63180.52"
"2026-01-05","PH","SOCCSKSARGEN","PH","Central Visayas","LBC Express","19535","14376.76","64910.01"
"2026-01-05","MY","Negeri Sembilan","MY","Kuala Lumpur","J&T","21638","15355.62","29973.48"
"2026-01-05","TH","Chiang Mai","TH","BKK","Ninja Van","19742","12597.97","59077.73"
"2026-01-05","TH","Nonthaburi","TH","Surat Thani","J&T","26512","20881.62","66163.74"
"2026-01-05","ID","West Java","ID","North Sumatra","J&T","27632","17997.2","139115.43"
"2026-01-05","MY","Negeri Sembilan","MY","Pahang","Ninja Van","22330","15913.97","41723.5"
"2026-01-05","MY","Kuala Lumpur","MY","Johor","J&T","19936","14373.85","35513.78"
"2026-01-05","PH","Uknown","PH","SOCCSKSARGEN","Ninja Van","24478","18481.06","105831.99"
"2026-01-05","ID","West Java","ID","Central Java","SiCepat","19908","13058.69","48574.46"
"2026-01-05","TH","","TH","BKK","Kerry Express","28123","18874.41","155602.34"
"2026-01-05","ID","Banten","ID","North Sumatra","Ninja Van","23772","16292.34","109868.06"
"2026-01-05","PH","Bicol Region","PH","West Visayas","LBC Express","14992","8627.75","40431.58"
"2026-01-05","MY","Negeri Sembilan","MY","Penang","Pos Malaysia","8473","6294.07","25481.79"
"2026-01-05","TH","Surat Thani","TH","BKK","Ninja Van","12134","7859.89","36035.88"
"2026-01-05","ID","Banten","ID","Banten","J&T","28483","17563.19","30038.37"
"2026-01-05","TH","Nakhon Sawan","TH","Nakhon Sawan","FedEx","16376","11602.97","21740.65"
"2026-01-05","TH","Nakhon Sawan","TH","BKK","FedEx","14186","9191.46","26844.2"
"2026-01-05","MY","Penang","MY","Selangor","Ninja Van","9929","7082.95","18141.07"
"2026-01-05","TH","Surat Thani","TH","Chonburi","Kerry Express","18873","13641.35","67668.35"
"2026-01-05","ID","Riau","ID","Bali","Pos Indonesia","24083","20013.39","182920.17"
"2026-01-05","ID","Riau","ID","Banten","J&T","24522","15751.04","110417.38"
"2026-01-06","MY","Negeri Sembilan","MY","Kedah","Ninja Van","23118","18701.54","60615.01"
"2026-01-06","PH","Northern Mindanao","PH","Central Visayas","LBC Express","13989","10773.87","35969.82"
"2026-01-06","PH","Northern Mindanao","PH","","LBC Express","15707","9352.17","110165.46"
"2026-01-06","PH","Northern Mindanao","PH","Ilocos Region","LBC Express","19676","19336.4","110253.68"
"2026-01-06","MY","Negeri Sembilan","MY","Pahang","J&T","7117","4988.24","12594.92"
"2026-01-06","ID","South Sulawesi","ID","Central Java","Pos Indonesia","13701","10253.67","65191.57"
"2026-01-06","TH","Chiang Mai","TH","BKK","J&T","13686","8273.08","42955.78"
"2026-01-06","MY","Kuala Lumpur","MY","Negeri Sembilan","Ninja Van","15992","12171.01","17835.26"
"2026-01-06","MY","Sarawak","MY","Kedah","Ninja Van","23835","19450.54","113056.37"
"2026-01-06","PH","SOCCSKSARGEN","PH","Northern Mindanao","J&T","25651","19351.59","50929.97"
"2026-01-06","PH","Central Luzon","PH","Northern Mindanao","Ninja Van","26636","21170.56","16958.47"
"2026-01-06","PH","Bicol Region","PH","Central Luzon","LBC Express","19462","13988.36","55069.59"
"2026-01-06","MY","Negeri Sembilan","MY","Kuala Lumpur","J&T","20466","14801.98","26611.36"
"2026-01-06","MY","Negeri Sembilan","MY","Selangor","Pos Malaysia","12194","8402.55","20524.03"
"2026-01-06","ID","Banten","ID","Jakarta","Pos Indonesia","27786","18022.36","31709.08"
"2026-01-06","TH","Nonthaburi","TH","Songkhla","Kerry Express","16624","13966.21","63753.38"
"2026-01-06","MY","Kuala Lumpur","MY","Sabah","Pos Malaysia","26914","25087.34","193744.66"
"2026-01-06","ID","Riau","ID","East Java","Ninja Van","16565","13079.8","106720.25"
"2026-01-06","ID","Bali","ID","Banten","Pos Indonesia","8366","5811.68","38310.3"
"2026-01-06","MY","Negeri Sembilan","MY","Johor","Pos Malaysia","13206","10278.98","31851.13"
"2026-01-06","PH","West Visayas","PH","Central Visayas","LBC Express","16520","12337.75","29795.43"
"2026-01-06","ID","West Java","ID","South Sulawesi","Ninja Van","22605","18517.0","106975.09"
"2026-01-06","PH","Bicol Region","PH","Central Visayas","DHL","11476","8052.11","26714.34"
"2026-01-06","MY","Johor","MY","Penang","DHL","8254","5701.22","20317.61"
"2026-01-06","MY","Johor","MY","Pahang","Ninja Van","24298","18069.67","41153.93"
"2026-01-06","ID","Banten","ID","Bali","Pos Indonesia","15513","10644.18","59560.25"
"2026-01-06","PH","Bicol Region","PH","Calabarzon","J&T","28734","17314.43","59578.42"
"2026-01-06","MY","Kuala Lumpur","MY","Kedah","Ninja Van","18684","15474.32","37068.67"
"2026-01-06","PH","Unknown","PH","Unknown","2GO Express","12522","7963.99","58984.35"
"2026-01-06","PH","Central Visayas","PH","Central Visayas","J&T","26522","18714.3","27670.98"
"2026-01-06","TH","Khon Kaen","TH","Chonburi","Kerry Express","11067","7648.93","32722.35"
"2026-01-06","TH","Nonthaburi","TH","Nakhon Sawan","Kerry Express","18771","15644.12","35910.1"
"2026-01-06","PH","Northern Mindanao","PH","Northern Mindanao","2GO Express","15912","12744.87","21986.56"
"2026-01-06","ID","South Sulawesi","ID","East Java","SiCepat","18144","12827.78","89573.15"
"2026-01-06","ID","Central Java","ID","West Java","Pos Indonesia","28473","18763.36","53811.19"
"2026-01-06","TH","BKK","TH","Nakhon Sawan","Ninja Van","8881","7248.07","13728.04"
"2026-01-06","TH","Surat Thani","TH","Phuket","Ninja Van","15125","9912.89","25741.62"
"2026-01-06","PH","Central Visayas","PH","Central Luzon","Ninja Van","28929","19726.22","81832.22"
"2026-01-06","ID","Riau","ID","Central Java","J&T","9833","7124.81","55041.83"
"2026-01-06","ID","South Sulawesi","ID","Banten","J&T","24076","15784.46","150525.11"
"2026-01-06","ID","South Sulawesi","ID","South Sulawesi","SiCepat","17264","13566.22","30424.43"
"2026-01-06","TH","Chonburi","TH","Khon Kaen","DHL","23768","18628.12","51932.44"
"2026-01-06","TH","Chonburi","TH","Phuket","J&T","18093","11670.86","51061.29"
"2026-01-06","TH","Chonburi","TH","Korat","DHL","17055","9552.47","27982.15"
"2026-01-06","TH","BKK","TH","Korat","Kerry Express","19791","11474.98","40014.62"
"2026-01-06","PH","Ilocos Region","PH","Calabarzon","Ninja Van","16176","10545.84","32127.5"
"2026-01-06","PH","Central Luzon","PH","Central Luzon","Ninja Van","30224","21817.2","467777.44"
"2026-01-06","PH","West Visayas","PH","Bicol Region","Ninja Van","16433","14938.52","31675.22"
"2026-01-06","PH","Central Visayas","PH","NCR","Ninja Van","15897","9850.1","38857.9"
"2026-01-06","TH","Surat Thani","TH","Surat Thani","J&T","18064","15452.18","22672.32"
"2026-01-06","PH","Northern Mindanao","PH","Bicol Region","2GO Express","21914","20287.16","66885.23"
"2026-01-06","TH","Nakhon Sawan","TH","Khon Kaen","Kerry Express","20428","17703.98","56527.71"
"2026-01-06","PH","Ilocos Region","PH","SOCCSKSARGEN","J&T","26302","17616.12","136732.55"
"2026-01-06","MY","","MY","","Pos Malaysia","17730","13115.33","100154.71"
"2026-01-06","TH","Songkhla","TH","Chiang Mai","J&T","26945","22093.12","134334.73"
"2026-01-06","MY","Pahang","MY","Pahang","Pos Malaysia","24409","18588.85","36811.31"
"2026-01-06","ID","Central Java","ID","Banten","J&T","29774","19241.59","70832.16"
"2026-01-06","PH","Ilocos Region","PH","Ilocos Region","J&T","21359","18819.03","28977.28"
"2026-01-06","PH","Calabarzon","PH","Central Luzon","2GO Express","13706","10651.67","17180.22"
"2026-01-06","TH","Songkhla","TH","Korat","Kerry Express","13346","7988.45","64930.1"
"2026-01-06","PH","Central Luzon","PH","Ilocos Region","2GO Express","15109","13850.11","19994.45"
"2026-01-06","PH","Central Luzon","PH","Central Visayas","Ninja Van","26143","18756.41","68527.07"
"2026-01-06","MY","Uknown","MY",,"Pos Malaysia","23937","16236.34","135621.74"
"2026-01-06","PH","West Visayas","PH","Northern Mindanao","LBC Express","27603","22606.47","67424.05"
"2026-01-06","MY","Pahang","MY","Negeri Sembilan","Pos Malaysia","24415","19937.06","51690.52"
"2026-01-06","PH","Central Visayas","PH","Bicol Region","Ninja Van","32489","28166.97","61124.9"
"2026-01-06","PH","Calabarzon","PH","Calabarzon","Ninja Van","29936","20026.38","31978.57"
"2026-01-06","PH","Ilocos Region","PH","Central Visayas","J&T","12690","8960.84","46270.54"
"2026-01-06","ID","South Sulawesi","ID","North Sumatra","SiCepat","28661","19596.75","358450.5"
"2026-01-06","ID","Central Java","ID","East Java","SiCepat","25350","18391.28","53585.88"
"2026-01-06","TH","Nakhon Sawan","TH","Nakhon Sawan","FedEx","24656","19565.38","31723.5"
"2026-01-06","PH","Central Visayas","PH","Northern Mindanao","2GO Express","26867","20698.87","43124.73"
"2026-01-06","MY","Selangor","MY","Perak","FedEx","16905","12876.81","24268.2"
"2026-01-06","MY","Selangor","MY","Penang","Ninja Van","20697","15174.59","38138.67"
"2026-01-06","TH","Chonburi","TH","Songkhla","J&T","19650","15656.89","59608.33"
"2026-01-06","TH","Chonburi","TH","Chiang Mai","Kerry Express","11923","10663.1","43107.28"
"2026-01-06","TH","Chiang Mai","TH","Songkhla","Kerry Express","17612","14868.71","114630.75"
"2026-01-06","TH","Chonburi","TH","BKK","Kerry Express","24055","15367.39","33560.15"
"2026-01-06","TH","Chonburi","TH","Nonthaburi","J&T","13156","8246.74","15679.67"
"2026-01-06","TH","Chiang Mai","TH","Khon Kaen","Kerry Express","27073","24461.26","92636.52"
"2026-01-06","MY","Pahang","MY","Penang","J&T","10698","7773.81","22817.44"
"2026-01-06","TH","Korat","TH","BKK","Kerry Express","17227","11021.09","32707.01"
"2026-01-06","TH","Khon Kaen","TH","Phuket","Ninja Van","27252","17562.06","119899.55"
"2026-01-06","TH","Khon Kaen","TH","Korat","DHL","8302","4722.34","14514.66"
"2026-01-06","ID","Central Java","ID","Central Java","Ninja Van","18794","14559.69","18823.54"
"2026-01-06","ID","Central Java","ID","South Sulawesi","Ninja Van","31450","25778.28","116008.29"
"2026-01-06","ID","Central Java","ID","Jakarta","J&T","19238","12003.46","39765.59"
"2026-01-06","TH","BKK","TH","BKK","Ninja Van","9302","5382.4","9666.68"
"2026-01-06","TH","BKK","TH","Nonthaburi","J&T","26364","15691.44","26370.48"
"2026-01-06","PH","Central Visayas","PH","Calabarzon","Ninja Van","10416","6403.69","24619.89"
"2026-01-06","TH","Nakhon Sawan","TH","Chonburi","Ninja Van","11694","7726.83","25589.46"
"2026-01-06","MY","Perak","MY","Sabah","Pos Malaysia","7733","7404.37","61130.15"
"2026-01-06","ID","Riau","ID","Bali","SiCepat","17718","12003.93","170847.98"
"2026-01-06","PH","Calabarzon","PH","Northern Mindanao","2GO Express","20245","16334.18","63867.36"
"2026-01-06","TH","Chiang Mai","TH","Korat","Ninja Van","14427","8124.97","40133.31"
"2026-01-06","MY","Kuala Lumpur","MY","Pahang","J&T","28720","20106.33","42417.39"
"2026-01-06","PH","Ilocos Region","PH","Northern Mindanao","Ninja Van","14961","11929.49","68887.53"
"2026-01-06","TH","Khon Kaen","TH","Chiang Mai","Ninja Van","21739","18394.73","59981.26"
"2026-01-06","PH","Calabarzon","PH","NCR","Ninja Van","30417","20090.23","31939.01"
"2026-01-06","ID","Riau","ID","South Sulawesi","J&T","16188","12615.62","129352.03"
"2026-01-06","TH","Korat","TH","Surat Thani","J&T","20099","17935.08","58331.73"
"2026-01-06","ID","Riau","ID","Jakarta","Pos Indonesia","20985","13431.59","93230.4"
"2026-01-06","ID","Banten","ID","Banten","SiCepat","18470","11901.24","26763.93"
"2026-01-06","TH","Khon Kaen","TH","Nakhon Sawan","DHL","14448","11440.46","31174.82"
"2026-01-06","PH","SOCCSKSARGEN","PH","NCR","LBC Express","12346","8342.95","75913.28"
"2026-01-06","PH","SOCCSKSARGEN","PH","West Visayas","J&T","14311","8569.18","44108.42"
"2026-01-06","ID","","ID","Uknown","Ninja Van","21319","15337.08","93478.39"
"2026-01-06","TH","Khon Kaen","TH","BKK","Ninja Van","25506","15675.2","61319.28"
"2026-01-06","PH","SOCCSKSARGEN","PH","Ilocos Region","2GO Express","26055","23291.6","131877.84"
"2026-01-06","TH","Nonthaburi","TH","Phuket","DHL","17892","11221.49","53565.96"
"2026-01-06","TH","Surat Thani","TH","Nakhon Sawan","Kerry Express","9553","8177.42","44755.6"
"2026-01-06","TH","Chiang Mai","TH","Chiang Mai","Ninja Van","27006","22546.23","32145.67"
"2026-01-06","MY","Johor","MY","Negeri Sembilan","Pos Malaysia","12608","10365.66","26219.08"
"2026-01-06","TH","Korat","TH","Chonburi","J&T","13250","8504.96","20628.09"
"2026-01-06","TH","Surat Thani","TH","Songkhla","J&T","20160","16397.09","39011.74"
"2026-01-06","TH","Nakhon Sawan","TH","Chiang Mai","Kerry Express","19248","17186.42","62027.49"
"2026-01-06","ID","Bali","ID","West Java","J&T","9215","6273.19","36597.61"
"2026-01-06","TH","Chiang Mai","TH","Nonthaburi","Ninja Van","27024","16958.83","76503.08"
"2026-01-06","MY","Sarawak","MY","Pahang","Pos Malaysia","18428","13486.15","84907.68"
"2026-01-06","MY","Negeri Sembilan","MY","Penang","Ninja Van","18884","13456.17","45679.49"
"2026-01-06","TH","Surat Thani","TH","Khon Kaen","Kerry Express","11560","10069.51","62001.04"
"2026-01-06","PH","Calabarzon","PH","West Visayas","DHL","19447","12128.1","41122.54"
"2026-01-06","PH","Central Luzon","PH","Bicol Region","DHL","28207","24203.48","54177.6"
"2026-01-06","PH","Calabarzon","PH","Ilocos Region","Ninja Van","18115","16512.09","27976.29"
"2026-01-06","TH","Surat Thani","TH","Chiang Mai","Ninja Van","10462","8921.61","48217.92"
"2026-01-06","PH","West Visayas","PH","SOCCSKSARGEN","2GO Express","28160","19857.8","68813.48"
"2026-01-06","MY","Perak","MY","Selangor","Pos Malaysia","18995","13352.72","40717.68"
"2026-01-06","MY","Sarawak","MY","Kuala Lumpur","Pos Malaysia","19927","15351.48","102859.43"
"2026-01-06","TH","Nakhon Sawan","TH","Nonthaburi","Kerry Express","24728","16437.67","58276.7"
"2026-01-06","TH","Surat Thani","TH","Chonburi","J&T","8782","5816.59","26408.67"
"2026-01-06","TH","Nonthaburi","TH","Chonburi","J&T","11622","7364.14","14111.32"
"2026-01-06","TH","Surat Thani","TH","Nonthaburi","J&T","15707","10218.43","49165.03"
"2026-01-06","TH","Nakhon Sawan","TH","BKK","Kerry Express","11534","7402.44","27337.08"
"2026-01-06","TH","Nakhon Sawan","TH","Korat","Kerry Express","10940","6719.74","27075.83"
"2026-01-06","PH","West Visayas","PH","Central Luzon","J&T","10939","7645.46","25882.15"
"2026-01-06","TH","Nakhon Sawan","TH","Songkhla","Ninja Van","11008","8951.89","47028.67"
"2026-01-06","MY","Penang","MY","Pahang","FedEx","10627","7228.63","20757.1"
"2026-01-06","PH","NCR","PH","SOCCSKSARGEN","2GO Express","22191","15758.15","84260.19"
"2026-01-06","ID","East Java","ID","South Sulawesi","Pos Indonesia","22334","18193.2","68820.89"
"2026-01-06","PH","NCR","PH","Central Luzon","LBC Express","31303","24389.91","43659.82"
"2026-01-06","PH","NCR","PH","Bicol Region","DHL","28206","24195.97","50981.48"
"2026-01-06","MY","Kuala Lumpur","MY","Kuala Lumpur","Pos Malaysia","7868","5972.92","10533.1"
"2026-01-06","MY","Sabah","MY","Selangor","Ninja Van","27345","18401.68","193713.44"
"2026-01-06","PH","NCR","PH","West Visayas","2GO Express","15032","9976.08","33658.47"
"2026-01-06","MY","Sabah","MY","Kuala Lumpur","Ninja Van","20174","15126.18","132709.44"
"2026-01-06","MY","Selangor","MY","Selangor","Pos Malaysia","24319","17513.35","31307.15"
"2026-01-06","MY","Selangor","MY","Sarawak","Ninja Van","10450","8667.04","38707.26"
"2026-01-06","ID","North Sumatra","ID","East Java","Ninja Van","21908","16556.4","168870.02"
"2026-01-06","MY","Sabah","MY","Sarawak","J&T","11880","10411.04","47971.0"
"2026-01-06","MY","Kuala Lumpur","MY","Johor","Pos Malaysia","22892","18203.93","52942.78"
"2026-01-06","ID","West Java","ID","Bali","J&T","32350","21387.37","111619.57"
"2026-01-06","ID","East Java","ID","Riau","Pos Indonesia","23634","18649.14","119081.41"
"2026-01-06","MY","Penang","MY","Perak","FedEx","12198","9441.95","15943.33"
"2026-01-06","MY","Sabah","MY","Johor","Pos Malaysia","23010","17969.32","185260.32"
"2026-01-06","ID","West Java","ID","Central Java","Pos Indonesia","32428","25024.68","59628.59"
"2026-01-06","TH","Phuket","TH","Chonburi","Ninja Van","7389","4707.96","21990.49"
"2026-01-06","ID","East Java","ID","Jakarta","J&T","15091","8866.26","44700.53"
"2026-01-06","ID","East Java","ID","Central Java","SiCepat","8370","5886.25","17948.6"
"2026-01-06","MY","Sabah","MY","Sabah","Ninja Van","18600","16592.14","26227.13"
"2026-01-06","MY","Sabah","MY","Pahang","J&T","13567","9776.65","86515.98"
"2026-01-06","MY","Kedah","MY","Johor","J&T","26679","20629.64","84990.25"
"2026-01-06","ID","South Sulawesi","ID","West Java","Pos Indonesia","22553","15099.08","123343.55"
"2026-01-06","PH","SOCCSKSARGEN","PH","Central Visayas","LBC Express","17079","12760.03","58747.83"
"2026-01-06","ID","East Java","ID","East Java","SiCepat","34619","25142.66","46276.89"
"2026-01-06","MY","Penang","MY","Johor","Ninja Van","15954","12260.66","41646.9"
"2026-01-06","ID","Jakarta","ID","South Sulawesi","Ninja Van","13100","10774.34","66138.29"
"2026-01-06","MY","Selangor","MY","Johor","Ninja Van","31129","23322.86","56073.64"
"2026-01-06","MY","Penang","MY","Negeri Sembilan","Pos Malaysia","18619","15207.3","46019.94"
"2026-01-06","MY","Penang","MY","Selangor","FedEx","10205","6479.15","18918.65"
"2026-01-06","MY","Penang","MY","Sarawak","J&T","21548","18292.45","91862.3"
"2026-01-06","PH","Central Luzon","PH","West Visayas","LBC Express","11223","7496.74","34569.2"
"2026-01-06","MY","Kuala Lumpur","MY","Penang","Ninja Van","8151","5793.53","14528.19"
"2026-01-06","PH","Northern Mindanao","PH","NCR","DHL","13425","8351.5","54100.36"
"2026-01-06","ID","North Sumatra","ID","West Java","Pos Indonesia","26290","17378.1","163627.74"
"2026-01-06","MY","Penang","MY","Kuala Lumpur","J&T","18356","13874.33","34312.24"
"2026-01-06","MY","Pahang","MY","Johor","Pos Malaysia","15805","12651.11","38254.64"
"2026-01-06","ID","Jakarta","ID","North Sumatra","J&T","10005","6938.27","48880.38"
"2026-01-06","MY","Pahang","MY","Sabah","DHL","13073","10960.64","74037.89"
"2026-01-06","MY","Pahang","MY","Selangor","FedEx","23439","14909.43","39922.98"
"2026-01-06","ID","Riau","ID","Banten","Pos Indonesia","8846","6150.29","36750.04"
"2026-01-06","MY","Sarawak","MY","Penang","Pos Malaysia","27847","20584.96","169661.17"
"2026-01-06","PH","Ilocos Region","PH","Central Luzon","2GO Express","21316","16330.3","34011.2"
"2026-01-06","MY","Unknown","MY","Uknown","Ninja Van","29123","19949.42","131377.81"
"2026-01-06","ID","Banten","ID","North Sumatra","DHL","29623","19186.18","142532.48"
"2026-01-06","MY","Selangor","MY","Kuala Lumpur","Pos Malaysia","31168","23923.44","39110.57"
"2026-01-06","MY","Johor","MY","Selangor","Pos Malaysia","15079","10349.73","35936.11"
"2026-01-06","ID","North Sumatra","ID","North Sumatra","Pos Indonesia","30740","21124.52","38073.34"
"2026-01-06","PH","Ilocos Region","PH","Bicol Region","2GO Express","22513","20691.71","61210.55"
"2026-01-06","MY","Sabah","MY","Negeri Sembilan","Pos Malaysia","18707","14967.04","166316.11"
"2026-01-06","PH","Bicol Region","PH","Ilocos Region","LBC Express","26089","24504.59","86682.26"
"2026-01-06","MY","Pahang","MY","Kedah","Ninja Van","8093","6808.58","19580.27"
"2026-01-06","ID","North Sumatra","ID","Bali","SiCepat","15429","10172.12","169820.58"
"2026-01-06","MY","Kedah","MY","Penang","J&T","29178","21783.13","39285.62"
"2026-01-06","ID","North Sumatra","ID","Riau","Pos Indonesia","30424","23835.82","78893.89"
"2026-01-06","ID",,"ID","Banten","J&T","13044","8355.4","56067.17"
"2026-01-06","PH","NCR","PH","NCR","2GO Express","30862","20019.22","33274.7"
"2026-01-06","PH","NCR","PH","Calabarzon","Ninja Van","26092","16553.16","29488.48"
"2026-01-06","MY","Kedah","MY","Negeri Sembilan","J&T","24457","19680.84","59091.32"
"2026-01-06","TH","Phuket","TH","Nakhon Sawan","J&T","21417","15792.45","76555.31"
"2026-01-06","PH","NCR","PH","Central Visayas","J&T","29115","20266.35","71642.83"
"2026-01-06","MY","Kedah","MY","Perak","FedEx","7851","6374.34","13715.46"
"2026-01-06","MY","Kedah","MY","Selangor","Pos Malaysia","23462","17073.15","62897.78"
"2026-01-06","TH","Khon Kaen","TH","Songkhla","J&T","15903","12851.71","69769.01"
"2026-01-06","ID","Unknown","ID","Uknown","SiCepat","10429","5382.85","60987.89"
"2026-01-06","ID","Bali","ID","Central Java","J&T","13395","9750.44","39157.27"
"2026-01-06","TH","Phuket","TH","Phuket","J&T","11813","7403.11","12761.15"
"2026-01-06","MY","Sabah","MY","Penang","Ninja Van","9555","6993.11","70304.23"
"2026-01-06","ID","Bali","ID","East Java","SiCepat","25025","18440.91","65832.64"
"2026-01-06","MY","Kedah","MY","Kedah","Ninja Van","28580","24869.29","34807.41"
"2026-01-06","ID","West Java","ID","Riau","Pos Indonesia","13207","10404.92","52802.46"
"2026-01-06","ID","Bali","ID","North Sumatra","SiCepat","22691","15531.28","236105.16"
"2026-01-06","ID","Jakarta","ID","West Java","Ninja Van","31791","21980.72","42975.07"
"2026-01-06","TH","Phuket","TH","Nonthaburi","Kerry Express","11144","7502.43","41192.67"
"2026-01-06","PH","Bicol Region","PH","West Visayas","J&T","19906","11892.64","44289.66"
"2026-01-06","TH","Khon Kaen","TH","Nonthaburi","Ninja Van","11047","6912.92","25866.49"
"2026-01-06","MY","Kedah","MY","Sarawak","J&T","20935","18061.74","106550.61"
"2026-01-06","PH","Bicol Region","PH","SOCCSKSARGEN","2GO Express","20720","14339.94","74754.24"
"2026-01-06","MY","Sabah","MY","Perak","Pos Malaysia","8888","7605.84","79788.12"
"2026-01-06","MY","Pahang","MY","Sarawak","Ninja Van","24362","20652.52","89079.33"
"2026-01-06","ID","Riau","ID","West Java","J&T","19010","12662.12","92936.54"
"2026-01-06","MY","Negeri Sembilan","MY","Sarawak","Pos Malaysia","13346","11518.61","73462.15"
"2026-01-06","MY","Johor","MY","Perak","J&T","22252","18604.04","47483.28"
"2026-01-06","TH","Korat","TH","Chiang Mai","J&T","22903","19140.48","58131.01"
"2026-01-06","TH","Korat","TH","Nonthaburi","Kerry Express","16140","11325.51","30885.73"
"2026-01-06","MY","Selangor","MY","Sabah","FedEx","30935","25547.64","171768.73"
"2026-01-06","PH","Bicol Region","PH","Northern Mindanao","Ninja Van","28464","21704.76","89383.93"
"2026-01-06","MY","Sarawak","MY","Selangor","FedEx","22748","14007.1","100655.74"
"2026-01-06","MY","Perak","MY","Kuala Lumpur","Ninja Van","16308","12856.24","26036.97"
"2026-01-06","ID","South Sulawesi","ID",,"Pos Indonesia","23063","12688.24","125580.62"
"2026-01-06","TH","Korat","TH","Songkhla","Kerry Express","26888","22855.03","120583.95"
"2026-01-06","TH","Korat","TH","Khon Kaen","J&T","7523","6217.07","11129.74"
"2026-01-06","TH","Songkhla","TH","Chonburi","Kerry Express","10682","7462.16","43350.23"
"2026-01-06","TH","Songkhla","TH","Phuket","J&T","27198","17610.61","51691.17"
"2026-01-06","ID","Bali","ID","Bali","Pos Indonesia","27049","20080.21","31798.3"
"2026-01-06","PH","Northern Mindanao","PH","Central Luzon","LBC Express","14274","10646.29","76963.97"
"2026-01-06","MY","Kuala Lumpur","MY","Selangor","J&T","22264","15580.43","22513.58"
"2026-01-06","MY","Kuala Lumpur","MY","Sarawak","Pos Malaysia","8255","7184.03","39227.38"
"2026-01-06","TH","Korat","TH","Korat","J&T","17679","10094.87","19375.2"
"2026-01-06","TH","Korat","TH","Phuket","Ninja Van","25206","17438.89","91375.77"
"2026-01-06","ID","Jakarta","ID","Riau","J&T","18935","14471.17","67074.24"
"2026-01-06","PH","SOCCSKSARGEN","PH","Central Luzon","LBC Express","28928","21102.93","172043.69"
"2026-01-06","PH","Bicol Region","PH","NCR","J&T","13737","8312.37","28162.73"
"2026-01-06","TH","Nonthaburi","TH","Korat","DHL","15653","9081.16","24603.74"
"2026-01-06","MY","Sarawak","MY","Sabah","J&T","11647","10094.42","43650.64"
"2026-01-06","TH","Phuket","TH","Korat","Ninja Van","10548","5934.74","35821.53"
"2026-01-06","PH","West Visayas","PH","West Visayas","LBC Express","9333","6465.84","13368.63"
"2026-01-06","TH","Phuket","TH","Khon Kaen","Kerry Express","6914","5704.1","33364.69"
"2026-01-06","MY","Kedah","MY","Kuala Lumpur","Pos Malaysia","26053","20763.5","71586.79"
"2026-01-06","TH","Phuket","TH","BKK","J&T","18921","10768.47","56475.68"
"2026-01-06","TH","Phuket","TH","Chiang Mai","Ninja Van","18854","15154.73","85867.09"
"2026-01-06","TH","BKK","TH","Chiang Mai","J&T","10573","8600.7","28429.15"
"2026-01-06","ID","Banten","ID","East Java","Pos Indonesia","10984","8196.75","34758.64"
"2026-01-06","MY","Perak","MY","Pahang","Pos Malaysia","12416","9477.73","31274.04"
"2026-01-06","MY","Sarawak","MY","Sarawak","J&T","27200","22342.88","32688.98"
"2026-01-06","TH","Songkhla","TH","Surat Thani","J&T","7387","6134.67","14366.33"
"2026-01-06","TH","Chiang Mai","TH","Chonburi","J&T","9921","6553.65","31768.05"
"2026-01-06","MY","Perak","MY","Johor","J&T","21820","16394.96","54239.46"
"2026-01-06","PH","SOCCSKSARGEN","PH","Calabarzon","LBC Express","27511","18825.56","156577.86"
"2026-01-06","TH","Chiang Mai","TH","Nakhon Sawan","FedEx","20652","16342.93","48816.2"
"2026-01-06","MY","Perak","MY","Penang","J&T","10014","7316.83","14228.49"
"2026-01-06","ID","Banten","ID","Central Java","SiCepat","24522","17330.47","70842.02"
"2026-01-06","MY","Johor","MY","Sabah","Ninja Van","14752","13477.35","75925.14"
"2026-01-06","TH","Chiang Mai","TH","Phuket","Kerry Express","26377","17915.69","171363.9"
"2026-01-06","TH","BKK","TH","Phuket","Ninja Van","9926","6258.46","27643.18"
"2026-01-06","TH","Nonthaburi","TH","Nonthaburi","DHL","12469","7669.37","12735.48"
"2026-01-06","MY","Negeri Sembilan","MY","Sabah","J&T","20708","18279.38","140468.81"
"2026-01-06","MY","Johor","MY","Johor","Pos Malaysia","15962","12188.3","21173.83"
"2026-01-06","TH","BKK","TH","Chonburi","J&T","26927","17255.0","31096.29"
"2026-01-06","TH","BKK","TH","Khon Kaen","Ninja Van","31035","24379.76","61492.04"
"2026-01-06","ID","Jakarta","ID","Banten","Pos Indonesia","19234","13237.28","22808.68"
"2026-01-06","TH","Songkhla","TH","BKK","Ninja Van","18887","11465.48","64714.89"
"2026-01-06","TH","Songkhla","TH","Khon Kaen","FedEx","26759","21109.28","116303.54"
"2026-01-06","ID","Riau","ID","North Sumatra","Ninja Van","22963","16582.06","65213.5"
"2026-01-06","PH","West Visayas","PH","Ilocos Region","2GO Express","26038","23969.85","73171.32"
"2026-01-06","TH","Songkhla","TH","Songkhla","J&T","13660","10494.53","16904.94"
"2026-01-06","TH","BKK","TH","Songkhla","J&T","30424","23193.16","88937.57"
"2026-01-06","TH","Surat Thani","TH","BKK","J&T","24302","14417.68","68304.11"
"2026-01-06","MY","Johor","MY","Kedah","Pos Malaysia","8182","6868.04","27927.03"
"2026-01-06","MY","Negeri Sembilan","MY","Perak","Ninja Van","22446","18185.66","44779.29"
"2026-01-06","PH","Central Luzon","PH","NCR","J&T","8210","5117.93","9344.22"
"2026-01-06","PH","Ilocos Region","PH","NCR","J&T","25358","15978.19","43348.31"
"2026-01-06","TH","Nakhon Sawan","TH","Surat Thani","Kerry Express","12044","11220.86","58361.22"
"2026-01-06","PH","SOCCSKSARGEN","PH","SOCCSKSARGEN","J&T","13822","9100.6","17651.08"
"2026-01-06","MY","Pahang","MY","Perak","Ninja Van","11335","9645.77","21253.09"
"2026-01-06","ID","Bali","ID","Riau","Ninja Van","10160","8248.2","68615.0"
"2026-01-06","PH","Central Visayas","PH","SOCCSKSARGEN","2GO Express","30220","20289.0","64028.2"
"2026-01-06","ID","Banten","ID","West Java","DHL","17029","10953.45","26242.76"
"2026-01-06","ID","Bali","ID","South Sulawesi","DHL","15799","12679.78","48923.66"
"2026-01-06","ID","East Java","ID","Banten","SiCepat","15562","9800.79","63347.14"
"2026-01-06","PH","Bicol Region","PH","Bicol Region","LBC Express","23621","21715.35","37840.0"
"2026-01-06","ID","West Java","ID","North Sumatra","Pos Indonesia","21722","15119.34","116457.48"
"2026-01-06","ID","West Java","ID","Banten","Pos Indonesia","19148","12752.76","27789.69"
"2026-01-06","ID","Jakarta","ID","Central Java","Ninja Van","22625","17862.85","49000.62"
"2026-01-06","PH","West Visayas","PH","","Ninja Van","17497","12023.51","80431.51"
"2026-01-06","TH","Nonthaburi","TH","BKK","J&T","9643","5591.56","9646.41"
"2026-01-06","TH","Nonthaburi","TH","Khon Kaen","FedEx","20121","15910.81","42312.08"
"2026-01-06","ID","West Java","ID","West Java","J&T","15408","9748.52","15439.17"
"2026-01-06","PH","Northern Mindanao","PH","West Visayas","LBC Express","26668","18577.77","80208.85"
"2026-01-06","TH","Nonthaburi","TH","Surat Thani","FedEx","10894","9378.34","28291.56"
"2026-01-06","PH","Northern Mindanao","PH","Calabarzon","LBC Express","21884","14876.91","102032.59"
"2026-01-07","ID","Jakarta","ID","South Sulawesi","Pos Indonesia","25754","21409.89","123019.82"
"2026-01-07","MY","Pahang","MY","Sabah","Pos Malaysia","18714","17669.91","124718.66"
"2026-01-07","TH","Korat","TH","Chonburi","Ninja Van","27739","19580.67","41955.03"
"2026-01-07","PH","West Visayas","PH","Central Luzon","Ninja Van","23646","17450.15","58371.64"
"2026-01-07","ID","East Java","ID","Banten","Pos Indonesia","12326","7766.07","38533.61"
"2026-01-07","MY","Negeri Sembilan","MY","Johor","FedEx","14847","9482.56","29873.28"
"2026-01-07","ID","East Java","ID","Jakarta","Pos Indonesia","25056","15455.81","68652.98"
"2026-01-07","ID","","ID","","Pos Indonesia","29932","23960.35","138318.77"
"2026-01-07","MY","Kedah","MY","Negeri Sembilan","Pos Malaysia","23999","19024.25","76304.79"
"2026-01-07","ID","Jakarta","ID","West Java","Pos Indonesia","23469","15750.14","31973.57"
"2026-01-07","ID","North Sumatra","ID","Riau","Pos Indonesia","25125","20124.14","66028.65"
"2026-01-07","MY","Negeri Sembilan","MY","Kuala Lumpur","Pos Malaysia","26190","20642.75","45254.35"
"2026-01-07","MY","Negeri Sembilan","MY","Kedah","Ninja Van","20657","16554.64","54793.58"
"2026-01-07","MY","Negeri Sembilan","MY","Negeri Sembilan","Pos Malaysia","21612","16009.88","34660.47"
"2026-01-07","ID","North Sumatra","ID","East Java","J&T","21293","15274.07","167100.31"
"2026-01-07","MY","Negeri Sembilan","MY","Selangor","Ninja Van","24822","15890.29","34586.33"
"2026-01-07","PH","Bicol Region","PH","West Visayas","Ninja Van","10209","5873.67","21599.86"
"2026-01-07","PH","Bicol Region","PH","SOCCSKSARGEN","LBC Express","24536","20012.22","111051.61"
"2026-01-07","TH","Chiang Mai","TH","Songkhla","J&T","14513","12080.33","78574.32"
"2026-01-07","ID","Bali","ID","South Sulawesi","Ninja Van","24262","20796.95","74394.91"
"2026-01-07","ID","Riau","ID","Jakarta","SiCepat","22752","13737.0","127906.65"
"2026-01-07","MY","Kuala Lumpur","MY","Sarawak","Ninja Van","19317","15453.62","71450.61"
"2026-01-07","MY","Sabah","MY","Kuala Lumpur","DHL","16080","11016.17","113866.27"
"2026-01-07","MY","Kedah","MY","Penang","J&T","19205","13465.35","26348.96"
"2026-01-07","MY","Kedah","MY","Kedah","Pos Malaysia","20842","18362.7","34175.74"
"2026-01-07","ID","Banten","ID","East Java","J&T","21921","16390.82","65614.06"
"2026-01-07","TH","Songkhla","TH","Khon Kaen","J&T","18592","14900.75","79225.58"
"2026-01-07","PH","Calabarzon","PH","Calabarzon","LBC Express","23913","16398.06","32545.84"
"2026-01-07","MY","Pahang","MY","Kedah","Ninja Van","9585","7919.1","21545.28"
"2026-01-07","TH","Nonthaburi","TH","Chonburi","Kerry Express","17550","13399.3","24900.09"
"2026-01-07","TH","Khon Kaen","TH","BKK","Ninja Van","19505","12335.38","47305.53"
"2026-01-07","PH","Central Luzon","PH","SOCCSKSARGEN","2GO Express","31988","26551.11","121913.54"
"2026-01-07","TH","Chonburi","TH","Phuket","J&T","17796","11634.15","48589.28"
"2026-01-07","TH","Chiang Mai","TH","Chiang Mai","J&T","19716","16345.25","24972.0"
"2026-01-07","TH","Chonburi","TH","Khon Kaen","J&T","23929","19500.82","49876.17"
"2026-01-07","MY","Selangor","MY","Johor","Pos Malaysia","27473","20979.32","64434.96"
"2026-01-07","MY","Sarawak","MY","Sarawak","Pos Malaysia","10992","9376.06","15973.75"
"2026-01-07","ID","Banten","ID","West Java","Pos Indonesia","24771","15996.61","37674.55"
"2026-01-07","TH","Surat Thani","TH","Surat Thani","Kerry Express","20742","18787.07","31208.84"
"2026-01-07","TH","Surat Thani","TH","Khon Kaen","Ninja Van","8761","7459.88","37509.76"
"2026-01-07","TH","Phuket","TH","Chiang Mai","Ninja Van","20841","17260.91","92888.04"
"2026-01-07","ID","Riau","ID","West Java","SiCepat","14872","9912.4","92759.79"
"2026-01-07","ID","North Sumatra","ID","North Sumatra","Pos Indonesia","25579","18528.81","32758.7"
"2026-01-07","TH","Songkhla","TH","Korat","J&T","19216","11046.77","70939.99"
"2026-01-07","MY","Penang","MY","Penang","J&T","25980","17824.36","27627.75"
"2026-01-07","TH","Chiang Mai","TH","Uknown","Kerry Express","26296","17194.43","173275.94"
"2026-01-07","TH","Chiang Mai","TH","Korat","DHL","26114","15437.93","73302.98"
"2026-01-07","PH","Central Visayas","PH","Calabarzon","LBC Express","13898","9168.47","44899.33"
"2026-01-07","ID","South Sulawesi","ID","North Sumatra","Pos Indonesia","22855","16270.95","219692.15"
"2026-01-07","TH","Nonthaburi","TH","Songkhla","Kerry Express","24257","21180.1","91436.34"
"2026-01-07","ID","Central Java","ID","South Sulawesi","Pos Indonesia","14269","11509.37","56738.98"
"2026-01-07","TH","BKK","TH","Chiang Mai","Ninja Van","15684","13555.71","41321.34"
"2026-01-07","ID","Central Java","ID","West Java","Pos Indonesia","31190","20080.8","58099.61"
"2026-01-07","TH","BKK","TH","Nakhon Sawan","DHL","10348","7686.14","16785.86"
"2026-01-07","PH","Central Visayas","PH","Central Visayas","Ninja Van","16378","10854.32","17989.49"
"2026-01-07","PH","Central Luzon","PH","Ilocos Region","LBC Express","25018","24664.93","39554.28"
"2026-01-07","PH","Calabarzon","PH","NCR","LBC Express","30686","22716.15","42270.86"
"2026-01-07","ID","Central Java","ID","East Java","SiCepat","30396","21536.61","65375.93"
"2026-01-07","PH","Central Visayas","PH","Uknown","LBC Express","26414","22087.02","147368.54"
"2026-01-07","TH","BKK","TH","Korat","DHL","14510","8144.18","22625.37"
"2026-01-07","TH","BKK","TH","Nonthaburi","Ninja Van","23349","16209.51","23376.71"
"2026-01-07","PH","Ilocos Region","PH","SOCCSKSARGEN","2GO Express","24095","19101.76","127382.99"
"2026-01-07","ID","South Sulawesi","ID","West Java","Pos Indonesia","8321","5546.1","46807.42"
"2026-01-07","TH","BKK","TH","Phuket","DHL","25471","15658.64","77118.38"
"2026-01-07","PH","Ilocos Region","PH","Central Visayas","DHL","27081","18469.54","104764.94"
"2026-01-07","TH","BKK","TH","Songkhla","Kerry Express","27380","23340.74","103612.12"
"2026-01-07","MY","Sarawak","MY","Pahang","J&T","11308","8799.91","42552.13"
"2026-01-07","TH","Chonburi","TH","Songkhla","Kerry Express","21139","18456.71","74587.06"
"2026-01-07","ID","Bali","ID","Central Java","Pos Indonesia","29670","22494.84","87180.72"
"2026-01-07","PH","Bicol Region","PH","Northern Mindanao","2GO Express","19042","15342.02","56103.69"
"2026-01-07","ID","Banten","ID","Jakarta","SiCepat","16946","10142.68","24646.89"
"2026-01-07","ID","South Sulawesi","ID","South Sulawesi","Ninja Van","33724","27662.3","44129.41"
"2026-01-07","MY","Negeri Sembilan","MY","Penang","J&T","22040","14516.07","49727.15"
"2026-01-07","ID","North Sumatra","ID","Banten","Ninja Van","19754","12739.58","107500.33"
"2026-01-07","MY","Kedah","MY","Kuala Lumpur","J&T","29411","22308.52","67757.88"
"2026-01-07","TH","Surat Thani","TH","Songkhla","Ninja Van","19951","17481.92","39659.07"
"2026-01-07","ID","South Sulawesi","ID","Central Java","Pos Indonesia","33075","22597.98","148963.55"
"2026-01-07","MY","Selangor","MY","Perak","Pos Malaysia","17646","15614.05","33672.81"
"2026-01-07","MY","Selangor","MY","Penang","Ninja Van","30228","20448.5","52671.24"
"2026-01-07","MY","Pahang","MY","Negeri Sembilan","Pos Malaysia","16190","12348.77","34489.11"
"2026-01-07","ID","North Sumatra","ID","West Java","Ninja Van","17144","11206.79","109076.88"
"2026-01-07","ID","South Sulawesi","ID","Jakarta","Ninja Van","28117","17519.49","166374.35"
"2026-01-07","TH","BKK","TH","BKK","DHL","31588","18402.23","35844.19"
"2026-01-07","ID","Central Java","ID","Central Java","Pos Indonesia","16028","11441.0","17710.32"
"2026-01-07","ID","Central Java","ID","Banten","Pos Indonesia","31983","20887.24","70836.83"
"2026-01-07","ID","South Sulawesi","ID","East Java","Ninja Van","9179","6884.37","33890.32"
"2026-01-07","ID","South Sulawesi","ID","Banten","Pos Indonesia","29943","19059.88","182704.97"
"2026-01-07","PH","Northern Mindanao","PH","NCR","J&T","12040","8359.44","46965.27"
"2026-01-07","ID","","ID","Banten","Ninja Van","15440","9939.86","66041.0"
"2026-01-07","ID","Riau","ID","North Sumatra","J&T","20695","15564.9","58051.37"
"2026-01-07","MY","Sarawak","MY","Kedah","J&T","23857","19057.87","113917.01"
"2026-01-07","ID","North Sumatra","ID","Bali","Ninja Van","20796","15824.75","179940.15"
"2026-01-07","TH","Surat Thani","TH","Chiang Mai","Kerry Express","20487","19389.82","122625.33"
"2026-01-07","MY","Selangor","MY","Sarawak","Pos Malaysia","19546","17068.93","93896.18"
"2026-01-07","MY","Selangor","MY","Selangor","Pos Malaysia","12460","8596.81","16455.02"
"2026-01-07","ID","Jakarta","ID","Riau","J&T","24046","18743.08","84100.9"
"2026-01-07","PH","Bicol Region","PH","Calabarzon","LBC Express","30137","19298.23","72268.24"
"2026-01-07","TH","Nonthaburi","TH","Surat Thani","Ninja Van","10440","8812.04","26242.8"
"2026-01-07","PH","Northern Mindanao","PH","West Visayas","J&T","10946","6704.04","27034.12"
"2026-01-07","PH","Central Luzon","PH","West Visayas","LBC Express","26988","17141.82","85553.59"
"2026-01-07","ID","Jakarta","ID","Jakarta","J&T","30632","19220.51","33302.11"
"2026-01-07","MY","Pahang","MY","Johor","Pos Malaysia","15343","11464.19","35684.22"
"2026-01-07","TH","Songkhla","TH","BKK","FedEx","26812","16024.63","88261.54"
"2026-01-07","TH","Khon Kaen","TH","Nonthaburi","Kerry Express","12287","9107.59","35509.09"
"2026-01-07","PH","SOCCSKSARGEN","PH","Central Luzon","2GO Express","23381","16806.3","114420.24"
"2026-01-07","MY","Penang","MY","Pahang","Ninja Van","15393","12279.76","29998.38"
"2026-01-07","PH","Central Luzon","PH","NCR","J&T","32614","22130.69","38356.85"
"2026-01-07","PH","SOCCSKSARGEN","PH","Ilocos Region","DHL","26061","23289.6","139957.52"
"2026-01-07","MY","Penang","MY","Kuala Lumpur","Pos Malaysia","10952","8505.06","24845.24"
"2026-01-07","MY","Pahang","MY","Perak","J&T","23007","19660.17","43856.49"
"2026-01-07","MY","Sarawak","MY","Kuala Lumpur","Ninja Van","28852","21216.03","124182.11"
"2026-01-07","TH","Surat Thani","TH","Phuket","J&T","17285","11166.38","28803.91"
"2026-01-07","TH","Khon Kaen","TH","Korat","J&T","28073","15998.64","47607.56"
"2026-01-07","PH","Ilocos Region","PH","Northern Mindanao","Ninja Van","24803","20869.53","105117.93"
"2026-01-07","PH","SOCCSKSARGEN","PH","Central Visayas","2GO Express","21474","15030.58","58758.8"
"2026-01-07","ID","Banten","ID","Central Java","J&T","19121","12618.18","42467.48"
"2026-01-07","PH","","PH","","LBC Express","20493","13858.47","115672.93"
"2026-01-07","PH","SOCCSKSARGEN","PH","SOCCSKSARGEN","J&T","23453","17149.38","29905.09"
"2026-01-07","PH","SOCCSKSARGEN","PH","NCR","2GO Express","21870","15353.22","97999.16"
"2026-01-07","ID","Riau","ID","East Java","Ninja Van","15973","12644.95","102546.31"
"2026-01-07","PH","Calabarzon","PH","Ilocos Region","LBC Express","22638","21367.8","43893.14"
"2026-01-07","TH","Khon Kaen","TH","Chiang Mai","Kerry Express","13353","12160.22","42538.75"
"2026-01-07","MY","Perak","MY","Johor","Pos Malaysia","23509","17346.88","78572.51"
"2026-01-07","TH","Nakhon Sawan","TH","Nakhon Sawan","Ninja Van","21549","17021.24","26722.93"
"2026-01-07","TH","Khon Kaen","TH","Phuket","J&T","28926","18282.25","137177.96"
"2026-01-07","PH","Central Visayas","PH","Central Luzon","2GO Express","25722","18272.89","73187.24"
"2026-01-07","MY","Penang","MY","Sarawak","Pos Malaysia","19136","17369.67","100902.66"
"2026-01-07","ID","Riau","ID","South Sulawesi","SiCepat","12732","10048.01","141811.22"
"2026-01-07","TH","Nakhon Sawan","TH","Chiang Mai","J&T","16207","13578.93","38669.91"
"2026-01-07","TH","Nakhon Sawan","TH","Korat","J&T","13493","7750.24","26052.85"
"2026-01-07","PH","Uknown","PH","Central Luzon","J&T","26398","19272.67","120801.11"
"2026-01-07","MY","Perak","MY","Pahang","J&T","17692","14000.78","35698.54"
"2026-01-07","TH","Khon Kaen","TH","Nakhon Sawan","Kerry Express","19935","17232.38","53588.79"
"2026-01-07","PH","West Visayas","PH","Northern Mindanao","Ninja Van","23416","19814.76","44119.68"
"2026-01-07","PH","Central Visayas","PH","SOCCSKSARGEN","J&T","14425","10533.7","31156.23"
"2026-01-07","PH","Northern Mindanao","PH","Northern Mindanao","2GO Express","9276","7912.67","12386.04"
"2026-01-07","PH","SOCCSKSARGEN","PH","West Visayas","LBC Express","12735","8036.82","50198.78"
"2026-01-07","PH","Central Luzon","PH","Central Visayas","Ninja Van","16080","11314.55","41759.08"
"2026-01-07","MY","Kuala Lumpur","MY","Penang","Pos Malaysia","21268","14813.41","46593.27"
"2026-01-07","TH","Chiang Mai","TH","Khon Kaen","Kerry Express","18947","16980.45","65038.95"
"2026-01-07","PH","West Visayas","PH","SOCCSKSARGEN","J&T","25518","20126.57","63764.87"
"2026-01-07","PH","Calabarzon","PH","Northern Mindanao","Ninja Van","17523","14590.67","53539.63"
"2026-01-07","PH","Calabarzon","PH","West Visayas","LBC Express","31423","20045.39","85428.99"
"2026-01-07","PH","Central Luzon","PH","Northern Mindanao","2GO Express","27206","23623.2","86949.13"
"2026-01-07","MY","Selangor","MY","Sabah","DHL","30165","24849.76","175590.56"
"2026-01-07","MY","Selangor","MY","Kuala Lumpur","J&T","21414","15665.21","21422.31"
"2026-01-07","TH","Surat Thani","TH","BKK","J&T","25560","15576.84","78348.6"
"2026-01-07","TH","Nakhon Sawan","TH","Songkhla","FedEx","10841","8921.21","49900.04"
"2026-01-07","TH","Nakhon Sawan","TH","BKK","J&T","19730","12231.13","38208.14"
"2026-01-07","TH","Nakhon Sawan","TH","Nonthaburi","Ninja Van","12187","8637.77","24210.56"
"2026-01-07","ID","West Java","ID","South Sulawesi","Pos Indonesia","19159","15460.99","88030.68"
"2026-01-07","ID","East Java","ID","Riau","Ninja Van","10358","8257.38","52210.19"
"2026-01-07","PH","NCR","PH","Calabarzon","2GO Express","26282","17185.86","27612.92"
"2026-01-07","MY","Sabah","MY","Penang","Pos Malaysia","12688","9285.21","117070.2"
"2026-01-07","MY","Sabah","MY","Selangor","J&T","8919","5759.66","59936.59"
"2026-01-07","MY","Sabah","MY","Sarawak","Pos Malaysia","8172","7080.75","40561.6"
"2026-01-07","ID","Jakarta","ID","North Sumatra","SiCepat","7958","5701.32","50461.47"
"2026-01-07","TH","Korat","TH","Nonthaburi","Ninja Van","22091","15710.25","34847.87"
"2026-01-07","TH","Phuket","TH","Khon Kaen","Kerry Express","22962","19305.17","119183.1"
"2026-01-07","MY","Sabah","MY","Perak","Pos Malaysia","22031","19472.5","186156.88"
"2026-01-07","TH","","TH","Uknown","Kerry Express","25205","16764.01","136136.91"
"2026-01-07","MY","Penang","MY","Johor","Pos Malaysia","21739","16033.2","73363.38"
"2026-01-07","MY","Penang","MY","Perak","Pos Malaysia","16701","15761.57","28036.75"
"2026-01-07","ID","East Java","ID","South Sulawesi","SiCepat","17010","13294.95","67646.76"
"2026-01-07","MY","Negeri Sembilan","MY","Perak","FedEx","26264","20263.72","50464.19"
"2026-01-07","MY","Sabah","MY","Johor","Pos Malaysia","16686","12159.11","136757.66"
"2026-01-07","TH","Khon Kaen","TH","Chonburi","Ninja Van","25506","18236.79","60094.02"
"2026-01-07","TH","Chonburi","TH","BKK","DHL","8285","4965.33","9508.63"
"2026-01-07","TH","Chonburi","TH","Chiang Mai","J&T","24635","20537.09","65108.69"
"2026-01-07","TH","Chonburi","TH","Nonthaburi","J&T","19970","13685.1","23082.54"
"2026-01-07","TH","Chonburi","TH","Korat","Ninja Van","23496","13927.79","37376.39"
"2026-01-07","ID","East Java","ID","East Java","SiCepat","27152","19269.98","37746.17"
"2026-01-07","MY","Sabah","MY","Negeri Sembilan","Ninja Van","11313","8156.8","79361.26"
"2026-01-07","MY","Kuala Lumpur","MY","Johor","Ninja Van","24619","17064.62","44880.6"
"2026-01-07","ID","Banten","ID","North Sumatra","SiCepat","27928","19273.62","167358.47"
"2026-01-07","TH","Chiang Mai","TH","BKK","J&T","16093","9704.7","47068.76"
"2026-01-07","MY","Penang","MY","Selangor","Ninja Van","26315","17262.2","49303.66"
"2026-01-07","TH","Nakhon Sawan","TH","Unknown","J&T","0","0.0","0.0"
"2026-01-07","ID","Jakarta","ID","Banten","Ninja Van","32625","21549.18","37597.32"
"2026-01-07","TH","Songkhla","TH","Chonburi","DHL","19127","12913.93","61692.51"
"2026-01-07","MY","Perak","MY","Kuala Lumpur","J&T","8815","6648.56","14599.09"
"2026-01-07","PH","","PH","SOCCSKSARGEN","Ninja Van","0","0.0","0.0"
"2026-01-07","TH","Korat","TH","Chiang Mai","J&T","24367","20451.97","62236.24"
"2026-01-07","TH","Korat","TH","Surat Thani","Kerry Express","30094","27372.02","110181.74"
"2026-01-07","MY","Perak","MY","Penang","Pos Malaysia","9525","6806.26","18461.14"
"2026-01-07","PH","Central Visayas","PH","Northern Mindanao","LBC Express","18657","15321.38","39131.71"
"2026-01-07","MY","Sarawak","MY","Selangor","Ninja Van","25941","17310.75","107923.48"
"2026-01-07","PH","","PH","Central Visayas","J&T","23009","15518.67","103874.67"
"2026-01-07","PH","Ilocos Region","PH","Ilocos Region","DHL","13796","12038.5","16919.78"
"2026-01-07","MY","Sabah","MY","Pahang","Pos Malaysia","27817","23028.27","221370.26"
"2026-01-07","MY","Sabah","MY","Sabah","Ninja Van","23733","20921.53","32682.02"
"2026-01-07","MY","Kuala Lumpur","MY","Selangor","J&T","9192","5812.41","9200.0"
"2026-01-07","TH","Nonthaburi","TH","Uknown","DHL","22998","11910.13","103610.74"
"2026-01-07","TH","Phuket","TH","Nonthaburi","Ninja Van","19388","13105.87","8516.9"
"2026-01-07","MY","Penang","MY","Negeri Sembilan","J&T","23664","17272.91","47669.99"
"2026-01-07","TH","Phuket","TH","Nakhon Sawan","J&T","15381","11360.42","55384.54"
"2026-01-07","PH","Ilocos Region","PH","Calabarzon","LBC Express","18591","12585.69","47004.91"
"2026-01-07","TH","Songkhla","TH","Phuket","J&T","17727","11181.02","31711.86"
"2026-01-07","ID","West Java","ID","Central Java","Ninja Van","13588","9564.81","24770.25"
"2026-01-07","TH","Nakhon Sawan","TH","Surat Thani","Ninja Van","10042","8525.24","38152.38"
"2026-01-07","ID","West Java","ID","North Sumatra","Pos Indonesia","16268","11853.15","82546.85"
"2026-01-07","PH","NCR","PH","SOCCSKSARGEN","J&T","22967","17382.12","88549.94"
"2026-01-07","PH","NCR","PH","NCR","Ninja Van","17504","12483.64","17962.19"
"2026-01-07","PH","NCR","PH","West Visayas","Ninja Van","15335","9174.05","34714.7"
"2026-01-07","PH","NCR","PH","Bicol Region","Ninja Van","22298","19192.33","38127.58"
"2026-01-07","ID","Bali","ID","Bali","Pos Indonesia","7629","5899.58","8931.15"
"2026-01-07","TH","Chiang Mai","TH","Nonthaburi","Ninja Van","16151","11174.88","49210.13"
"2026-01-07","TH","Nonthaburi","TH","Nonthaburi","FedEx","17043","11735.15","18643.37"
"2026-01-07","PH","Bicol Region","PH","Central Visayas","J&T","12043","7824.94","27322.5"
"2026-01-07","ID","West Java","ID","Bali","DHL","11310","8081.26","36607.66"
"2026-01-07","ID","West Java","ID","Riau","Pos Indonesia","9105","7206.04","35842.19"
"2026-01-07","ID","Bali","ID","North Sumatra","Pos Indonesia","29455","22704.88","247993.41"
"2026-01-07","MY","Johor","MY","Selangor","Pos Malaysia","20447","13494.2","44671.63"
"2026-01-07","PH","SOCCSKSARGEN","PH","Calabarzon","2GO Express","14796","9265.19","66361.18"
"2026-01-07","PH","Bicol Region","PH","Central Luzon","DHL","27699","19112.97","63655.36"
"2026-01-07","PH","NCR","PH","Central Luzon","J&T","21923","15713.14","24609.28"
"2026-01-07","ID","West Java","ID","Banten","J&T","19656","11939.21","28488.36"
"2026-01-07","PH","SOCCSKSARGEN","PH","Northern Mindanao","LBC Express","18239","15723.11","44998.91"
"2026-01-07","ID","Bali","ID","Banten","SiCepat","29266","18297.87","165867.13"
"2026-01-07","TH","Korat","TH","Khon Kaen","J&T","20883","17357.27","29573.19"
"2026-01-07","MY","Negeri Sembilan","MY","Sarawak","Ninja Van","21117","17091.11","94509.85"
"2026-01-07","MY","Negeri Sembilan","MY","Pahang","J&T","19911","16035.46","36434.41"
"2026-01-07","MY","Negeri Sembilan","MY","Sabah","J&T","12097","10976.14","78467.89"
"2026-01-07","PH","West Visayas","PH","Ilocos Region","DHL","28820","25161.45","78542.3"
"2026-01-07","PH","Ilocos Region","PH","NCR","2GO Express","11248","8251.34","20070.79"
"2026-01-07","MY","Johor","MY","Sarawak","Pos Malaysia","9832","8529.43","38489.9"
"2026-01-07","TH","Nakhon Sawan","TH","Chonburi","Ninja Van","25056","17700.76","56654.51"
"2026-01-07","MY","Johor","MY","Kedah","J&T","17848","14138.11","50805.11"
"2026-01-07","TH","Nonthaburi","TH","Khon Kaen","J&T","26971","22028.71","53548.3"
"2026-01-07","MY","Kedah","MY","Selangor","Ninja Van","18938","12724.79","41098.07"
"2026-01-07","TH","Songkhla","TH","Songkhla","J&T","9819","7708.58","11757.09"
"2026-01-07","TH","Songkhla","TH","Surat Thani","Kerry Express","20646","17970.84","49203.59"
"2026-01-07","MY","Perak","MY","Sabah","Pos Malaysia","27672","25986.1","218541.93"
"2026-01-07","PH","West Visayas","PH","West Visayas","2GO Express","21190","12934.21","23032.01"
"2026-01-07","PH","Northern Mindanao","PH","Calabarzon","2GO Express","7882","5354.9","30542.65"
"2026-01-07","MY","Johor","MY","Perak","Pos Malaysia","28665","24768.4","84524.87"
"2026-01-07","MY","Johor","MY","Negeri Sembilan","J&T","15277","11358.0","25527.39"
"2026-01-07","PH","West Visayas","PH","Calabarzon","LBC Express","13205","9193.26","36079.2"
"2026-01-07","TH","Korat","TH","Korat","Kerry Express","7472","4963.75","9395.3"
"2026-01-07","TH","Korat","TH","Phuket","FedEx","25311","16968.03","83883.92"
"2026-01-07","MY","Kuala Lumpur","MY","Sabah","FedEx","17164","13918.91","94617.03"
"2026-01-07","MY","Kuala Lumpur","MY","Pahang","FedEx","8441","6117.59","12717.25"
"2026-01-07","MY","Pahang","MY","Sarawak","FedEx","21324","16262.17","80775.7"
"2026-01-07","TH","Nonthaburi","TH","Nakhon Sawan","Kerry Express","16332","13928.25","31938.1"
"2026-01-07","MY","Kuala Lumpur","MY","Kedah","Ninja Van","22289","17840.23","44143.21"
"2026-01-07","MY","Pahang","MY","Penang","Pos Malaysia","16843","12011.94","45407.41"
"2026-01-07","MY","Kuala Lumpur","MY","Negeri Sembilan","Ninja Van","23615","17296.98","26611.15"
"2026-01-07","PH","Northern Mindanao","PH","Bicol Region","Ninja Van","16901","14555.57","55078.99"
"2026-01-07","PH","Northern Mindanao","PH","Central Luzon","Ninja Van","25362","18819.52","105087.51"
"2026-01-07","PH","Bicol Region","PH","Ilocos Region","2GO Express","11561","10550.55","27758.89"
"2026-01-07","TH","Khon Kaen","TH","Songkhla","Ninja Van","24410","19834.4","106745.84"
"2026-01-07","MY","Kedah","MY","Sarawak","Pos Malaysia","16040","14170.54","103491.77"
"2026-01-07","PH","Central Luzon","PH","Bicol Region","2GO Express","26838","24580.54","51924.89"
"2026-01-07","PH","Ilocos Region","PH","Central Luzon","J&T","27068","19238.23","42719.52"
"2026-01-07","PH","Bicol Region","PH","NCR","J&T","20618","13506.39","45189.93"
"2026-01-07","TH","Phuket","TH","Korat","J&T","21922","12334.0","78367.1"
"2026-01-07","TH","Surat Thani","TH","Nakhon Sawan","Kerry Express","20897","17956.44","99318.32"
"2026-01-07","ID","Bali","ID","Riau","Pos Indonesia","26791","22273.06","183110.22"
"2026-01-07","TH","Korat","TH","BKK","Kerry Express","7711","5256.67","14634.24"
"2026-01-07","MY","Johor","MY","Pahang","Ninja Van","22209","17599.79","37539.26"
"2026-01-07","MY","Perak","MY","Selangor","Pos Malaysia","21403","14587.46","43472.45"
"2026-01-07","TH","Surat Thani","TH","Chonburi","Ninja Van","20104","14155.23","59447.35"
"2026-01-07","PH","West Visayas","PH","Bicol Region","2GO Express","21241","18952.94","39416.5"
"2026-01-07","TH","Korat","TH","Songkhla","DHL","25485","20748.58","91494.36"
"2026-01-07","PH","Bicol Region","PH","Bicol Region","LBC Express","9261","8090.95","13965.76"
"2026-01-07","MY","Johor","MY","Penang","Pos Malaysia","25260","17960.56","85973.82"
"2026-01-07","MY","Kedah","MY","Johor","Pos Malaysia","21983","16802.0","84544.66"
"2026-01-07","MY","Johor","MY","Johor","Pos Malaysia","9486","6912.48","12846.66"
"2026-01-07","TH","Phuket","TH","BKK","Kerry Express","14419","9164.55","49961.58"
"2026-01-07","ID","Jakarta","ID","Central Java","Ninja Van","31314","22983.75","66370.63"
"2026-01-07","PH","Unknown","PH","NCR","2GO Express","0","0.0","0.0"
"2026-01-07","ID","Banten","ID","Bali","Pos Indonesia","20850","15873.05","78552.47"
"2026-01-07","ID","Banten","ID","Banten","Pos Indonesia","30194","19331.18","33689.5"
"2026-01-07","TH","Phuket","TH","Chonburi","J&T","15510","10367.98","43588.98"
"2026-01-07","MY","Pahang","MY","Pahang","J&T","10190","8174.31","11818.15"
"2026-01-07","TH","Phuket","TH","Phuket","Kerry Express","11936","7874.84","15958.57"
"2026-01-07","MY","Sarawak","MY","Sabah","Ninja Van","16714","14625.47","62654.8"
"2026-01-07","ID","Bali","ID","West Java","Pos Indonesia","27650","19389.0","110241.77"
"2026-01-07","ID","South Sulawesi","ID","Riau","Pos Indonesia","10488","8170.86","90341.26"
"2026-01-07","TH","Songkhla","TH","Chiang Mai","DHL","13260","11016.39","68700.36"
"2026-01-07","TH","Chiang Mai","TH","Chonburi","Ninja Van","23393","16268.09","77434.61"
"2026-01-07","ID","Riau","ID","Bali","Ninja Van","10066","7867.21","76593.41"
"2026-01-07","ID","Bali","ID","East Java","DHL","29490","21226.57","60587.4"
"2026-01-07","MY","Johor","MY","Sabah","Pos Malaysia","19574","17755.3","122164.75"
"2026-01-07","MY","Pahang","MY","Selangor","J&T","26495","17921.39","47227.82"
"2026-01-07","TH","BKK","TH","Chonburi","FedEx","27217","18279.6","30145.92"
"2026-01-07","PH","Ilocos Region","PH","Bicol Region","DHL","28552","24453.17","74866.9"
"2026-01-07","ID","Central Java","ID","Jakarta","Pos Indonesia","14655","9508.22","31873.1"
"2026-01-07","PH","Central Luzon","PH","Central Luzon","J&T","28895","21395.4","31259.64"
"2026-01-07","TH","Nonthaburi","TH","Phuket","Kerry Express","8221","5852.3","30765.88"
"2026-01-07","ID","West Java","ID","West Java","Pos Indonesia","14213","9647.33","15352.74"
"2026-01-07","TH","BKK","TH","Khon Kaen","Kerry Express","17782","15366.62","47105.21"
"2026-01-07","MY","Sarawak","MY","Penang","J&T","28862","19019.04","141854.12"
"2026-01-07","MY","Kedah","MY","Perak","Pos Malaysia","13231","12764.25","26662.21"
"2026-01-07","ID","Riau","ID","Central Java","SiCepat","18420","13321.33","130145.79"
"2026-01-07","MY","Kuala Lumpur","MY","Kuala Lumpur","J&T","23891","17224.51","26521.77"
"2026-01-07","PH","Northern Mindanao","PH","Ilocos Region","Ninja Van","24139","21856.53","115537.57"
"2026-01-07","PH","Northern Mindanao","PH","Central Visayas","J&T","27399","18626.49","52908.05"
"2026-01-07","TH","Nonthaburi","TH","BKK","Kerry Express","22161","15223.62","27758.75"
"2026-01-08","PH","Northern Mindanao","PH","West Visayas","J&T","34817","19995.95","82982.95"
"2026-01-08","ID","North Sumatra","ID","Riau","SiCepat","24225","17512.32","86561.65"
"2026-01-08","ID","Bali","ID","Riau","Pos Indonesia","13938","11095.11","93074.6"
"2026-01-08","ID","Bali","ID","Bali","Pos Indonesia","35018","26917.58","40128.37"
"2026-01-08","MY","Johor","MY","Sarawak","Pos Malaysia","39653","34963.98","154425.85"
"2026-01-08","TH","Chiang Mai","TH","Khon Kaen","Kerry Express","19443","18590.49","63103.27"
"2026-01-08","PH","Calabarzon","PH","NCR","2GO Express","16130","10872.83","17637.62"
"2026-01-08","ID","Banten","ID","North Sumatra","SiCepat","22474","16829.94","145278.71"
"2026-01-08","TH","Korat","TH","Surat Thani","Kerry Express","26401","22362.76","95530.06"
"2026-01-08","ID","Riau","ID","West Java","SiCepat","35459","22393.97","225981.78"
"2026-01-08","MY","Pahang","MY","Kedah","Ninja Van","25432","20695.63","57879.91"
"2026-01-08","PH","Central Luzon","PH","Central Luzon","LBC Express","20516","16786.33","27987.29"
"2026-01-08","MY","Johor","MY","Selangor","Pos Malaysia","11321","8206.6","25266.91"
"2026-01-08","TH","Korat","TH","Phuket","Kerry Express","36568","25409.47","157613.87"
"2026-01-08","MY","Kuala Lumpur","MY","Kuala Lumpur","Pos Malaysia","28658","19807.22","37358.18"
"2026-01-08","MY","Negeri Sembilan","MY","Johor","Pos Malaysia","23483","17621.37","55704.23"
"2026-01-08","MY","Negeri Sembilan","MY","Pahang","J&T","9632","7202.64","17996.19"
"2026-01-08","ID","Riau","ID","Banten","Pos Indonesia","33431","23488.92","147962.74"
"2026-01-08","MY","Johor","MY","Kedah","J&T","32551","26010.37","90126.56"
"2026-01-08","TH","Nakhon Sawan","TH","Nonthaburi","Kerry Express","13152","8896.29","30594.98"
"2026-01-08","TH","Chiang Mai","TH","Songkhla","J&T","29359","24056.85","159496.61"
"2026-01-08","PH","Bicol Region","PH","Bicol Region","Ninja Van","16229","13998.01","19039.89"
"2026-01-08","PH","Bicol Region","PH","Ilocos Region","DHL","16268","14035.83","41760.04"
"2026-01-08","PH","Bicol Region","PH","SOCCSKSARGEN","J&T","38678","28625.82","147562.21"
"2026-01-08","MY","Negeri Sembilan","MY","Perak","Pos Malaysia","20561","16689.85","49930.62"
"2026-01-08","ID","Bali","ID","South Sulawesi","J&T","27542","21957.13","87875.42"
"2026-01-08","MY","Negeri Sembilan","MY","Sarawak","Pos Malaysia","30543","26525.43","164331.7"
"2026-01-08","TH","Nonthaburi","TH","Chonburi","Ninja Van","21157","14568.98","25031.71"
"2026-01-08","PH","West Visayas","PH","Ilocos Region","DHL","41574","35428.26","108612.62"
"2026-01-08","MY","Johor","MY","Negeri Sembilan","J&T","35317","25640.37","57784.6"
"2026-01-08","TH","Korat","TH","BKK","J&T","24280","14748.61","36785.34"
"2026-01-08","TH","Nonthaburi","TH","Nonthaburi","Ninja Van","34839","22387.85","35543.97"
"2026-01-08","MY","Negeri Sembilan","MY","Selangor","Pos Malaysia","33308","23896.06","54483.66"
"2026-01-08","TH","Korat","TH","Korat","Kerry Express","26376","15717.37","33823.11"
"2026-01-08","MY","Sarawak","MY","Sarawak","Ninja Van","29066","24025.66","34348.14"
"2026-01-08","MY","Selangor","MY","Johor","FedEx","19150","12664.55","35217.35"
"2026-01-08","PH","Northern Mindanao","PH","NCR","Ninja Van","22889","15181.71","87290.55"
"2026-01-08","PH","West Visayas","PH","West Visayas","J&T","23111","13338.26","26241.59"
"2026-01-08","PH","Central Luzon","PH","Central Visayas","J&T","34438","24774.76","98636.03"
"2026-01-08","TH","Chonburi","TH","Korat","Ninja Van","23772","13351.39","35852.84"
"2026-01-08","TH","Chonburi","TH","Phuket","Kerry Express","24095","16805.88","86582.93"
"2026-01-08","TH","Surat Thani","TH","Nonthaburi","Kerry Express","21346","14692.52","79946.32"
"2026-01-08","MY","Sarawak","MY","Kuala Lumpur","Pos Malaysia","14573","10055.47","73320.96"
"2026-01-08","MY","Kedah","MY","Kedah","Pos Malaysia","33205","28894.56","53580.27"
"2026-01-08","PH","NCR","PH","SOCCSKSARGEN","LBC Express","26402","22498.25","124852.08"
"2026-01-08","TH","Songkhla","TH","Songkhla","Ninja Van","16502","13947.35","19875.7"
"2026-01-08","MY","Negeri Sembilan","MY","Penang","Ninja Van","28965","20540.13","69744.18"
"2026-01-08","TH","Surat Thani","TH","Phuket","Ninja Van","16845","11218.79","30108.33"
"2026-01-08","TH","Surat Thani","TH","Khon Kaen","Kerry Express","13869","13256.68","73884.07"
"2026-01-08","PH","Calabarzon","PH","Central Luzon","2GO Express","14603","11268.71","18959.67"
"2026-01-08","TH","Songkhla","TH","Chiang Mai","Kerry Express","9757","8496.61","65170.53"
"2026-01-08","PH","Calabarzon","PH","Calabarzon","J&T","20561","12712.33","22418.99"
"2026-01-08","TH","Phuket","TH","Phuket","Ninja Van","14893","9344.0","17099.2"
"2026-01-08","MY","Uknown","MY","Selangor","J&T","28942","21294.26","125064.85"
"2026-01-08","TH","BKK","TH","Phuket","J&T","19184","11899.27","54961.63"
"2026-01-08","PH","Central Visayas","PH","NCR","LBC Express","20661","13564.72","65059.91"
"2026-01-08","PH","Central Visayas","PH","Northern Mindanao","LBC Express","37216","28586.29","72347.49"
"2026-01-08","PH","West Visayas","PH","Central Luzon","Ninja Van","16879","12948.57","39646.45"
"2026-01-08","TH","Phuket","TH","Khon Kaen","Kerry Express","8744","8229.88","44854.22"
"2026-01-08","MY","Kedah","MY","Unknown","Ninja Van","13195","10097.08","66353.89"
"2026-01-08","PH","Calabarzon","PH","Ilocos Region","J&T","30313","25895.14","46218.19"
"2026-01-08","ID","Jakarta","ID","Central Java","Pos Indonesia","12931","9839.7","27395.56"
"2026-01-08","ID","Banten","ID","East Java","J&T","25742","19127.11","74746.1"
"2026-01-08","TH","BKK","TH","Nonthaburi","J&T","41419","25395.88","42380.07"
"2026-01-08","TH","Songkhla","TH","BKK","Ninja Van","19530","11790.23","62285.64"
"2026-01-08","TH","Korat","TH","Khon Kaen","Ninja Van","31186","29052.57","46752.43"
"2026-01-08","PH","West Visayas","PH","Bicol Region","Ninja Van","40496","36132.93","71457.9"
"2026-01-08","MY","Johor","MY","Penang","Pos Malaysia","17615","12726.04","54649.57"
"2026-01-08","ID","Central Java","ID","East Java","J&T","13223","10260.5","22223.61"
"2026-01-08","ID","South Sulawesi","ID","East Java","Pos Indonesia","9492","7472.11","37428.67"
"2026-01-08","ID","South Sulawesi","ID","Banten","Ninja Van","20390","14213.88","122224.06"
"2026-01-08","ID","South Sulawesi","ID","West Java","J&T","35053","21372.69","194009.34"
"2026-01-08","ID","Central Java","ID","Banten","J&T","21256","13406.58","51643.38"
"2026-01-08","ID","South Sulawesi","ID","South Sulawesi","SiCepat","40712","31556.79","71851.5"
"2026-01-08","PH","Central Visayas","PH","SOCCSKSARGEN","2GO Express","15519","12769.44","34685.25"
"2026-01-08","ID","Central Java","ID","Jakarta","Ninja Van","34912","23411.24","74985.28"
"2026-01-08","PH","Central Visayas","PH","Bicol Region","2GO Express","27133","23541.66","53149.56"
"2026-01-08","TH","BKK","TH","Nakhon Sawan","J&T","21826","15527.87","36049.98"
"2026-01-08","MY","Sarawak","MY","Penang","J&T","32678","22326.25","156619.76"
"2026-01-08","PH","Central Visayas","PH","Calabarzon","2GO Express","13334","8286.18","33161.81"
"2026-01-08","ID","North Sumatra","ID","North Sumatra","Pos Indonesia","27605","22292.19","33800.97"
"2026-01-08","TH","BKK","TH","BKK","DHL","16318","9433.72","18830.03"
"2026-01-08","ID","Central Java","ID","South Sulawesi","Pos Indonesia","26335","20837.38","100108.97"
"2026-01-08","MY","Johor","MY","Perak","Pos Malaysia","38356","31021.46","105221.96"
"2026-01-08","ID","Bali","ID","Central Java","Pos Indonesia","24813","18680.95","74724.98"
"2026-01-08","MY","Unknown","MY","Sabah","Pos Malaysia","14571","13694.15","78903.79"
"2026-01-08","TH","Khon Kaen","TH","Nonthaburi","DHL","33816","20768.72","79680.16"
"2026-01-08","PH","Ilocos Region","PH","SOCCSKSARGEN","2GO Express","9521","7819.73","49121.76"
"2026-01-08","PH","Ilocos Region","PH","NCR","LBC Express","22204","14953.26","49202.94"
"2026-01-08","PH","Ilocos Region","PH","Calabarzon","J&T","30933","19489.31","60217.14"
"2026-01-08","PH","SOCCSKSARGEN","PH","NCR","J&T","31177","18681.06","145689.34"
"2026-01-08","MY","Selangor","MY","Perak","Ninja Van","31115","25006.05","43606.12"
"2026-01-08","TH","Khon Kaen","TH","BKK","J&T","34889","20051.72","80249.9"
"2026-01-08","MY","Kedah","MY","Sarawak","Pos Malaysia","26261","24803.91","155795.28"
"2026-01-08","MY","Selangor","MY","Kuala Lumpur","J&T","37092","25178.63","37390.42"
"2026-01-08","PH","SOCCSKSARGEN","PH","Northern Mindanao","2GO Express","28908","22100.05","55428.46"
"2026-01-08","TH","Khon Kaen","TH","Songkhla","Kerry Express","10215","9340.65","55803.21"
"2026-01-08","PH","SOCCSKSARGEN","PH","Ilocos Region","DHL","18341","15133.84","96684.05"
"2026-01-08","PH","SOCCSKSARGEN","PH","SOCCSKSARGEN","J&T","34543","26757.99","45874.44"
"2026-01-08","PH","SOCCSKSARGEN","PH","West Visayas","LBC Express","34883","20928.48","137435.49"
"2026-01-08","TH","Khon Kaen","TH","Phuket","DHL","9810","6225.95","42391.98"
"2026-01-08","TH","Khon Kaen","TH","Korat","Ninja Van","28862","16080.07","50776.7"
"2026-01-08","TH","Khon Kaen","TH","Chonburi","Ninja Van","34903","22962.47","85361.98"
"2026-01-08","ID","Banten","ID","Banten","SiCepat","33376","21509.22","46216.45"
"2026-01-08","ID","Riau","ID","East Java","DHL","41040","31987.3","273018.02"
"2026-01-08","ID","South Sulawesi","ID","Jakarta","Ninja Van","33932","22007.33","191653.81"
"2026-01-08","ID","Riau","ID","Jakarta","Pos Indonesia","39037","25646.76","166550.38"
"2026-01-08","TH","Korat","TH","Chonburi","J&T","18193","11987.06","29612.6"
"2026-01-08","ID","North Sumatra","ID","East Java","Pos Indonesia","36850","28943.0","290931.32"
"2026-01-08","TH","Nakhon Sawan","TH","Chonburi","J&T","30756","20581.42","68942.42"
"2026-01-08","MY","Unknown","MY","","Pos Malaysia","19530","16243.34","105920.18"
"2026-01-08","PH","Ilocos Region","PH","Northern Mindanao","Ninja Van","40467","30699.5","172460.35"
"2026-01-08","PH","Ilocos Region","PH","Central Visayas","J&T","32876","22839.8","125797.03"
"2026-01-08","MY","Perak","MY","Kuala Lumpur","Pos Malaysia","17456","12441.99","36405.07"
"2026-01-08","TH","BKK","TH","Chiang Mai","J&T","40840","31875.14","110065.1"
"2026-01-08","TH","Korat","TH","Songkhla","J&T","36447","30516.08","130012.34"
"2026-01-08","MY","Pahang","MY","Johor","J&T","17562","12611.02","32417.7"
"2026-01-08","TH","BKK","TH","","J&T","36594","20719.6","161329.14"
"2026-01-08","ID","Central Java","ID","Central Java","J&T","38853","25946.35","42790.76"
"2026-01-08","PH","Central Luzon","PH","West Visayas","2GO Express","33900","20618.8","80446.75"
"2026-01-08","PH","Calabarzon","PH","Northern Mindanao","DHL","30044","22717.34","88564.02"
"2026-01-08","TH","Korat","TH","Nonthaburi","Ninja Van","16425","10631.96","26212.09"
"2026-01-08","TH","Chiang Mai","TH","Korat","J&T","35057","19960.2","95656.43"
"2026-01-08","PH","Central Luzon","PH","NCR","DHL","38021","23959.02","44091.75"
"2026-01-08","PH","Central Luzon","PH","SOCCSKSARGEN","2GO Express","10658","8656.12","42331.86"
"2026-01-08","TH","Nakhon Sawan","TH","Korat","J&T","33842","19055.06","68881.48"
"2026-01-08","ID","South Sulawesi","ID","North Sumatra","Ninja Van","37166","29203.43","344830.74"
"2026-01-08","MY","Johor","MY","Sabah","J&T","12030","10335.43","60328.05"
"2026-01-08","PH","Calabarzon","PH","West Visayas","DHL","41097","23452.34","88857.21"
"2026-01-08","TH","Surat Thani","TH","Surat Thani","J&T","8693","6608.04","10960.7"
"2026-01-08","TH","Surat Thani","TH","Songkhla","Ninja Van","31679","28471.66","66467.24"
"2026-01-08","ID","Riau","ID","North Sumatra","Pos Indonesia","28546","23081.59","80132.48"
"2026-01-08","MY","Pahang","MY","Sarawak","Pos Malaysia","19249","17180.4","88163.02"
"2026-01-08","TH","Nonthaburi","TH","Songkhla","J&T","26418","22396.39","78739.73"
"2026-01-08","PH","Northern Mindanao","PH","Central Visayas","2GO Express","31308","23634.93","63760.18"
"2026-01-08","MY","Sarawak","MY","Selangor","FedEx","14736","9747.12","62503.06"
"2026-01-08","ID","Bali","ID","West Java","Pos Indonesia","27133","18073.84","100942.14"
"2026-01-08","TH","BKK","TH","Chonburi","Kerry Express","39320","27179.94","58966.32"
"2026-01-08","ID","South Sulawesi","ID","Riau","Pos Indonesia","14945","10976.92","121975.49"
"2026-01-08","PH","NCR","PH","Central Luzon","Ninja Van","38362","28676.46","45401.66"
"2026-01-08","ID","Jakarta","ID","North Sumatra","Ninja Van","17929","15146.33","86855.26"
"2026-01-08","ID","Jakarta","ID","Banten","DHL","32305","20826.16","37121.71"
"2026-01-08","TH","Nonthaburi","TH","BKK","Kerry Express","34538","21558.8","43314.08"
"2026-01-08","MY","Selangor","MY","Sarawak","FedEx","34627","27189.96","131448.0"
"2026-01-08","MY","Selangor","MY","Sabah","J&T","24709","21841.08","138614.93"
"2026-01-08","MY","Kuala Lumpur","MY","Kedah","FedEx","26357","19445.21","54652.66"
"2026-01-08","TH","Nakhon Sawan","TH","Surat Thani","Ninja Van","24261","18805.99","89161.59"
"2026-01-08","TH","Nakhon Sawan","TH","Chiang Mai","Kerry Express","25912","23569.71","82071.36"
"2026-01-08","TH","Nakhon Sawan","TH","Khon Kaen","Ninja Van","22432","20384.14","50899.89"
"2026-01-08","PH","Northern Mindanao","PH","Northern Mindanao","2GO Express","39727","31188.33","56827.33"
"2026-01-08","ID","West Java","ID","Riau","Ninja Van","34426","26845.98","139286.75"
"2026-01-08","MY","Sabah","MY","Perak","Pos Malaysia","19092","15717.69","170164.46"
"2026-01-08","TH","BKK","TH","Korat","Kerry Express","10095","5895.68","19855.56"
"2026-01-08","PH","NCR","PH","Calabarzon","2GO Express","16714","10792.16","17610.56"
"2026-01-08","TH","Chonburi","TH","Khon Kaen","J&T","35721","31646.19","74415.79"
"2026-01-08","TH","Chonburi","TH","BKK","J&T","18056","10898.74","21364.95"
"2026-01-08","TH","Chonburi","TH","Nonthaburi","Kerry Express","31777","21236.25","44915.68"
"2026-01-08","TH","Chonburi","TH","Songkhla","DHL","15579","12721.93","46277.83"
"2026-01-08","MY","Sabah","MY","Kuala Lumpur","J&T","11411","7814.9","76885.56"
"2026-01-08","PH","Central Luzon","PH","Ilocos Region","J&T","37754","34108.58","50797.32"
"2026-01-08","TH","Surat Thani","TH","Nakhon Sawan","Kerry Express","8712","6994.73","39656.96"
"2026-01-08","ID","North Sumatra","ID","","J&T","23453","13150.37","123371.36"
"2026-01-08","PH","Northern Mindanao","PH","Ilocos Region","J&T","12908","11322.5","57033.04"
"2026-01-08","MY","Sabah","MY","Sarawak","Ninja Van","38116","32081.09","157009.92"
"2026-01-08","MY","Penang","MY","Perak","J&T","28777","23463.48","38697.48"
"2026-01-08","MY","Penang","MY","Penang","Pos Malaysia","34939","26282.24","45832.84"
"2026-01-08","PH","Ilocos Region","PH","Bicol Region","Ninja Van","38754","35476.58","102062.1"
"2026-01-08","MY","Penang","MY","Sarawak","Pos Malaysia","35641","33657.5","187430.68"
"2026-01-08","MY","Sabah","MY","Selangor","Pos Malaysia","38183","27946.73","343077.64"
"2026-01-08","MY","Sabah","MY","Johor","Ninja Van","29811","21971.6","185490.87"
"2026-01-08","PH","West Visayas","PH","Calabarzon","2GO Express","11365","7466.63","23248.59"
"2026-01-08","PH","Central Visayas","PH","Central Luzon","2GO Express","27337","20157.55","77631.79"
"2026-01-08","TH","Surat Thani","TH","Chiang Mai","Ninja Van","21260","18082.76","98399.63"
"2026-01-08","TH","Nakhon Sawan","TH","Nakhon Sawan","Kerry Express","22441","18062.58","37503.33"
"2026-01-08","ID","East Java","ID","Central Java","Pos Indonesia","12067","8300.32","20616.77"
"2026-01-08","MY","Penang","MY","Kuala Lumpur","Ninja Van","28274","19218.85","49904.94"
"2026-01-08","MY","Penang","MY","Selangor","Pos Malaysia","12238","9254.01","28641.33"
"2026-01-08","PH","Uknown","PH","Uknown","DHL","10017","7481.31","47288.11"
"2026-01-08","TH","Phuket","TH","Korat","Kerry Express","33361","19388.34","149011.68"
"2026-01-08","MY","Penang","MY","Pahang","Pos Malaysia","28229","23401.89","74486.67"
"2026-01-08","MY","Kedah","MY","Johor","J&T","24366","17991.36","73110.11"
"2026-01-08","PH","Ilocos Region","PH","Ilocos Region","LBC Express","14079","12957.36","22678.5"
"2026-01-08","MY","Kedah","MY","Negeri Sembilan","Ninja Van","14352","10998.71","34347.52"
"2026-01-08","ID","North Sumatra","ID","Bali","Ninja Van","31131","22665.09","276281.14"
"2026-01-08","TH","Phuket","TH","BKK","Kerry Express","9251","5803.86","32988.08"
"2026-01-08","ID","East Java","ID","East Java","Pos Indonesia","37904","29465.24","40222.35"
"2026-01-08","MY","Kedah","MY","Perak","Pos Malaysia","10339","8841.2","21052.76"
"2026-01-08","TH","Songkhla","TH","Phuket","Ninja Van","25911","16655.13","46858.3"
"2026-01-08","TH","Surat Thani","TH","Chonburi","Ninja Van","33220","22104.44","99290.67"
"2026-01-08","TH","Phuket","TH","Chonburi","J&T","16682","11008.21","46349.82"
"2026-01-08","TH","Songkhla","TH","Uknown","Ninja Van","32674","17625.94","160314.55"
"2026-01-08","TH","Phuket","TH","Chiang Mai","Ninja Van","25963","20790.23","117071.17"
"2026-01-08","MY","Kedah","MY","Selangor","J&T","31941","24492.37","72786.08"
"2026-01-08","PH","Ilocos Region","PH","Central Luzon","J&T","14315","10606.3","22031.62"
"2026-01-08","TH","Phuket","TH","Unknown","J&T","0","0.0","0.0"
"2026-01-08","TH","Chiang Mai","TH","Chonburi","Kerry Express","34387","24187.48","135036.71"
"2026-01-08","TH","Khon Kaen","TH","Chiang Mai","Kerry Express","28843","25827.68","97312.18"
"2026-01-08","PH","SOCCSKSARGEN","PH","Central Luzon","Ninja Van","12834","9458.47","59698.65"
"2026-01-08","ID","East Java","ID","Banten","SiCepat","44075","28225.55","179345.28"
"2026-01-08","ID","East Java","ID","Riau","SiCepat","36182","26435.56","252295.97"
"2026-01-08","MY","Negeri Sembilan","MY","Kuala Lumpur","FedEx","32438","19565.44","42508.36"
"2026-01-08","MY","Sabah","MY","Penang","Ninja Van","9448","6695.41","67986.8"
"2026-01-08","MY","Selangor","MY","Selangor","Ninja Van","33513","24088.57","36806.73"
"2026-01-08","ID","West Java","ID","Banten","J&T","18586","11969.57","27552.93"
"2026-01-08","PH","NCR","PH","NCR","LBC Express","16283","10977.07","22628.88"
"2026-01-08","ID","West Java","ID","Central Java","J&T","35249","24087.98","67303.46"
"2026-01-08","PH","NCR","PH","Bicol Region","LBC Express","31692","29207.24","68127.31"
"2026-01-08","MY","Pahang","MY","Negeri Sembilan","J&T","30258","22490.23","51830.73"
"2026-01-08","PH","West Visayas","PH","Central Visayas","LBC Express","16893","12889.21","29592.93"
"2026-01-08","MY","Kedah","MY","Kuala Lumpur","J&T","9363","6401.34","21535.54"
"2026-01-08","MY","Penang","MY","Negeri Sembilan","Pos Malaysia","18241","14274.55","42648.59"
"2026-01-08","MY","Pahang","MY","Perak","Pos Malaysia","9111","7682.05","21156.89"
"2026-01-08","PH","Central Luzon","PH","Bicol Region","Ninja Van","14136","12717.99","26259.27"
"2026-01-08","PH","West Visayas","PH","SOCCSKSARGEN","Ninja Van","25804","21255.06","62083.36"
"2026-01-08","TH","Phuket","TH","Nonthaburi","J&T","29233","17730.87","86441.88"
"2026-01-08","TH","Chiang Mai","TH","Nonthaburi","Kerry Express","10248","7002.58","39688.17"
"2026-01-08","ID","Jakarta","ID","Riau","Pos Indonesia","35532","27974.96","129074.19"
"2026-01-08","MY","Pahang","MY","Pahang","Ninja Van","37395","29292.69","45575.97"
"2026-01-08","PH","Bicol Region","PH","West Visayas","J&T","17657","9600.71","37448.87"
"2026-01-08","PH","Bicol Region","PH","NCR","Ninja Van","20641","12942.46","42443.81"
"2026-01-08","PH","NCR","PH","West Visayas","2GO Express","36411","21587.22","86593.54"
"2026-01-08","MY","Selangor","MY","Penang","FedEx","29930","19684.77","52884.52"
"2026-01-08","PH","Bicol Region","PH","Central Visayas","Ninja Van","37285","26710.8","83049.42"
"2026-01-08","TH","Nonthaburi","TH","Surat Thani","J&T","9753","7342.64","23117.17"
"2026-01-08","PH","Northern Mindanao","PH","Calabarzon","J&T","37648","23584.13","148735.48"
"2026-01-08","ID","West Java","ID","North Sumatra","Pos Indonesia","29981","23651.09","165730.11"
"2026-01-08","MY","Sarawak","MY","Pahang","J&T","19453","14492.99","71035.74"
"2026-01-08","ID","Bali","ID","North Sumatra","J&T","15355","11840.79","134698.07"
"2026-01-08","TH","Nonthaburi","TH","Phuket","Ninja Van","16731","10830.67","10031.13"
"2026-01-08","ID","Jakarta","ID","South Sulawesi","J&T","36283","28374.43","178860.94"
"2026-01-08","ID","Jakarta","ID","West Java","Ninja Van","12541","8664.12","15744.66"
"2026-01-08","MY","Pahang","MY","Penang","J&T","25091","17696.82","57210.87"
"2026-01-08","TH","Nakhon Sawan","TH","Songkhla","Kerry Express","35415","31722.32","192163.64"
"2026-01-08","PH","West Visayas","PH","Northern Mindanao","Ninja Van","39193","29849.76","76620.56"
"2026-01-08","MY","Pahang","MY","","Ninja Van","15108","10491.84","75374.32"
"2026-01-08","PH","SOCCSKSARGEN","PH","Central Visayas","Ninja Van","16992","11829.67","47541.3"
"2026-01-08","PH","Bicol Region","PH","Calabarzon","LBC Express","29365","19149.49","74577.8"
"2026-01-08","MY","Perak","MY","Pahang","Ninja Van","27277","21048.81","50794.57"
"2026-01-08","MY","Perak","MY","Penang","Pos Malaysia","27164","19929.84","49072.74"
"2026-01-08","MY","Sabah","MY","Negeri Sembilan","Pos Malaysia","36731","29462.65","301208.68"
"2026-01-08","MY","Sabah","MY","Sabah","Pos Malaysia","12255","11134.7","20579.88"
"2026-01-08","TH","Surat Thani","TH","BKK","J&T","25066","14532.03","73289.5"
"2026-01-08","MY","Negeri Sembilan","MY","Negeri Sembilan","Pos Malaysia","24984","18711.3","38183.16"
"2026-01-08","MY","Negeri Sembilan","MY","Kedah","Ninja Van","9672","7689.35","24215.87"
"2026-01-08","MY","Negeri Sembilan","MY","Sabah","Ninja Van","30367","26055.48","191421.28"
"2026-01-08","MY","Sabah","MY","Pahang","J&T","33714","25761.62","201535.08"
"2026-01-08","TH",,"TH","Chiang Mai","Ninja Van","0","0.0","0.0"
"2026-01-08","MY","Kuala Lumpur","MY","Sabah","Pos Malaysia","16980","15313.72","115504.79"
"2026-01-08","ID","Banten","ID","Central Java","J&T","31871","20942.65","70895.69"
"2026-01-08","MY","Kuala Lumpur","MY","Negeri Sembilan","Pos Malaysia","38701","29179.03","52861.14"
"2026-01-08","TH","Nonthaburi","TH","Korat","Ninja Van","34345","19144.35","55809.65"
"2026-01-08","TH","Songkhla","TH","Surat Thani","Ninja Van","23394","18403.37","44444.62"
"2026-01-08","TH","Songkhla","TH","Chonburi","Kerry Express","15422","11102.26","60448.7"
"2026-01-08","TH","Nonthaburi","TH","Nakhon Sawan","Ninja Van","24534","18226.34","36812.41"
"2026-01-08","TH","Songkhla","TH","Khon Kaen","Ninja Van","15285","13476.37","66342.92"
"2026-01-08","MY","Kuala Lumpur","MY","Penang","J&T","27036","18644.43","48870.18"
"2026-01-08","MY","Kuala Lumpur","MY","Pahang","Pos Malaysia","34167","27607.34","66591.03"
"2026-01-08","MY","Kuala Lumpur","MY","Sarawak","J&T","34128","28101.5","128445.71"
"2026-01-08","PH","Northern Mindanao","PH","Central Luzon","2GO Express","32396","24985.78","133866.29"
"2026-01-08","ID","East Java","ID","Jakarta","Pos Indonesia","42348","26983.05","120968.56"
"2026-01-08","TH","Nakhon Sawan","TH","BKK","Ninja Van","26044","15453.85","52507.3"
"2026-01-08","ID","Central Java","ID","West Java","Pos Indonesia","13212","8813.12","25329.81"
"2026-01-08","PH","Bicol Region","PH","Central Luzon","LBC Express","38269","29002.11","112833.05"
"2026-01-08","PH","Bicol Region","PH","Northern Mindanao","2GO Express","36535","28043.94","114663.7"
"2026-01-08","TH","Chiang Mai","TH","BKK","Ninja Van","24531","14449.31","77191.15"
"2026-01-08","TH","Chiang Mai","TH","Phuket","Ninja Van","29583","19607.05","149709.27"
"2026-01-08","MY","Kuala Lumpur","MY",,"Pos Malaysia","17659","14216.35","95931.04"
"2026-01-08","MY","Perak","MY","Johor","J&T","36182","25844.86","93609.9"
"2026-01-08","ID","Bali","ID","Banten","Pos Indonesia","30023","20877.81","132007.9"
"2026-01-08","MY","Perak","MY","Selangor","J&T","24174","17842.81","38484.31"
"2026-01-08","MY","Perak","MY","Sabah","DHL","9898","8174.71","63135.91"
"2026-01-08","PH","Central Luzon","PH","Northern Mindanao","J&T","36386","26712.1","116451.29"
"2026-01-08","ID","Riau","ID","South Sulawesi","J&T","25111","19511.83","217764.36"
"2026-01-08","TH","Korat","TH","Chiang Mai","Kerry Express","11243","10276.83","34484.77"
"2026-01-08","ID","Jakarta","ID","Jakarta","Pos Indonesia","24386","15977.4","26270.13"
"2026-01-08","ID","Banten","ID","West Java","DHL","20218","12085.38","31035.21"
"2026-01-08","ID","Banten","ID","Bali","J&T","18098","12275.26","69519.56"
"2026-01-08","ID","Banten","ID","Jakarta","DHL","29081","17150.93","33500.03"
"2026-01-08","TH","Khon Kaen","TH","","J&T","22755","12978.37","118937.08"
"2026-01-08","MY","Johor","MY","Pahang","J&T","31335","24097.42","52852.21"
"2026-01-08","ID","Bali","ID","East Java","J&T","25951","20810.1","53554.9"
"2026-01-08","MY","Johor","MY","Johor","J&T","39971","29544.33","40958.62"
"2026-01-08","ID","South Sulawesi","ID","Central Java","Ninja Van","10397","7578.64","49266.15"
"2026-01-08","TH","Nonthaburi","TH","Khon Kaen","Kerry Express","24683","23505.1","65084.39"
"2026-01-08","TH","Chiang Mai","TH","Chiang Mai","Ninja Van","17366","14395.14","20687.43"
"2026-01-08","TH","Chiang Mai","TH","Nakhon Sawan","Kerry Express","23573","19075.5","70684.36"
"2026-01-08","PH","Northern Mindanao","PH","SOCCSKSARGEN","J&T","13660","10558.06","27658.08"
"2026-01-08","MY","Penang","MY","Johor","J&T","21144","15395.45","56506.89"
"2026-01-08","ID","North Sumatra","ID","West Java","J&T","37205","22699.77","239095.92"
"2026-01-08","ID","East Java","ID","South Sulawesi","DHL","33509","25659.98","102649.05"
"2026-01-08","TH","BKK","TH","Songkhla","Kerry Express","38097","34199.93","143119.83"
"2026-01-08","PH","Northern Mindanao","PH","Bicol Region","Ninja Van","36082","32585.63","116456.18"
"2026-01-08","ID","West Java","ID","Bali","DHL","30400","20589.64","102643.77"
"2026-01-08","PH","Central Visayas","PH","Central Visayas","J&T","25461","16901.65","27461.24"
"2026-01-08","ID","West Java","ID","South Sulawesi","SiCepat","33112","25429.3","197555.93"
"2026-01-08","MY","Sarawak","MY","Kedah","Pos Malaysia","13884","11448.16","86722.02"
"2026-01-08","ID","Riau","ID","Bali","Pos Indonesia","14221","10895.36","109616.42"
"2026-01-08","ID","Riau","ID","Central Java","Pos Indonesia","15423","10953.0","85505.58"
"2026-01-08","PH","NCR","PH","Central Visayas","J&T","37872","26057.55","95316.68"
"2026-01-08","ID","West Java","ID","West Java","Pos Indonesia","39498","25348.99","45072.43"
"2026-01-09","TH","Chiang Mai","TH","Chiang Mai","DHL","10938","8816.33","12739.48"
"2026-01-09","TH","Chiang Mai","TH","Phuket","FedEx","22320","13918.56","115029.68"
"2026-01-09","TH","BKK","TH","Khon Kaen","Kerry Express","37058","34190.69","91768.19"
"2026-01-09","TH","Songkhla","TH","Chiang Mai","DHL","29307","23422.11","145976.37"
"2026-01-09","TH","Songkhla","TH","Songkhla","FedEx","12822","9984.76","15453.13"
"2026-01-09","PH","NCR","PH","SOCCSKSARGEN","2GO Express","29276","23329.4","109560.54"
"2026-01-09","PH","NCR","PH","Central Visayas","2GO Express","24874","19834.6","65025.69"
"2026-01-09","MY","Perak","MY","Sabah","J&T","35711","33879.66","235396.2"
"2026-01-09","PH","NCR","PH","West Visayas","Ninja Van","18574","11542.79","43438.46"
"2026-01-09","TH","Songkhla","TH","Khon Kaen","Ninja Van","31110","26360.72","137678.18"
"2026-01-09","PH","Calabarzon","PH","Central Luzon","LBC Express","21296","16052.06","34937.94"
"2026-01-09","PH","Central Luzon","PH","Bicol Region","J&T","19214","17031.88","38168.2"
"2026-01-09","TH","Songkhla","TH","Korat","J&T","22805","14547.48","84865.0"
"2026-01-09","ID","Bali","ID","Bali","Ninja Van","18053","14520.98","21496.91"
"2026-01-09","MY","Sarawak","MY","Sarawak","Ninja Van","18370","15145.54","10606.93"
"2026-01-09","TH","Korat","TH","Chiang Mai","Ninja Van","26354","22120.46","291141.82"
"2026-01-09","PH","Central Luzon","PH","West Visayas","LBC Express","13924","8793.08","42186.73"
"2026-01-09","PH","Central Visayas","PH","SOCCSKSARGEN","Ninja Van","16763","11819.22","37772.32"
"2026-01-09","MY","Penang","MY","Johor","Ninja Van","19945","14502.54","8820.06"
"2026-01-09","MY","Kuala Lumpur","MY","Kedah","J&T","25227","21656.35","50476.9"
"2026-01-09","MY","","MY",,"J&T","33377","22828.5","156358.55"
"2026-01-09","PH","Bicol Region","PH","SOCCSKSARGEN","Ninja Van","23703","17668.57","86268.89"
"2026-01-09","TH","BKK","TH","Chonburi","Ninja Van","19919","12870.89","22779.65"
"2026-01-09","PH","Bicol Region","PH","Northern Mindanao","Ninja Van","21498","15895.42","67747.32"
"2026-01-09","PH","Bicol Region","PH","Central Visayas","2GO Express","27934","21808.33","63630.14"
"2026-01-09","TH","Nonthaburi","TH","Songkhla","J&T","24655","19330.24","78377.48"
"2026-01-09","MY","Negeri Sembilan","MY","Negeri Sembilan","J&T","11918","9176.6","14702.3"
"2026-01-09","MY","Negeri Sembilan","MY","Kedah","J&T","17956","16119.57","46972.05"
"2026-01-09","ID","Bali","ID","Central Java","Pos Indonesia","30776","23235.58","93307.95"
"2026-01-09","MY","Negeri Sembilan","MY","Pahang","J&T","32766","25155.5","58841.38"
"2026-01-09","MY","Negeri Sembilan","MY","Perak","Pos Malaysia","28663","23588.13","70245.13"
"2026-01-09","MY","Negeri Sembilan","MY","Johor","FedEx","27336","18066.49","56460.77"
"2026-01-09","MY","Negeri Sembilan","MY","Penang","Pos Malaysia","12767","9359.59","38000.99"
"2026-01-09","MY","Negeri Sembilan","MY","Kuala Lumpur","Ninja Van","26657","17858.14","37009.28"
"2026-01-09","TH","Korat","TH","Korat","Ninja Van","31129","20541.65","33964.36"
"2026-01-09","PH","West Visayas","PH","Ilocos Region","J&T","18020","16548.02","51141.2"
"2026-01-09","PH","Central Luzon","PH","Central Visayas","J&T","36900","27435.08","100634.97"
"2026-01-09","PH","Northern Mindanao","PH","Bicol Region","LBC Express","20602","19508.63","84613.1"
"2026-01-09","MY","Kuala Lumpur","MY","Johor","Ninja Van","17543","12738.08","30928.94"
"2026-01-09","PH","Central Luzon","PH","Ilocos Region","Ninja Van","19398","17785.59","24255.01"
"2026-01-09","PH","Central Luzon","PH","Northern Mindanao","DHL","39398","28311.09","126344.7"
"2026-01-09","TH","Chonburi","TH","Khon Kaen","J&T","34444","28960.54","72642.72"
"2026-01-09","MY","Johor","MY","Penang","J&T","10591","7329.31","27956.82"
"2026-01-09","MY","Johor","MY","Johor","Ninja Van","29882","20852.18","31659.18"
"2026-01-09","MY","Sarawak","MY","Kuala Lumpur","Pos Malaysia","35616","24899.87","197231.13"
"2026-01-09","PH","Calabarzon","PH","West Visayas","LBC Express","34423","22261.56","94588.49"
"2026-01-09","ID","South Sulawesi","ID","North Sumatra","J&T","14238","9316.23","137831.34"
"2026-01-09","TH","Korat","TH","Surat Thani","Kerry Express","19200","16969.6","72434.96"
"2026-01-09","ID","Bali","ID","South Sulawesi","Pos Indonesia","21615","18885.13","67323.13"
"2026-01-09","TH","Korat","TH","Nonthaburi","J&T","29123","17229.49","44887.68"
"2026-01-09","MY","Johor","MY","Pahang","J&T","38139","29723.25","66692.96"
"2026-01-09","TH","Korat","TH","Khon Kaen","Kerry Express","11372","10409.33","21850.16"
"2026-01-09","TH","Surat Thani","TH","Songkhla","Ninja Van","23954","19686.69","50361.16"
"2026-01-09","ID","Bali","ID","West Java","Pos Indonesia","28313","18122.34","107426.31"
"2026-01-09","ID","South Sulawesi","ID","West Java","Pos Indonesia","38596","23579.64","208102.9"
"2026-01-09","ID","South Sulawesi","ID","Jakarta","Pos Indonesia","19885","12493.74","121683.8"
"2026-01-09","ID","Central Java","ID","South Sulawesi","Pos Indonesia","42136","37446.66","154140.68"
"2026-01-09","TH","BKK","TH","Korat","Kerry Express","16299","10680.25","32331.81"
"2026-01-09","ID","Central Java","ID","Central Java","J&T","32547","22733.79","36781.86"
"2026-01-09","PH","Central Visayas","PH","Bicol Region","J&T","17572","15495.76","32588.86"
"2026-01-09","ID","South Sulawesi","ID","South Sulawesi","Ninja Van","37067","31182.09","46641.61"
"2026-01-09","ID","South Sulawesi","ID","East Java","Ninja Van","39328","28437.67","156846.77"
"2026-01-09","ID","Central Java","ID","Jakarta","SiCepat","33438","20542.8","88947.99"
"2026-01-09","ID","Central Java","ID","East Java","Ninja Van","14634","10388.62","25513.07"
"2026-01-09","ID","Central Java","ID","West Java","DHL","29709","16818.29","56913.36"
"2026-01-09","PH","Central Visayas","PH","NCR","DHL","12330","7208.27","31589.9"
"2026-01-09","PH","Central Visayas","PH","Northern Mindanao","LBC Express","12259","9377.51","23621.5"
"2026-01-09","PH","SOCCSKSARGEN","PH","SOCCSKSARGEN","2GO Express","31117","24119.82","41669.36"
"2026-01-09","PH","SOCCSKSARGEN","PH","NCR","Ninja Van","35439","22284.41","163703.89"
"2026-01-09","TH","Khon Kaen","TH","Nonthaburi","J&T","12858","7565.56","28676.09"
"2026-01-09","TH","Khon Kaen","TH","Chonburi","Ninja Van","16590","11090.27","39832.24"
"2026-01-09","TH","Khon Kaen","TH","Nakhon Sawan","Kerry Express","26769","21850.44","72199.56"
"2026-01-09","PH","SOCCSKSARGEN","PH","Ilocos Region","2GO Express","25147","22572.69","128525.82"
"2026-01-09","TH","Korat","TH","Phuket","Kerry Express","20675","14986.97","86043.83"
"2026-01-09","TH","Khon Kaen","TH","Korat","Ninja Van","23928","16006.99","40100.63"
"2026-01-09","TH","Korat","TH","Chonburi","Ninja Van","10543","7226.1","16629.21"
"2026-01-09","PH","SOCCSKSARGEN","PH","Northern Mindanao","2GO Express","14495","10629.4","28726.52"
"2026-01-09","TH","Khon Kaen","TH","Songkhla","Kerry Express","23605","20249.31","135547.96"
"2026-01-09","TH","Khon Kaen","TH","Chiang Mai","FedEx","38222","30508.12","96996.31"
"2026-01-09","ID","Bali","ID","Banten","DHL","14026","8793.05","60809.89"
"2026-01-09","PH","SOCCSKSARGEN","PH","Central Luzon","LBC Express","27353","19948.88","173844.99"
"2026-01-09","PH","SOCCSKSARGEN","PH","Calabarzon","2GO Express","14775","9403.3","66410.38"
"2026-01-09","PH","SOCCSKSARGEN","PH","West Visayas","DHL","27541","15674.67","87678.36"
"2026-01-09","TH","Khon Kaen","TH","Phuket","J&T","21936","13693.63","103715.0"
"2026-01-09","ID","North Sumatra","ID","Banten","Pos Indonesia","23977","15300.3","142878.62"
"2026-01-09","PH","Ilocos Region","PH","NCR","J&T","39772","24677.56","71901.43"
"2026-01-09","MY","Pahang","MY","Perak","J&T","21793","17755.86","41278.45"
"2026-01-09","PH","Ilocos Region","PH","SOCCSKSARGEN","DHL","9007","6641.2","44508.83"
"2026-01-09","PH","Ilocos Region","PH","Calabarzon","2GO Express","18142","12031.98","33646.81"
"2026-01-09","MY","Johor","MY","Kedah","FedEx","33873","26610.6","90652.26"
"2026-01-09","PH","NCR","PH","NCR","2GO Express","20858","13480.17","21972.65"
"2026-01-09","TH","Nakhon Sawan","TH","Korat","FedEx","12550","7900.85","24698.58"
"2026-01-09","PH","","PH","Northern Mindanao","LBC Express","27774","21435.82","153219.72"
"2026-01-09","TH","BKK","TH","Nonthaburi","J&T","40158","23379.43","40185.67"
"2026-01-09","MY","Selangor","MY","Penang","J&T","33396","23780.62","59288.5"
"2026-01-09","TH","Nakhon Sawan","TH","Khon Kaen","Kerry Express","31749","29202.89","92984.19"
"2026-01-09","PH","Ilocos Region","PH","Central Visayas","LBC Express","16907","13954.05","81895.44"
"2026-01-09","MY","Perak","MY","Johor","J&T","35013","25195.06","87920.9"
"2026-01-09","ID","North Sumatra","ID","West Java","J&T","38481","22079.81","250182.92"
"2026-01-09","ID","North Sumatra","ID","North Sumatra","Pos Indonesia","22747","15621.13","28424.63"
"2026-01-09","PH","Ilocos Region","PH","Central Luzon","DHL","35502","25014.86","56545.46"
"2026-01-09","PH","Ilocos Region","PH","Ilocos Region","J&T","9602","8366.59","12404.6"
"2026-01-09","MY","Pahang","MY","Selangor","Ninja Van","26050","20073.07","44472.28"
"2026-01-09","PH","Central Visayas","PH","Central Luzon","Ninja Van","20502","14509.93","57455.56"
"2026-01-09","MY","Perak","MY","Selangor","Pos Malaysia","36170","28397.73","75944.62"
"2026-01-09","TH","Nakhon Sawan","TH","Chonburi","FedEx","27343","17885.34","58900.52"
"2026-01-09","TH","BKK","TH","Phuket","Ninja Van","41585","25855.67","121950.94"
"2026-01-09","TH","Nakhon Sawan","TH","Surat Thani","J&T","31766","26927.46","116297.94"
"2026-01-09","TH","Nakhon Sawan","TH","BKK","J&T","26821","15455.72","52734.07"
"2026-01-09","TH","Nakhon Sawan","TH","Nonthaburi","Ninja Van","30375","18207.26","23565.15"
"2026-01-09","MY","Selangor","MY","Sarawak","Pos Malaysia","30053","26982.12","138176.48"
"2026-01-09","MY","Sabah","MY","Pahang","Pos Malaysia","13064","11037.86","105341.36"
"2026-01-09","ID","South Sulawesi","ID","Central Java","J&T","36769","26086.36","174475.46"
"2026-01-09","TH","BKK","TH","Nakhon Sawan","Ninja Van","40008","28858.37","60657.54"
"2026-01-09","TH","Surat Thani","TH","Chonburi","Kerry Express","13704","9775.46","48471.94"
"2026-01-09","TH","Surat Thani","TH","Surat Thani","J&T","33097","27699.91","40307.89"
"2026-01-09","TH","Surat Thani","TH","Khon Kaen","J&T","30523","26134.85","126709.12"
"2026-01-09","ID","Bali","ID","East Java","Pos Indonesia","32826","24155.18","72188.57"
"2026-01-09","TH","BKK","TH","Chiang Mai","Kerry Express","32688","28193.55","107543.77"
"2026-01-09","PH","West Visayas","PH","Bicol Region","LBC Express","9417","9186.79","21860.37"
"2026-01-09","ID","Riau","ID","West Java","Pos Indonesia","37938","23441.01","188756.24"
"2026-01-09","ID","Central Java","ID","Banten","Pos Indonesia","29652","19233.07","67993.7"
"2026-01-09","TH","BKK","TH","Songkhla","Ninja Van","37387","30282.46","113371.54"
"2026-01-09","ID","South Sulawesi","ID","Riau","Pos Indonesia","27149","20304.1","217407.69"
"2026-01-09","PH","NCR","PH","Calabarzon","2GO Express","25549","16657.09","27007.69"
"2026-01-09","ID","Riau","ID","East Java","SiCepat","31875","22294.14","264324.14"
"2026-01-09","MY","Kuala Lumpur","MY","Kuala Lumpur","Pos Malaysia","35056","25091.24","47111.75"
"2026-01-09","MY","Sarawak","MY","Pahang","J&T","31070","23794.17","114862.52"
"2026-01-09","ID","Riau","ID","South Sulawesi","Pos Indonesia","27395","25129.86","226470.12"
"2026-01-09","TH","Nonthaburi","TH","Nonthaburi","Ninja Van","33319","20003.17","34831.16"
"2026-01-09","MY","Selangor","MY","Selangor","FedEx","37750","27067.53","40629.61"
"2026-01-09","MY","Selangor","MY","Perak","Ninja Van","23723","19006.58","33971.29"
"2026-01-09","MY","Selangor","MY","Sabah","DHL","37708","32394.1","209868.42"
"2026-01-09","PH","West Visayas","PH","Central Visayas","Ninja Van","38277","29465.49","53680.76"
"2026-01-09","ID","Riau","ID","Bali","J&T","24788","18446.01","185491.46"
"2026-01-09","ID","Riau","ID","Jakarta","J&T","37435","23126.38","169398.84"
"2026-01-09","MY","Sarawak","MY","Selangor","Ninja Van","22806","16668.65","93519.68"
"2026-01-09","TH","","TH","Surat Thani","Kerry Express","37200","34094.67","216291.64"
"2026-01-09","ID","West Java","ID","Riau","Ninja Van","31039","24468.84","121163.89"
"2026-01-09","ID","West Java","ID","Banten","SiCepat","35937","22422.84","66279.38"
"2026-01-09","MY","Sarawak","MY","Kedah","J&T","36891","31299.29","188974.18"
"2026-01-09","ID","South Sulawesi","ID","Banten","Pos Indonesia","30863","19729.63","181753.52"
"2026-01-09","MY","Penang","MY","Pahang","Pos Malaysia","24948","20912.23","66088.24"
"2026-01-09","ID","East Java","ID","Unknown","J&T","18875","11232.74","87715.02"
"2026-01-09","ID","East Java","ID","South Sulawesi","J&T","42033","34196.65","138402.08"
"2026-01-09","ID","North Sumatra","ID","East Java","J&T","28793","19845.95","218193.85"
"2026-01-09","MY","Penang","MY","Negeri Sembilan","Pos Malaysia","19604","16429.01","46348.01"
"2026-01-09","PH","West Visayas","PH","Northern Mindanao","DHL","32433","24489.36","60949.62"
"2026-01-09","PH","West Visayas","PH","West Visayas","J&T","39315","23075.75","41757.86"
"2026-01-09","PH","Central Visayas","PH","Calabarzon","LBC Express","17661","11709.8","54587.55"
"2026-01-09","TH","Chonburi","TH","Nonthaburi","J&T","13317","7892.88","15812.8"
"2026-01-09","TH","Chonburi","TH","Phuket","DHL","24927","15418.33","73592.56"
"2026-01-09","TH","Chonburi","TH","BKK","J&T","36879","21371.61","43137.85"
"2026-01-09","TH","Chonburi","TH","Korat","J&T","19573","12183.75","30673.22"
"2026-01-09","TH","Chonburi","TH","Chiang Mai","Ninja Van","26725","21697.41","382127.09"
"2026-01-09","PH","Central Luzon","PH","Central Luzon","Ninja Van","24679","17906.02","28434.91"
"2026-01-09","PH","Calabarzon","PH","Calabarzon","J&T","29339","19170.77","31645.08"
"2026-01-09","PH","Calabarzon","PH","Ilocos Region","Ninja Van","19102","17249.04","31326.3"
"2026-01-09","PH","Central Luzon","PH","NCR","Ninja Van","31441","19783.45","34624.55"
"2026-01-09","ID","Banten","ID","North Sumatra","Pos Indonesia","36273","25099.68","176242.54"
"2026-01-09","PH","West Visayas","PH","Calabarzon","2GO Express","17602","11677.58","37232.79"
"2026-01-09","PH","Ilocos Region","PH","Bicol Region","J&T","24743","21712.31","67160.56"
"2026-01-09","MY","Sabah","MY","Johor","J&T","14999","10729.13","98074.65"
"2026-01-09","MY","Sabah","MY","Sarawak","Ninja Van","36768","32022.42","148326.03"
"2026-01-09","TH","Unknown","TH","Songkhla","DHL","35977","28397.34","164609.0"
"2026-01-09","ID","Banten","ID","East Java","SiCepat","24132","16374.36","98476.81"
"2026-01-09","MY","Sabah","MY","Penang","J&T","12171","8843.95","87981.35"
"2026-01-09","MY","Sabah","MY","Negeri Sembilan","Pos Malaysia","37287","30574.21","310689.53"
"2026-01-09","MY","Sabah","MY","Kuala Lumpur","Pos Malaysia","12311","8879.06","110916.66"
"2026-01-09","TH","Phuket","TH","Chonburi","Ninja Van","31984","20440.85","95586.03"
"2026-01-09","PH","Calabarzon","PH","Northern Mindanao","J&T","37502","28826.81","119398.18"
"2026-01-09","TH","Phuket","TH","Nakhon Sawan","Ninja Van","9767","7265.14","35560.93"
"2026-01-09","PH","Central Luzon","PH","SOCCSKSARGEN","J&T","37109","27685.87","143570.73"
"2026-01-09","TH","Phuket","TH","Chiang Mai","DHL","10816","8249.6","48440.15"
"2026-01-09","MY","Kedah","MY","Perak","Ninja Van","31569","26723.54","51885.73"
"2026-01-09","MY","Kedah","MY","Negeri Sembilan","Pos Malaysia","18812","16447.64","54954.56"
"2026-01-09","TH","Phuket","TH","Nonthaburi","Kerry Express","16597","10571.4","58199.37"
"2026-01-09","MY","Kedah","MY","Selangor","J&T","29308","22389.93","67152.53"
"2026-01-09","TH","Phuket","TH","Korat","Kerry Express","24858","16002.05","112568.81"
"2026-01-09","MY","Kedah","MY","Penang","Ninja Van","21261","16017.35","29549.7"
"2026-01-09","TH","Phuket","TH","Khon Kaen","Ninja Van","23727","20339.48","97678.28"
"2026-01-09","TH","Nakhon Sawan","TH","Nakhon Sawan","Ninja Van","9932","7453.23","12345.81"
"2026-01-09","MY","Kedah","MY","Sarawak","Pos Malaysia","33122","30586.82","197886.13"
"2026-01-09","TH","Phuket","TH","BKK","J&T","29462","16677.38","85639.89"
"2026-01-09","MY","Kedah","MY","Johor","Pos Malaysia","24576","18906.78","98384.73"
"2026-01-09","ID","East Java","ID","East Java","J&T","23062","15896.09","24943.07"
"2026-01-09","MY","Kedah","MY","Kedah","J&T","11327","10456.05","13226.78"
"2026-01-09","MY","Sabah","MY","Selangor","J&T","25794","19097.23","184859.08"
"2026-01-09","MY","Sabah","MY","Perak","J&T","30602","24485.34","216587.38"
"2026-01-09","PH","Calabarzon","PH","Uknown","LBC Express","13992","9730.57","77721.36"
"2026-01-09","MY","Selangor","MY","Johor","Pos Malaysia","23189","17323.24","53441.0"
"2026-01-09","ID","North Sumatra","ID","Bali","SiCepat","39594","28288.24","450490.19"
"2026-01-09","MY","Penang","MY","Sarawak","Pos Malaysia","21819","19926.81","116193.04"
"2026-01-09","TH","Songkhla","TH","BKK","FedEx","12004","6847.21","39701.04"
"2026-01-09","PH","NCR","PH","Bicol Region","2GO Express","32765","29952.18","59404.36"
"2026-01-09","MY","Perak","MY","Penang","Pos Malaysia","16913","12502.8","32718.89"
"2026-01-09","ID","West Java","ID","South Sulawesi","DHL","42218","34085.11","190140.93"
"2026-01-09","ID","West Java","ID","West Java","J&T","13910","8267.88","14646.66"
"2026-01-09","ID","West Java","ID","North Sumatra","DHL","13805","8982.23","73169.57"
"2026-01-09","MY","Penang","MY","Kuala Lumpur","Ninja Van","23719","16888.13","44235.07"
"2026-01-09","MY","Penang","MY","Selangor","Pos Malaysia","23051","19087.41","50367.88"
"2026-01-09","ID","Unknown","ID","Riau","Pos Indonesia","34313","26443.75","152368.27"
"2026-01-09","ID","Unknown","ID","Banten","J&T","11455","7085.82","50284.18"
"2026-01-09","TH","Surat Thani","TH","BKK","J&T","34351","20085.54","105000.33"
"2026-01-09","ID","East Java","ID","Banten","DHL","29253","17577.53","90728.07"
"2026-01-09","MY","Selangor","MY","Kuala Lumpur","Ninja Van","11915","8212.05","12503.11"
"2026-01-09","MY","Johor","MY","Negeri Sembilan","DHL","14160","10050.2","22764.65"
"2026-01-09","TH","Surat Thani","TH","Phuket","Kerry Express","33153","22969.77","74696.76"
"2026-01-09","ID","West Java","ID","Bali","Pos Indonesia","22700","17142.03","75218.47"
"2026-01-09","ID","Bali","ID","North Sumatra","J&T","13651","9338.81","115309.48"
"2026-01-09","MY","Kuala Lumpur","MY","Sabah","DHL","28225","23186.33","151196.07"
"2026-01-09","ID","Riau","ID","Banten","Pos Indonesia","10019","6919.92","43227.18"
"2026-01-09","MY","Pahang","MY","Kedah","Ninja Van","13149","11697.49","29769.23"
"2026-01-09","MY","Pahang","MY","Johor","J&T","17945","12920.57","33495.52"
"2026-01-09","PH","Northern Mindanao","PH","Calabarzon","LBC Express","14155","9731.16","71751.52"
"2026-01-09","MY","Pahang","MY","Negeri Sembilan","Pos Malaysia","30721","26400.56","63195.61"
"2026-01-09","ID","Banten","ID","Jakarta","Pos Indonesia","26734","16740.07","32173.53"
"2026-01-09","MY","Pahang","MY","Sarawak","DHL","20402","16455.68","76010.64"
"2026-01-09","TH","Surat Thani","TH","Nakhon Sawan","J&T","28192","20631.43","105533.01"
"2026-01-09","TH","Surat Thani","TH","Nonthaburi","Ninja Van","32152","19839.34","100016.37"
"2026-01-09","ID","Jakarta","ID","Jakarta","J&T","42068","26678.98","48000.13"
"2026-01-09","MY","Kedah","MY","Kuala Lumpur","Pos Malaysia","14367","10948.84","41412.59"
"2026-01-09","TH","Nakhon Sawan","TH","Songkhla","Kerry Express","14960","12836.83","86833.04"
"2026-01-09","MY","Pahang","MY","Sabah","Ninja Van","15531","15310.78","82183.11"
"2026-01-09","MY","Pahang","MY","Pahang","Ninja Van","35097","28246.95","41248.69"
"2026-01-09","MY","Kuala Lumpur","MY","Penang","Pos Malaysia","36459","26364.63","81893.69"
"2026-01-09","TH","Nakhon Sawan","TH","Chiang Mai","J&T","31314","25192.8","77599.28"
"2026-01-09","ID","Jakarta","ID","Riau","DHL","22045","16151.43","80313.87"
"2026-01-09","TH","Nonthaburi","TH","Nakhon Sawan","Ninja Van","30948","23425.92","50132.21"
"2026-01-09","MY","Negeri Sembilan","MY","Sarawak","Ninja Van","14946","13198.05","61654.7"
"2026-01-09","MY","Kuala Lumpur","MY","Pahang","Ninja Van","33321","25717.43","52149.79"
"2026-01-09","MY","Negeri Sembilan","MY","Selangor","Pos Malaysia","30591","23580.52","50465.39"
"2026-01-09","MY","Negeri Sembilan","MY","Sabah","Ninja Van","16495","14917.32","103820.68"
"2026-01-09","TH","Nonthaburi","TH","Khon Kaen","Ninja Van","25293","21922.95","50502.22"
"2026-01-09","MY","Kuala Lumpur","MY","Negeri Sembilan","Ninja Van","28698","22220.0","31096.65"
"2026-01-09","PH","Northern Mindanao","PH","Central Luzon","LBC Express","21527","16481.67","114504.31"
"2026-01-09","PH","Bicol Region","PH","NCR","DHL","16864","10290.69","34216.36"
"2026-01-09","TH","Khon Kaen","TH","BKK","Ninja Van","11295","6636.79","27010.85"
"2026-01-09","ID","Jakarta","ID","North Sumatra","Pos Indonesia","27944","20738.21","144229.04"
"2026-01-09","ID","Jakarta","ID","Central Java","Pos Indonesia","39631","29722.3","84244.88"
"2026-01-09","ID","Jakarta","ID","West Java","Ninja Van","15500","9874.55","19841.18"
"2026-01-09","TH","Uknown","TH","Unknown","Ninja Van","31931","23030.09","138843.53"
"2026-01-09","MY","Johor","MY","Perak","Pos Malaysia","26588","22449.8","77965.16"
"2026-01-09","PH","SOCCSKSARGEN","PH","Central Visayas","Ninja Van","9685","7047.37","27513.2"
"2026-01-09","MY","Sabah","MY","Sabah","Pos Malaysia","37372","36766.42","60980.41"
"2026-01-09","PH","Bicol Region","PH","Ilocos Region","J&T","25836","22168.12","63290.63"
"2026-01-09","TH","Unknown","TH","Phuket","FedEx","13000","8262.28","57501.8"
"2026-01-09","ID","East Java","ID","Jakarta","SiCepat","38955","23133.81","140298.18"
"2026-01-09","TH","Songkhla","TH","Phuket","Ninja Van","30495","19436.7","58414.61"
"2026-01-09","ID","Jakarta","ID","South Sulawesi","J&T","9949","8368.81","51121.02"
"2026-01-09","MY","Johor","MY","Selangor","Pos Malaysia","14155","10693.71","33882.85"
"2026-01-09","MY","Penang","MY","Penang","Pos Malaysia","29178","21719.82","40288.23"
"2026-01-09","TH","Surat Thani","TH","Chiang Mai","J&T","20773","16727.0","95861.37"
"2026-01-09","MY","Sarawak","MY","Sabah","Ninja Van","35085","32310.11","127146.13"
"2026-01-09","PH","Central Visayas","PH","Central Visayas","2GO Express","26438","19400.67","26458.87"
"2026-01-09","PH","West Visayas","PH","Central Luzon","2GO Express","38665","29130.89","90379.39"
"2026-01-09","ID","Banten","ID","West Java","Pos Indonesia","34240","20625.13","49645.37"
"2026-01-09","PH","Bicol Region","PH","Central Luzon","LBC Express","28616","21152.21","84259.68"
"2026-01-09","ID","East Java","ID","Riau","Pos Indonesia","43115","33054.24","225088.23"
"2026-01-09","MY","Johor","MY","Sarawak","Ninja Van","18026","14827.55","54922.07"
"2026-01-09","PH","Bicol Region","PH","Bicol Region","J&T","14888","12892.81","18313.49"
"2026-01-09","PH","Bicol Region","PH","West Visayas","J&T","37051","21825.51","80963.48"
"2026-01-09","TH","Nonthaburi","TH","Chonburi","J&T","10356","6960.7","12740.51"
"2026-01-09","PH","Bicol Region","PH","Calabarzon","LBC Express","23787","15620.42","61471.93"
"2026-01-09","TH","Chiang Mai","TH","Khon Kaen","Ninja Van","34931","29913.28","97715.61"
"2026-01-09","TH","Chiang Mai","TH","Songkhla","J&T","10484","8163.88","53111.41"
"2026-01-09","TH","Chiang Mai","TH","Uknown","Kerry Express","0","0.0","0.0"
"2026-01-09","TH","Chiang Mai","TH","Korat","Ninja Van","15664","10032.69","43013.13"
"2026-01-09","TH","Chiang Mai","TH","Chonburi","Kerry Express","16768","11813.86","64040.43"
"2026-01-09","TH","Chiang Mai","TH","Nakhon Sawan","Ninja Van","25390","18646.73","57312.2"
"2026-01-09","TH","Chiang Mai","TH","Nonthaburi","Ninja Van","19667","12204.89","59934.47"
"2026-01-09","ID","Banten","ID","Banten","Pos Indonesia","24522","16392.67","27392.69"
"2026-01-09","PH","Northern Mindanao","PH","West Visayas","LBC Express","36873","23122.68","32301.92"
"2026-01-09","PH","Northern Mindanao","PH","SOCCSKSARGEN","J&T","34785","25255.61","71857.06"
"2026-01-09","PH","Northern Mindanao","PH","Ilocos Region","2GO Express","9198","8597.82","39922.86"
"2026-01-09","TH","Nonthaburi","TH","Korat","J&T","9308","5816.73","15076.88"
"2026-01-09","MY","Perak","MY","Pahang","DHL","28762","20899.7","55158.91"
"2026-01-09","TH","Korat","TH","Songkhla","Ninja Van","31570","25696.1","104122.73"
"2026-01-09","ID","Banten","ID","Central Java","Ninja Van","19123","14479.39","42492.46"
"2026-01-09","TH","Korat","TH","BKK","J&T","10144","5979.18","16453.65"
"2026-01-09","TH","Nonthaburi","TH","Surat Thani","Kerry Express","33331","28981.49","101467.71"
"2026-01-09","PH","Northern Mindanao","PH","NCR","Ninja Van","11334","7633.29","43632.93"
"2026-01-09","TH","Nonthaburi","TH","BKK","Kerry Express","26493","16434.43","34203.01"
"2026-01-09","ID","Riau","ID","North Sumatra","Ninja Van","18688","13308.51","51095.39"
"2026-01-09","PH","Northern Mindanao","PH","Central Visayas","LBC Express","28111","23364.86","20613.3"
"2026-01-09","MY","Perak","MY","Kuala Lumpur","Pos Malaysia","21841","15731.98","46566.07"
"2026-01-09","MY","Kuala Lumpur","MY","Selangor","J&T","20438","14712.02","21283.48"
"2026-01-09","ID","Bali","ID","Riau","SiCepat","29443","22107.95","277626.95"
"2026-01-09","MY","Pahang","MY","Penang","J&T","14775","10711.71","31980.23"
"2026-01-09","ID","Banten","ID","Bali","Pos Indonesia","39339","29390.15","155390.33"
"2026-01-09","PH","NCR","PH","Central Luzon","Ninja Van","32100","23072.32","34782.07"
"2026-01-09","PH","Ilocos Region","PH","Northern Mindanao","Ninja Van","22176","16765.59","96540.19"
"2026-01-09","TH","Nonthaburi","TH","Phuket","J&T","12228","7941.21","36272.4"
"2026-01-09","MY","Kuala Lumpur","MY","Sarawak","FedEx","11203","8641.22","40946.97"
"2026-01-09","MY","Johor","MY","Sabah","Ninja Van","30037","27300.7","147886.77"
"2026-01-09","TH","Songkhla","TH","Chonburi","J&T","28204","18104.7","88972.69"
"2026-01-09","PH","West Visayas","PH","SOCCSKSARGEN","Ninja Van","32894","24584.27","82322.72"
"2026-01-09","ID","Riau","ID","Central Java","Pos Indonesia","12380","9185.19","66808.58"
"2026-01-09","MY","Sarawak","MY","Penang","J&T","11200","8046.53","52585.81"
"2026-01-09","ID","West Java","ID","Central Java","Pos Indonesia","15714","11426.08","29660.76"
"2026-01-10","TH","Chiang Mai","TH","Chiang Mai","Ninja Van","15412","15960.15","21736.29"
"2026-01-10","TH","BKK","TH","Chonburi","J&T","27068","20091.88","37763.72"
"2026-01-10","PH","Central Visayas","PH","SOCCSKSARGEN","J&T","23174","18803.01","57448.0"
"2026-01-10","PH","Northern Mindanao","PH","SOCCSKSARGEN","Ninja Van","22004","19213.85","51779.87"
"2026-01-10","TH","Chiang Mai","TH","Songkhla","J&T","17502","16689.55","110394.04"
"2026-01-10","TH","Chiang Mai","TH","Korat","Kerry Express","10089","7187.96","40513.87"
"2026-01-10","TH","BKK","TH","Songkhla","J&T","20303","19625.3","68706.95"
"2026-01-10","ID","Bali","ID","Bali","DHL","8221","7111.37","11945.26"
"2026-01-10","TH","Korat","TH","Surat Thani","J&T","15936","14959.39","57346.04"
"2026-01-10","TH","Korat","TH","BKK","J&T","17956","13064.73","34027.99"
"2026-01-10","TH","Korat","TH","Khon Kaen","Kerry Express","24382","25665.32","49407.95"
"2026-01-10","TH","Korat","TH","Phuket","Ninja Van","15385","11555.59","61080.53"
"2026-01-10","MY","Johor","MY","Penang","Pos Malaysia","19329","16791.93","70282.07"
"2026-01-10","MY","Johor","MY","Sabah","Pos Malaysia","26496","27803.44","188641.5"
"2026-01-10","ID","Bali","ID","Banten","SiCepat","19162","14146.18","130826.7"
"2026-01-10","TH","Korat","TH","Chiang Mai","J&T","25973","25363.43","72240.12"
"2026-01-10","ID","Bali","ID","Central Java","J&T","18124","14520.21","60201.39"
"2026-01-10","MY","Johor","MY","Sarawak","Pos Malaysia","10653","10729.62","46862.21"
"2026-01-10","TH","Songkhla","TH","BKK","Kerry Express","7292","5311.32","35669.84"
"2026-01-10","TH","Songkhla","TH","Chiang Mai","Kerry Express","17944","19106.78","135380.49"
"2026-01-10","ID","Banten","ID","Jakarta","Pos Indonesia","23360","17035.94","31631.31"
"2026-01-10","ID","Banten","ID","North Sumatra","Pos Indonesia","23197","19586.6","122919.09"
"2026-01-10","PH","NCR","PH","Central Luzon","LBC Express","23229","20240.98","36723.24"
"2026-01-10","PH","NCR","PH","Calabarzon","LBC Express","9465","7288.84","15046.78"
"2026-01-10","PH","NCR","PH","West Visayas","Ninja Van","20042","14328.99","54291.1"
"2026-01-10","PH","NCR","PH","Central Visayas","DHL","7719","6754.91","22408.92"
"2026-01-10","PH","SOCCSKSARGEN","PH","West Visayas","2GO Express","18353","13261.44","66064.75"
"2026-01-10","PH","NCR","PH","Bicol Region","J&T","9167","8497.53","19333.0"
"2026-01-10","MY","Kedah","MY","Kuala Lumpur","FedEx","25638","19605.56","65190.9"
"2026-01-10","PH","Bicol Region","PH","Ilocos Region","Ninja Van","21806","20870.77","64841.57"
"2026-01-10","PH","Bicol Region","PH","NCR","Ninja Van","8492","5822.52","20263.01"
"2026-01-10","PH","Bicol Region","PH","Central Luzon","DHL","27135","21058.03","70122.38"
"2026-01-10","PH","Bicol Region","PH","Bicol Region","Ninja Van","24362","22111.91","33665.44"
"2026-01-10","ID","West Java","ID","South Sulawesi","SiCepat","8591","7918.98","56895.89"
"2026-01-10","TH","Nonthaburi","TH","Phuket","Ninja Van","19011","15006.8","62693.28"
"2026-01-10","MY","Negeri Sembilan","MY","Pahang","J&T","9417","8462.8","19870.06"
"2026-01-10","TH","Songkhla","TH","Khon Kaen","Ninja Van","22038","21336.65","109822.19"
"2026-01-10","PH","Unknown","PH","Calabarzon","J&T","9176","6688.0","45295.86"
"2026-01-10","PH","Unknown","PH","Uknown","LBC Express","12932","11459.76","80909.37"
"2026-01-10","PH","Unknown","PH","Unknown","J&T","16517","12922.29","85957.81"
"2026-01-10","ID","Banten","ID","Banten","Ninja Van","25833","19737.0","31967.02"
"2026-01-10","TH","Songkhla","TH","Surat Thani","J&T","17707","16391.18","38353.17"
"2026-01-10","PH","West Visayas","PH","Central Visayas","2GO Express","9997","8971.73","16723.59"
"2026-01-10","ID","Bali","ID","South Sulawesi","DHL","16146","15193.2","54404.6"
"2026-01-10","TH","Nonthaburi","TH","Korat","Ninja Van","14204","9367.49","24332.78"
"2026-01-10","PH","Central Luzon","PH","Northern Mindanao","J&T","10527","10200.45","41476.3"
"2026-01-10","PH","Calabarzon","PH","Ilocos Region","J&T","24638","23943.43","45198.79"
"2026-01-10","PH","Northern Mindanao","PH","Northern Mindanao","Ninja Van","23516","23181.61","37328.47"
"2026-01-10","TH","Chonburi","TH","Khon Kaen","J&T","9540","9078.01","22256.0"
"2026-01-10","MY","Negeri Sembilan","MY","Perak","Pos Malaysia","17094","17534.03","47367.88"
"2026-01-10","MY","Negeri Sembilan","MY","Johor","Pos Malaysia","18099","15882.58","52396.15"
"2026-01-10","MY","Negeri Sembilan","MY","Kuala Lumpur","J&T","19705","15586.45","31115.01"
"2026-01-10","PH","Central Luzon","PH","NCR","DHL","9268","6337.75","11724.92"
"2026-01-10","ID","Riau","ID","North Sumatra","Pos Indonesia","9117","7595.22","30185.35"
"2026-01-10","ID","Riau","ID","West Java","J&T","22673","15968.62","123537.31"
"2026-01-10","MY","Negeri Sembilan","MY","Penang","Pos Malaysia","14438","12407.95","50233.95"
"2026-01-10","TH","Songkhla","TH","Songkhla","J&T","18206","17248.7","25616.01"
"2026-01-10","MY","Pahang","MY","Johor","Pos Malaysia","12422","11228.45","34209.25"
"2026-01-10","MY","Kuala Lumpur","MY","Kuala Lumpur","Pos Malaysia","18240","15310.23","26752.52"
"2026-01-10","TH","Nonthaburi","TH","BKK","Ninja Van","16511","11525.25","19537.13"
"2026-01-10","PH","Calabarzon","PH","Calabarzon","2GO Express","28247","21617.43","33366.12"
"2026-01-10","PH","Calabarzon","PH","Central Luzon","Ninja Van","10600","8935.09","14627.84"
"2026-01-10","PH","Central Luzon","PH","Central Luzon","2GO Express","28755","25120.02","35936.94"
"2026-01-10","PH","Central Luzon","PH","West Visayas","DHL","8297","5988.18","23789.5"
"2026-01-10","PH","Northern Mindanao","PH","West Visayas","2GO Express","26915","20254.84","78023.39"
"2026-01-10","ID","South Sulawesi","ID","West Java","Ninja Van","9692","6797.9","63820.39"
"2026-01-10","PH","Central Luzon","PH","Central Visayas","2GO Express","22316","19937.43","72718.74"
"2026-01-10","ID","South Sulawesi","ID","Central Java","Pos Indonesia","13058","10886.71","72994.37"
"2026-01-10","ID","Jakarta","ID","Jakarta","SiCepat","28212","20720.74","45074.85"
"2026-01-10","MY","Kuala Lumpur","MY","Johor","Pos Malaysia","9131","7904.82","22977.34"
"2026-01-10","TH","Nonthaburi","TH","Nonthaburi","Ninja Van","11308","8364.1","13541.2"
"2026-01-10","PH","SOCCSKSARGEN","PH","Central Luzon","J&T","13989","11215.94","82006.22"
"2026-01-10","ID","Central Java","ID","West Java","SiCepat","29600","19914.58","84704.37"
"2026-01-10","PH","SOCCSKSARGEN","PH","NCR","2GO Express","24863","17893.06","136733.44"
"2026-01-10","PH","Central Visayas","PH","Central Visayas","LBC Express","15091","13158.23","10442.31"
"2026-01-10","ID","Central Java","ID","Central Java","Pos Indonesia","14954","12883.21","18326.5"
"2026-01-10","PH","Central Visayas","PH","NCR","J&T","9603","6604.19","27126.25"
"2026-01-10","TH","Khon Kaen","TH","Phuket","Kerry Express","23612","18636.01","162001.18"
"2026-01-10","TH","BKK","TH","Phuket","DHL","30166","22047.6","97471.79"
"2026-01-10","TH","BKK","TH","Nonthaburi","J&T","20359","14314.67","23832.25"
"2026-01-10","PH","Central Visayas","PH","Central Luzon","DHL","19833","15419.5","61563.89"
"2026-01-10","PH","SOCCSKSARGEN","PH","Northern Mindanao","Ninja Van","13915","13518.26","30621.23"
"2026-01-10","TH","Khon Kaen","TH","Nonthaburi","Ninja Van","7266","5418.61","20149.11"
"2026-01-10","PH","SOCCSKSARGEN","PH","Calabarzon","J&T","21855","15669.47","112538.72"
"2026-01-10","MY","Johor","MY","Negeri Sembilan","Pos Malaysia","25865","22361.22","59990.58"
"2026-01-10","TH","Korat","TH","Korat","J&T","12324","8246.45","15961.68"
"2026-01-10","TH","Korat","TH","Nonthaburi","FedEx","17932","13984.16","31022.28"
"2026-01-10","MY","Johor","MY","Johor","Pos Malaysia","23321","20123.5","34158.73"
"2026-01-10","ID","Banten","ID","Central Java","Pos Indonesia","25799","21146.04","68624.01"
"2026-01-10","ID","North Sumatra","ID","Bali","Ninja Van","24724","22360.53","257179.69"
"2026-01-10","TH","Nonthaburi","TH","Songkhla","Kerry Express","19507","19999.55","82805.99"
"2026-01-10","ID","North Sumatra","ID","East Java","Pos Indonesia","9313","8687.89","84780.34"
"2026-01-10","TH","BKK","TH","Nakhon Sawan","Kerry Express","25973","22285.98","58178.94"
"2026-01-10","TH","BKK","TH","Chiang Mai","J&T","14992","14680.95","45635.41"
"2026-01-10","TH","Korat","TH","Chonburi","Ninja Van","17220","13541.34","31595.64"
"2026-01-10","ID","Bali","ID","Riau","Ninja Van","23058","21361.73","179595.7"
"2026-01-10","TH","BKK","TH","BKK","J&T","16232","10724.57","19518.33"
"2026-01-10","ID","Central Java","ID","Jakarta","Pos Indonesia","28137","21743.74","71179.25"
"2026-01-10","ID","South Sulawesi","ID","East Java","J&T","21747","18897.8","95784.38"
"2026-01-10","PH","Central Visayas","PH","Calabarzon","LBC Express","13952","10386.24","51630.93"
"2026-01-10","ID","Bali","ID","East Java","Pos Indonesia","11280","10701.8","27544.76"
"2026-01-10","MY","Perak","MY","Kuala Lumpur","J&T","17513","13922.87","32693.85"
"2026-01-10","ID","North Sumatra","ID","Uknown","Ninja Van","25184","20329.09","159357.72"
"2026-01-10","ID","North Sumatra","ID","North Sumatra","Pos Indonesia","11527","9455.32","15725.6"
"2026-01-10","TH","Nonthaburi","TH","Khon Kaen","J&T","10532","10000.65","25506.2"
"2026-01-10","MY","Kuala Lumpur","MY","Kedah","J&T","16499","15500.56","37131.56"
"2026-01-10","PH","","PH","Central Luzon","DHL","27895","22105.49","151687.61"
"2026-01-10","PH","Ilocos Region","PH","NCR","J&T","18617","12965.83","36309.86"
"2026-01-10","PH","Ilocos Region","PH","Central Visayas","J&T","15690","13551.0","66299.34"
"2026-01-10","MY","Perak","MY","Pahang","J&T","18485","17591.82","43098.62"
"2026-01-10","TH","Nakhon Sawan","TH","Surat Thani","Ninja Van","7979","7832.16","32905.11"
"2026-01-10","TH","Nakhon Sawan","TH","Khon Kaen","J&T","14238","13724.78","38606.59"
"2026-01-10","TH","Nakhon Sawan","TH","Nonthaburi","Kerry Express","21905","17290.49","57812.87"
"2026-01-10","TH","Nakhon Sawan","TH","Korat","FedEx","8911","5863.39","20907.42"
"2026-01-10","PH","West Visayas","PH","Central Luzon","DHL","11996","10048.57","34641.41"
"2026-01-10","TH","Khon Kaen","TH","Chiang Mai","Kerry Express","13898","15181.66","54641.38"
"2026-01-10","TH","Surat Thani","TH","Khon Kaen","Ninja Van","16417","17157.98","82357.46"
"2026-01-10","TH","Surat Thani","TH","Surat Thani","Kerry Express","20948","21254.05","38230.54"
"2026-01-10","TH","Surat Thani","TH","Songkhla","J&T","18876","17826.15","43634.59"
"2026-01-10","ID","South Sulawesi","ID","Jakarta","SiCepat","20067","13979.58","172555.87"
"2026-01-10","MY","Selangor","MY","Kuala Lumpur","J&T","19358","15333.25","22536.47"
"2026-01-10","MY","Johor","MY","Selangor","DHL","22509","16314.21","48165.41"
"2026-01-10","PH","West Visayas","PH","West Visayas","DHL","28449","19786.98","33208.58"
"2026-01-10","ID","Bali","ID","West Java","SiCepat","15155","11101.76","84418.7"
"2026-01-10","MY","Sarawak","MY","Kuala Lumpur","FedEx","11487","8495.49","54102.19"
"2026-01-10","TH","Khon Kaen","TH","Korat","Kerry Express","6901","4815.92","16216.64"
"2026-01-10","ID","South Sulawesi","ID","Riau","SiCepat","16386","14504.72","194504.12"
"2026-01-10","TH","BKK","TH","Khon Kaen","Kerry Express","27116","27419.74","84271.89"
"2026-01-10","ID","South Sulawesi","ID","Banten","Ninja Van","27308","20853.96","200563.66"
"2026-01-10","ID","Central Java","ID","Banten","Pos Indonesia","8415","6353.62","22428.02"
"2026-01-10","ID","South Sulawesi","ID","South Sulawesi","Ninja Van","15581","15154.34","22766.51"
"2026-01-10","ID","Central Java","ID","East Java","J&T","20891","18152.85","39015.52"
"2026-01-10","ID","South Sulawesi","ID","North Sumatra","Pos Indonesia","17782","14464.03","191303.51"
"2026-01-10","PH","West Visayas","PH","Northern Mindanao","DHL","26103","24776.77","57114.49"
"2026-01-10","MY","Penang","MY","Negeri Sembilan","Pos Malaysia","18138","16067.0","52333.06"
"2026-01-10","TH","Nakhon Sawan","TH","Nakhon Sawan","Ninja Van","11742","9644.64","17424.49"
"2026-01-10","PH","Ilocos Region","PH","Northern Mindanao","LBC Express","14291","14920.93","94926.47"
"2026-01-10","MY","Sarawak","MY","Kedah","Pos Malaysia","11350","11290.55","85003.61"
"2026-01-10","MY","Selangor","MY","Selangor","J&T","19485","15240.69","25365.32"
"2026-01-10","MY","Selangor","MY","Sabah","J&T","26423","26752.75","169006.58"
"2026-01-10","MY","Sarawak","MY","Sarawak","J&T","9841","9172.6","13064.27"
"2026-01-10","MY","Selangor","MY","Sarawak","Ninja Van","23536","23061.21","104087.79"
"2026-01-10","MY","Selangor","MY","Penang","FedEx","30012","23084.81","60729.38"
"2026-01-10","MY","Selangor","MY","Perak","Pos Malaysia","17875","19055.09","38929.14"
"2026-01-10","ID","Central Java","ID","South Sulawesi","J&T","30789","28576.11","134241.22"
"2026-01-10","TH","BKK","TH","Korat","Kerry Express","8324","5853.27","18491.88"
"2026-01-10","PH","SOCCSKSARGEN","PH","SOCCSKSARGEN","LBC Express","25101","21943.23","48748.86"
"2026-01-10","TH","Khon Kaen","TH","Nakhon Sawan","Kerry Express","16324","14636.8","50597.02"
"2026-01-10","PH","Central Visayas","PH","Bicol Region","LBC Express","18037","16920.72","49288.6"
"2026-01-10","ID","Jakarta","ID","North Sumatra","Ninja Van","11463","9710.89","63423.96"
"2026-01-10","ID","Banten","ID","East Java","Pos Indonesia","24531","22201.39","87008.16"
"2026-01-10","PH","Ilocos Region","PH","SOCCSKSARGEN","J&T","9538","8122.53","53923.75"
"2026-01-10","TH","","TH","Korat","J&T","24348","15785.97","129878.93"
"2026-01-10","MY","Pahang","MY","Sarawak","DHL","22999","21342.1","96065.3"
"2026-01-10","MY","Pahang","MY","Pahang","Pos Malaysia","10919","10794.09","17733.71"
"2026-01-10","ID","North Sumatra","ID","Riau","SiCepat","25717","22139.21","102191.74"
"2026-01-10","ID","East Java","ID","South Sulawesi","Ninja Van","27753","26616.19","96586.95"
"2026-01-10","ID","East Java","ID","Jakarta","J&T","15744","11058.03","49184.57"
"2026-01-10","MY","Penang","MY","Penang","Ninja Van","24052","20347.88","28529.55"
"2026-01-10","ID","East Java","ID","East Java","Pos Indonesia","18940","17320.17","23526.88"
"2026-01-10","MY","Penang","MY","Perak","FedEx","23681","22621.12","36342.8"
"2026-01-10","MY","Penang","MY","Pahang","Pos Malaysia","15582","15198.71","44875.26"
"2026-01-10","ID","Riau","ID","Jakarta","Ninja Van","16626","12955.43","83296.91"
"2026-01-10","ID","West Java","ID","Banten","DHL","31630","22240.78","56515.19"
"2026-01-10","TH","Chonburi","TH","Nonthaburi","Kerry Express","7317","5755.52","12628.38"
"2026-01-10","TH","Chonburi","TH","Korat","Ninja Van","12351","8452.28","23038.38"
"2026-01-10","TH","Chonburi","TH","BKK","J&T","15817","11261.2","20227.16"
"2026-01-10","TH","Chonburi","TH","Phuket","Kerry Express","25123","19838.13","104495.92"
"2026-01-10","TH","Chonburi","TH","Songkhla","Kerry Express","10014","10164.88","43390.2"
"2026-01-10","TH","Chonburi","TH","Chiang Mai","DHL","15262","14952.84","47611.01"
"2026-01-10","ID","Riau","ID","Central Java","SiCepat","7368","5919.83","62810.32"
"2026-01-10","MY","Sarawak","MY","Penang","Pos Malaysia","16790","14317.57","122485.03"
"2026-01-10","ID","Jakarta","ID","Riau","Pos Indonesia","13314","12305.27","56387.46"
"2026-01-10","TH","Nonthaburi","TH","Surat Thani","Ninja Van","23099","21647.01","64916.05"
"2026-01-10","PH","Ilocos Region","PH","Bicol Region","2GO Express","11015","10570.72","34442.89"
"2026-01-10","ID","East Java","ID","Banten","Ninja Van","23958","17871.64","87196.29"
"2026-01-10","PH","Northern Mindanao","PH","Central Luzon","DHL","7972","6501.67","36742.51"
"2026-01-10","PH","Calabarzon","PH","Northern Mindanao","2GO Express","15835","15829.39","54357.89"
"2026-01-10","MY","Sabah","MY","Selangor","Ninja Van","15611","12237.21","119566.79"
"2026-01-10","MY","Sabah","MY","Perak","Pos Malaysia","9746","10368.44","96549.07"
"2026-01-10","MY","Kedah","MY","Penang","Pos Malaysia","20412","18382.88","37943.99"
"2026-01-10","MY","Sabah","MY","Sarawak","Ninja Van","8485","8260.5","37388.29"
"2026-01-10","MY","Sabah","MY","Kuala Lumpur","Pos Malaysia","20737","17462.84","199485.21"
"2026-01-10","MY","Sabah","MY","Penang","Pos Malaysia","14256","12702.94","145602.03"
"2026-01-10","TH","Phuket","TH","Chonburi","J&T","14446","10775.5","46512.32"
"2026-01-10","TH","Phuket","TH","Chiang Mai","DHL","6630","6565.55","33061.8"
"2026-01-10","TH","Phuket","TH","Nakhon Sawan","Kerry Express","16600","13662.26","84152.94"
"2026-01-10","TH","Nakhon Sawan","TH","Songkhla","Kerry Express","11998","12415.88","74709.23"
"2026-01-10","PH","Calabarzon","PH","West Visayas","J&T","18390","13244.0","46987.77"
"2026-01-10","MY","Sarawak","MY","Selangor","Pos Malaysia","10281","8260.08","66063.04"
"2026-01-10","PH","Central Luzon","PH","Bicol Region","LBC Express","22302","22897.87","64498.29"
"2026-01-10","PH","Central Luzon","PH","Ilocos Region","2GO Express","19843","20751.57","30753.77"
"2026-01-10","MY","Johor","MY","Pahang","Ninja Van","14183","12399.73","29159.01"
"2026-01-10","PH","NCR","PH","SOCCSKSARGEN","LBC Express","23635","22104.66","124896.04"
"2026-01-10","PH","NCR","PH","NCR","2GO Express","14873","11040.75","18639.86"
"2026-01-10","ID","West Java","ID","Central Java","Pos Indonesia","22856","18810.43","48772.44"
"2026-01-10","ID","West Java","ID","West Java","Ninja Van","29674","21228.47","37075.76"
"2026-01-10","ID","West Java","ID","North Sumatra","DHL","31990","24945.45","201564.7"
"2026-01-10","MY","Johor","MY","Kedah","Pos Malaysia","25035","24651.96","95784.34"
"2026-01-10","MY","Kuala Lumpur","MY","Penang","FedEx","7856","5962.46","16839.24"
"2026-01-10","PH","Northern Mindanao","PH","Calabarzon","LBC Express","27608","22309.79","150142.35"
"2026-01-10","MY","Sabah","MY","Negeri Sembilan","Pos Malaysia","21706","19592.02","206104.71"
"2026-01-10","MY","","MY","Sarawak","J&T","25695","25628.09","128915.8"
"2026-01-10","TH","Chiang Mai","TH","Nonthaburi","Ninja Van","21771","16875.3","72026.27"
"2026-01-10","TH","Nonthaburi","TH","Nakhon Sawan","J&T","18978","15002.07","33535.41"
"2026-01-10","MY","Kuala Lumpur","MY","Negeri Sembilan","Ninja Van","19711","16021.49","13306.81"
"2026-01-10","PH","SOCCSKSARGEN","PH","Central Visayas","J&T","12455","10124.92","39064.13"
"2026-01-10","PH","West Visayas","PH","Ilocos Region","Ninja Van","24550","25874.64","80194.42"
"2026-01-10","MY","Kedah","MY","Negeri Sembilan","Pos Malaysia","25174","23103.2","86974.59"
"2026-01-10","ID","Jakarta","ID","West Java","Pos Indonesia","24855","18583.93","37929.27"
"2026-01-10","TH","","TH","Chiang Mai","J&T","25577","24522.47","127401.85"
"2026-01-10","ID","West Java","ID","Riau","Pos Indonesia","12902","11857.49","58212.19"
"2026-01-10","ID","West Java","ID","Bali","Ninja Van","25736","23833.63","101092.33"
"2026-01-10","MY","Kuala Lumpur","MY","Pahang","Ninja Van","8443","7376.71","14638.82"
"2026-01-10","TH","Korat","TH","Uknown","J&T","7652","6617.99","39902.33"
"2026-01-10","ID","Bali","ID","North Sumatra","DHL","12501","9759.26","118498.57"
"2026-01-10","PH","Northern Mindanao","PH","Bicol Region","2GO Express","15419","14821.1","58829.42"
"2026-01-10","MY","Kuala Lumpur","MY","Sabah","Ninja Van","15100","14908.49","97726.81"
"2026-01-10","MY","Kedah","MY","Sarawak","Ninja Van","18831","18780.67","104197.03"
"2026-01-10","PH","Central Visayas","PH","Northern Mindanao","LBC Express","17098","17218.84","40469.6"
"2026-01-10","ID","East Java","ID","Central Java","Pos Indonesia","21075","17901.98","41002.68"
"2026-01-10","MY","Kedah","MY","Selangor","J&T","18956","15437.29","50794.65"
"2026-01-10","MY","Penang","MY","Sarawak","Pos Malaysia","21143","21474.52","137581.75"
"2026-01-10","MY","Penang","MY","Johor","Ninja Van","8435","7389.3","26153.97"
"2026-01-10","ID","East Java","ID","Riau","Pos Indonesia","10532","9292.99","62044.74"
"2026-01-10","MY","Sabah","MY","Sabah","J&T","21892","21924.71","32420.43"
"2026-01-10","MY","Sabah","MY","Pahang","Pos Malaysia","18619","17382.0","173637.29"
"2026-01-10","TH","Khon Kaen","TH","BKK","Ninja Van","9170","6640.96","25497.13"
"2026-01-10","MY","Negeri Sembilan","MY","Negeri Sembilan","Pos Malaysia","8699","7850.25","15277.31"
"2026-01-10","MY","Negeri Sembilan","MY","Selangor","Pos Malaysia","7603","6428.31","14904.11"
"2026-01-10","MY","Negeri Sembilan","MY","Sabah","Pos Malaysia","10340","10930.74","93083.26"
"2026-01-10","MY","Negeri Sembilan","MY","Sarawak","Ninja Van","15339","14502.32","74103.62"
"2026-01-10","MY","Negeri Sembilan","MY","Kedah","Pos Malaysia","9267","9677.65","34301.72"
"2026-01-10","TH","Nakhon Sawan","TH","BKK","J&T","12344","8400.8","27671.17"
"2026-01-10","ID","Banten","ID","Bali","DHL","20161","16972.99","91234.29"
"2026-01-10","PH","Bicol Region","PH","Northern Mindanao","2GO Express","22852","22986.27","82626.38"
"2026-01-10","TH","Phuket","TH","Khon Kaen","Ninja Van","15314","14609.0","66691.56"
"2026-01-10","TH","Uknown","TH","","J&T","10726","9279.24","56821.66"
"2026-01-10","MY","Penang","MY","Selangor","Ninja Van","22848","18455.36","49126.89"
"2026-01-10","PH","Ilocos Region","PH","Ilocos Region","DHL","18083","17463.73","27883.92"
"2026-01-10","TH","Phuket","TH","Nonthaburi","Kerry Express","18397","14648.24","80584.74"
"2026-01-10","ID","Riau","ID","East Java","SiCepat","18284","16418.35","173347.1"
"2026-01-10","TH","Songkhla","TH","Phuket","Kerry Express","12189","9555.12","31529.34"
"2026-01-10","TH","Songkhla","TH","Chonburi","FedEx","16664","12614.79","58923.09"
"2026-01-10","TH","Surat Thani","TH","Phuket","J&T","16066","12457.55","31136.46"
"2026-01-10","TH","Khon Kaen","TH","Songkhla","FedEx","12414","11928.6","63689.2"
"2026-01-10","TH","Surat Thani","TH","Nonthaburi","Kerry Express","20099","16931.49","86780.47"
"2026-01-10","ID","Uknown","ID",,"Pos Indonesia","21306","20122.35","113459.92"
"2026-01-10","TH","Surat Thani","TH","BKK","FedEx","13454","9487.69","47453.5"
"2026-01-10","MY","Pahang","MY","Penang","J&T","7236","6258.82","18595.68"
"2026-01-10","MY","Pahang","MY","Kedah","Pos Malaysia","10485","10944.92","36163.09"
"2026-01-10","TH","Phuket","TH","BKK","Ninja Van","20782","13836.57","66839.04"
"2026-01-10","MY","Pahang","MY","Perak","Ninja Van","13128","13409.61","28177.82"
"2026-01-10","ID","Jakarta","ID","Banten","Pos Indonesia","26009","20048.74","35271.44"
"2026-01-10","MY","Penang","MY","Kuala Lumpur","Ninja Van","15252","12475.33","32528.8"
"2026-01-10","TH","Surat Thani","TH","Chonburi","J&T","24323","18797.94","78670.86"
"2026-01-10","ID","Jakarta","ID","Central Java","DHL","16827","13665.62","41797.04"
"2026-01-10","ID","Jakarta","ID","South Sulawesi","Pos Indonesia","13164","13321.35","77564.57"
"2026-01-10","MY","Kedah","MY","Johor","DHL","25387","21180.55","92505.23"
"2026-01-10","MY","Kedah","MY","Perak","Pos Malaysia","25733","28135.85","63684.16"
"2026-01-10","TH","Phuket","TH","Korat","Kerry Express","11191","7622.31","57287.26"
"2026-01-10","PH","Bicol Region","PH","Calabarzon","LBC Express","14592","11005.15","42482.47"
"2026-01-10","PH","Bicol Region","PH","Central Visayas","J&T","19299","15545.87","48855.44"
"2026-01-10","TH","Chiang Mai","TH","Phuket","Kerry Express","19682","16197.03","146331.75"
"2026-01-10","TH","Chiang Mai","TH","Khon Kaen","Ninja Van","19240","18774.13","57058.52"
"2026-01-10","TH","Chiang Mai","TH","Nakhon Sawan","Ninja Van","18195","14708.68","48341.22"
"2026-01-10","TH","Chiang Mai","TH","Chonburi","J&T","17079","13520.82","65019.47"
"2026-01-10","TH","Chiang Mai","TH","","J&T","19887","13571.52","123335.72"
"2026-01-10","TH","Phuket","TH","Phuket","J&T","10296","7468.1","11877.77"
"2026-01-10","MY","Pahang","MY","Selangor","Pos Malaysia","20485","17000.84","53666.9"
"2026-01-10","MY","Pahang","MY","Negeri Sembilan","J&T","7272","6081.57","14529.18"
"2026-01-10","MY","Perak","MY","Sabah","Pos Malaysia","12957","13875.22","118441.02"
"2026-01-10","MY","Perak","MY","Penang","Pos Malaysia","21058","19328.9","46326.68"
"2026-01-10","MY","Perak","MY","Selangor","J&T","22742","18400.84","44283.02"
"2026-01-10","MY","Perak","MY","Johor","Pos Malaysia","15281","13412.06","57245.73"
"2026-01-10","TH","Surat Thani","TH","Nakhon Sawan","J&T","19401","15837.73","77901.09"
"2026-01-10","TH","Khon Kaen","TH","Chonburi","Ninja Van","19677","15228.46","55485.16"
"2026-01-10","PH","Bicol Region","PH","SOCCSKSARGEN","2GO Express","23743","21407.32","103620.22"
"2026-01-10","PH","West Visayas","PH","SOCCSKSARGEN","2GO Express","8586","7612.87","25052.1"
"2026-01-10","MY","Pahang","MY","Sabah","DHL","13329","12579.96","82369.42"
"2026-01-10","ID","Banten","ID","West Java","SiCepat","12160","8216.95","27604.57"
"2026-01-10","PH","Northern Mindanao","PH","Ilocos Region","J&T","12345","11973.0","64702.0"
"2026-01-10","TH","Nonthaburi","TH","Chonburi","DHL","12165","9231.2","15799.29"
"2026-01-10","PH","Northern Mindanao","PH","Central Visayas","2GO Express","13270","11906.39","29111.22"
"2026-01-10","PH","Ilocos Region","PH","Calabarzon","J&T","13936","10111.78","31297.78"
"2026-01-10","MY","Johor","MY","Perak","J&T","7416","7194.66","19006.82"
"2026-01-10","PH","Northern Mindanao","PH","NCR","LBC Express","23299","17919.14","129952.94"
"2026-01-10","PH","Calabarzon","PH","NCR","2GO Express","17799","13307.31","21792.24"
"2026-01-10","MY","Kuala Lumpur","MY","Selangor","Ninja Van","22273","17936.62","25680.93"
"2026-01-10","ID","Riau","ID","South Sulawesi","Ninja Van","22285","22337.0","219701.52"
"2026-01-10","PH","Central Luzon","PH","SOCCSKSARGEN","LBC Express","26928","24543.83","159692.3"
"2026-01-10","MY","Selangor","MY","Johor","Ninja Van","9259","7860.43","19311.67"
"2026-01-10","TH","Nakhon Sawan","TH","Chonburi","Ninja Van","15003","11856.17","36183.27"
"2026-01-10","ID","Riau","ID","Banten","Pos Indonesia","28517","22082.84","137860.97"
"2026-01-10","ID","Riau","ID","Bali","Pos Indonesia","26156","25228.31","226951.98"
"2026-01-10","PH","West Visayas","PH","Bicol Region","LBC Express","28257","28155.99","72514.76"
"2026-01-10","MY","Sarawak","MY","Sabah","J&T","14143","13626.94","61936.55"
"2026-01-10","MY","Sarawak","MY","Pahang","J&T","9570","8366.94","41687.24"
"2026-01-10","MY","Sabah","MY","Johor","J&T","23890","20117.06","179148.47"
"2026-01-10","MY","Kedah","MY","Kedah","Pos Malaysia","24249","25433.71","42888.98"
"2026-01-11","PH","SOCCSKSARGEN","PH","Central Visayas","2GO Express","10813","8993.07","32466.08"
"2026-01-11","TH","Chiang Mai","TH","Nakhon Sawan","Kerry Express","24096","22131.94","75592.87"
"2026-01-11","MY","Perak","MY","Penang","Pos Malaysia","11263","10240.99","24290.11"
"2026-01-11","MY","Perak","MY","Sabah","Pos Malaysia","13778","13501.39","126797.1"
"2026-01-11","TH","Chiang Mai","TH","Chiang Mai","Kerry Express","17856","18804.82","33987.11"
"2026-01-11","TH","BKK","TH","Chonburi","J&T","23669","16371.58","32702.77"
"2026-01-11","ID","West Java","ID","Central Java","Pos Indonesia","20166","17162.49","44140.55"
"2026-01-11","ID","West Java","ID","West Java","Pos Indonesia","16650","12920.38","20913.18"
"2026-01-11","TH","Chiang Mai","TH","Korat","Ninja Van","19300","13793.87","65151.13"
"2026-01-11","MY","Johor","MY","Selangor","Pos Malaysia","16804","12684.23","44686.78"
"2026-01-11","ID","Bali","ID","West Java","J&T","8447","6508.45","35764.14"
"2026-01-11","TH","Korat","TH","BKK","Kerry Express","7416","5584.41","16959.69"
"2026-01-11","MY","Johor","MY","Negeri Sembilan","J&T","13833","11373.62","26394.44"
"2026-01-11","MY","Johor","MY","Pahang","Ninja Van","21177","18377.4","42784.78"
"2026-01-11","MY","Johor","MY","Perak","Pos Malaysia","16389","16110.66","53021.13"
"2026-01-11","MY","Johor","MY","Kedah","DHL","12229","11087.19","40268.25"
"2026-01-11","MY","Johor","MY","Sabah","FedEx","23221","20058.56","129829.28"
"2026-01-11","TH","Korat","TH","Chiang Mai","Ninja Van","17168","17379.23","50120.9"
"2026-01-11","TH","Korat","TH","Songkhla","Kerry Express","12803","12948.68","65942.91"
"2026-01-11","MY","Johor","MY","Sarawak","Pos Malaysia","25798","23801.66","116353.97"
"2026-01-11","TH","Chiang Mai","TH","Khon Kaen","Kerry Express","21909","23618.7","81728.29"
"2026-01-11","PH","Northern Mindanao","PH","Calabarzon","J&T","16225","11468.82","70375.16"
"2026-01-11","PH","NCR","PH","Central Luzon","LBC Express","22226","19546.73","35955.17"
"2026-01-11","PH","NCR","PH","NCR","Ninja Van","18447","13739.21","22984.54"
"2026-01-11","PH","NCR","PH","SOCCSKSARGEN","2GO Express","23652","20071.29","101133.34"
"2026-01-11","PH","Bicol Region","PH","Central Luzon","LBC Express","13662","11877.38","43470.16"
"2026-01-11","TH","Khon Kaen","TH","BKK","J&T","13097","9002.76","36508.16"
"2026-01-11","TH","Chiang Mai","TH","Phuket","Ninja Van","20199","15019.0","121352.44"
"2026-01-11","PH","Bicol Region","PH","Northern Mindanao","Ninja Van","19871","17362.5","71546.45"
"2026-01-11","PH","Bicol Region","PH","SOCCSKSARGEN","2GO Express","18478","15298.42","76780.4"
"2026-01-11","PH","NCR","PH","Central Visayas","LBC Express","17539","15491.08","63612.5"
"2026-01-11","MY","Uknown","MY","Perak","DHL","18995","17165.24","97805.35"
"2026-01-11","MY","Negeri Sembilan","MY","Selangor","J&T","9627","7211.28","15270.87"
"2026-01-11","PH","SOCCSKSARGEN","PH","Northern Mindanao","LBC Express","7424","6630.94","20534.99"
"2026-01-11","MY","Pahang","MY","Perak","Pos Malaysia","20240","21697.63","53372.12"
"2026-01-11","TH","Khon Kaen","TH","Nonthaburi","Ninja Van","21487","15614.41","55560.46"
"2026-01-11","TH","Nakhon Sawan","TH","Nakhon Sawan","DHL","16636","14755.93","25313.44"
"2026-01-11","ID","Banten","ID","Bali","Pos Indonesia","17439","15020.93","80807.44"
"2026-01-11","TH","Khon Kaen","TH","Korat","Ninja Van","17466","12564.07","34749.5"
"2026-01-11","PH","Central Luzon","PH","Northern Mindanao","J&T","10700","9470.41","41018.5"
"2026-01-11","PH","Calabarzon","PH","Ilocos Region","J&T","8515","8561.21","15583.29"
"2026-01-11","PH","Central Luzon","PH","Central Visayas","2GO Express","20211","17546.81","61790.95"
"2026-01-11","PH","Calabarzon","PH","West Visayas","Ninja Van","11688","8610.46","27657.67"
"2026-01-11","PH","Central Luzon","PH","West Visayas","J&T","29718","21149.59","82257.72"
"2026-01-11","TH","Chonburi","TH","Korat","J&T","13104","9140.11","23876.77"
"2026-01-11","TH","Chonburi","TH","Phuket","Kerry Express","18538","14043.95","79087.16"
"2026-01-11","ID","Bali","ID","Banten","Pos Indonesia","13334","11149.69","64376.41"
"2026-01-11","TH","Nonthaburi","TH","Nakhon Sawan","Ninja Van","20316","17675.66","37650.36"
"2026-01-11","TH","Korat","TH","Surat Thani","Kerry Express","15007","15314.31","62417.52"
"2026-01-11","MY","Sarawak","MY","Sarawak","J&T","19853","17177.98","25936.35"
"2026-01-11","ID","Bali","ID","Riau","DHL","26813","24302.68","223328.38"
"2026-01-11","TH","Korat","TH","Phuket","Kerry Express","16058","12357.32","83195.99"
"2026-01-11","TH","Songkhla","TH","Korat","J&T","19563","13637.88","85404.08"
"2026-01-11","TH","Songkhla","TH","BKK","Ninja Van","17983","13037.83","68108.79"
"2026-01-11","TH","Songkhla","TH","Chiang Mai","J&T","6989","6740.11","40228.45"
"2026-01-11","PH","SOCCSKSARGEN","PH","Ilocos Region","J&T","17303","16855.33","105221.99"
"2026-01-11","ID","Banten","ID","Banten","Ninja Van","8996","7381.73","11142.99"
"2026-01-11","PH","Calabarzon","PH","Calabarzon","Ninja Van","17589","12513.79","20693.18"
"2026-01-11","PH","Calabarzon","PH","Central Luzon","Ninja Van","25758","21781.46","37828.05"
"2026-01-11","PH","Central Luzon","PH","Central Luzon","2GO Express","17080","13972.34","21083.71"
"2026-01-11","MY","Negeri Sembilan","MY","Kuala Lumpur","J&T","8146","6556.44","12229.8"
"2026-01-11","MY","Negeri Sembilan","MY","Johor","Pos Malaysia","8873","7445.75","24645.82"
"2026-01-11","MY","Negeri Sembilan","MY","Pahang","J&T","11217","9296.25","23499.47"
"2026-01-11","PH","SOCCSKSARGEN","PH","West Visayas","J&T","15634","10785.09","55473.47"
"2026-01-11","MY","Negeri Sembilan","MY","Penang","Pos Malaysia","20243","17476.95","67233.5"
"2026-01-11","MY","Sarawak","MY","Penang","Pos Malaysia","17844","15922.61","119732.67"
"2026-01-11","TH","Khon Kaen","TH","Chiang Mai","Ninja Van","20210","20182.04","62440.74"
"2026-01-11","TH","Khon Kaen","TH","Nakhon Sawan","J&T","14296","12119.89","34978.86"
"2026-01-11","TH","BKK","TH","Phuket","J&T","20130","14334.96","65854.18"
"2026-01-11","ID","South Sulawesi","ID","North Sumatra","SiCepat","19815","15432.21","283900.88"
"2026-01-11","ID","Central Java","ID","South Sulawesi","Pos Indonesia","8378","7847.99","36369.2"
"2026-01-11","ID","South Sulawesi","ID","South Sulawesi","DHL","15330","13191.79","23367.34"
"2026-01-11","ID","South Sulawesi","ID","Central Java","Pos Indonesia","19850","16578.85","103869.9"
"2026-01-11","ID","South Sulawesi","ID","West Java","Pos Indonesia","29142","22547.66","182251.11"
"2026-01-11","TH","BKK","TH","Khon Kaen","Kerry Express","24052","24950.48","73892.91"
"2026-01-11","ID","South Sulawesi","ID","Jakarta","Pos Indonesia","25135","18521.28","175309.49"
"2026-01-11","TH","BKK","TH","Songkhla","J&T","20064","18710.44","72877.55"
"2026-01-11","PH","Central Visayas","PH","Calabarzon","J&T","23442","15154.57","68662.19"
"2026-01-11","MY","Negeri Sembilan","MY","Perak","Ninja Van","14638","13918.02","32653.63"
"2026-01-11","PH","West Visayas","PH","West Visayas","Ninja Van","8241","6061.57","9482.45"
"2026-01-11","PH","West Visayas","PH","Central Visayas","J&T","13750","12072.12","21430.68"
"2026-01-11","ID","Riau","ID","Bali","Ninja Van","9700","8864.07","82724.28"
"2026-01-11","ID","North Sumatra","ID","North Sumatra","Pos Indonesia","23020","18686.4","33414.05"
"2026-01-11","ID","North Sumatra","ID","East Java","DHL","21514","17528.84","181167.55"
"2026-01-11","PH","West Visayas","PH","Central Luzon","LBC Express","25197","22705.76","88294.41"
"2026-01-11","PH","West Visayas","PH","Calabarzon","2GO Express","0","0.0","0.0"
"2026-01-11","MY","Unknown","MY","Johor","Pos Malaysia","9901","8465.14","66445.49"
"2026-01-11","PH","Ilocos Region","PH","NCR","2GO Express","21109","16795.19","41626.1"
"2026-01-11","PH","Ilocos Region","PH","Calabarzon","Ninja Van","16117","11446.05","34632.58"
"2026-01-11","PH","Ilocos Region","PH","Central Luzon","LBC Express","11986","10153.22","27345.78"
"2026-01-11","MY","Uknown","MY","Unknown","Pos Malaysia","24380","23121.58","162620.85"
"2026-01-11","PH","Ilocos Region","PH","SOCCSKSARGEN","LBC Express","10029","8967.87","73467.21"
"2026-01-11","PH","Ilocos Region","PH","Ilocos Region","DHL","23757","24306.12","36496.7"
"2026-01-11","PH","Ilocos Region","PH","Northern Mindanao","J&T","20819","17936.53","102594.88"
"2026-01-11","ID","North Sumatra","ID","West Java","SiCepat","30848","23027.64","287613.68"
"2026-01-11","ID","North Sumatra","ID","Bali","Pos Indonesia","19972","17204.05","197501.02"
"2026-01-11","PH","West Visayas","PH","SOCCSKSARGEN","2GO Express","18159","15335.93","53499.04"
"2026-01-11","PH","West Visayas","PH","Northern Mindanao","LBC Express","20914","19656.39","60086.86"
"2026-01-11","TH","Nakhon Sawan","TH","Korat","J&T","10144","7116.87","23354.52"
"2026-01-11","TH","Nakhon Sawan","TH","Khon Kaen","Kerry Express","22505","23898.24","71991.69"
"2026-01-11","TH","Nakhon Sawan","TH","Songkhla","Kerry Express","16405","16869.55","101274.04"
"2026-01-11","TH","Nakhon Sawan","TH","Chiang Mai","Ninja Van","9983","10322.3","28034.32"
"2026-01-11","TH","Nakhon Sawan","TH","Chonburi","Kerry Express","13308","10085.32","40578.67"
"2026-01-11","TH","Nakhon Sawan","TH","Nonthaburi","Kerry Express","15744","12130.37","42698.71"
"2026-01-11","PH","West Visayas","PH","Ilocos Region","LBC Express","7416","8040.67","29109.2"
"2026-01-11","TH","Surat Thani","TH","Khon Kaen","Kerry Express","11271","12133.09","69349.26"
"2026-01-11","TH","Surat Thani","TH","Phuket","Ninja Van","20193","14883.97","40770.27"
"2026-01-11","TH","Surat Thani","TH","Surat Thani","J&T","17908","17459.98","26639.96"
"2026-01-11","TH","Surat Thani","TH","Songkhla","J&T","13166","12322.71","31684.57"
"2026-01-11","ID","Banten","ID","East Java","J&T","14445","11512.01","48027.32"
"2026-01-11","PH","Ilocos Region","PH","Central Visayas","2GO Express","15018","13349.66","62407.39"
"2026-01-11","PH","Central Visayas","PH","","J&T","14250","8005.06","73690.9"
"2026-01-11","TH","BKK","TH","Nonthaburi","J&T","12833","8827.19","14706.99"
"2026-01-11","ID","South Sulawesi","ID","Riau","Pos Indonesia","27556","25465.63","250470.41"
"2026-01-11","MY","Selangor","MY","Sarawak","Pos Malaysia","12659","12157.04","68930.96"
"2026-01-11","TH","Korat","TH","Chonburi","Kerry Express","7643","5930.67","16795.35"
"2026-01-11","MY","Johor","MY","Johor","FedEx","19851","14434.06","23263.79"
"2026-01-11","MY","Johor","MY","Penang","Pos Malaysia","14971","13159.57","53567.71"
"2026-01-11","ID","Bali","ID","East Java","Pos Indonesia","16707","14665.37","41199.46"
"2026-01-11","ID","Central Java","ID","West Java","Pos Indonesia","12447","9961.7","25613.56"
"2026-01-11","ID","Riau","ID","West Java","Ninja Van","16018","12729.04","91547.64"
"2026-01-11","ID","Bali","ID","South Sulawesi","Pos Indonesia","19054","18601.63","68240.02"
"2026-01-11","MY","Selangor","MY","Kuala Lumpur","Pos Malaysia","20237","17641.35","29197.43"
"2026-01-11","MY","Selangor","MY","Penang","J&T","18366","15355.01","39000.73"
"2026-01-11","MY","Selangor","MY","Sabah","Pos Malaysia","27000","27076.41","220215.71"
"2026-01-11","MY","Selangor","MY","Selangor","Ninja Van","14685","11375.61","18033.2"
"2026-01-11","MY","Selangor","MY","Perak","Pos Malaysia","25486","25686.93","55070.69"
"2026-01-11","ID","Riau","ID","North Sumatra","Ninja Van","26246","21549.37","84201.19"
"2026-01-11","ID","South Sulawesi","ID","East Java","Pos Indonesia","25057","20836.72","114413.65"
"2026-01-11","ID","South Sulawesi","ID","Banten","Pos Indonesia","25950","20840.14","186312.72"
"2026-01-11","PH","Central Visayas","PH","SOCCSKSARGEN","2GO Express","7407","5922.74","18122.1"
"2026-01-11","ID","Central Java","ID","Banten","Ninja Van","9316","7700.14","24034.11"
"2026-01-11","ID","Central Java","ID","Central Java","Pos Indonesia","29239","25411.66","36474.84"
"2026-01-11","PH","Central Visayas","PH","Central Visayas","J&T","13283","10529.89","16397.89"
"2026-01-11","ID","Central Java","ID","Jakarta","Pos Indonesia","20186","14888.91","48390.69"
"2026-01-11","MY","Perak","MY","Pahang","Ninja Van","11664","10310.82","24768.76"
"2026-01-11","MY","Penang","MY","Johor","Pos Malaysia","8235","6815.21","30365.95"
"2026-01-11","TH","BKK","TH","Korat","J&T","24658","17218.37","46864.65"
"2026-01-11","ID","East Java","ID","South Sulawesi","Ninja Van","14331","13641.55","53299.2"
"2026-01-11","ID","East Java","ID","East Java","Ninja Van","7900","6583.72","10021.56"
"2026-01-11","MY","Penang","MY","Penang","FedEx","17525","14272.92","20812.53"
"2026-01-11","MY","Penang","MY","Negeri Sembilan","FedEx","20729","15893.05","45732.68"
"2026-01-11","MY","Penang","MY","Pahang","J&T","23284","20696.42","56176.11"
"2026-01-11","ID","East Java","ID","Banten","SiCepat","30290","23359.01","138289.22"
"2026-01-11","MY","Penang","MY","Sarawak","DHL","21157","17713.35","102395.54"
"2026-01-11","TH","","TH","Chiang Mai","DHL","20956","20484.16","104874.27"
"2026-01-11","ID","North Sumatra","ID","Riau","Pos Indonesia","12270","11174.9","39398.91"
"2026-01-11","TH","Chonburi","TH","Chiang Mai","Kerry Express","7115","7495.53","27447.77"
"2026-01-11","TH","Chonburi","TH","BKK","Ninja Van","18391","12937.81","24962.29"
"2026-01-11","TH","Chonburi","TH","Khon Kaen","Kerry Express","12173","13052.57","37200.68"
"2026-01-11","TH","Chonburi","TH","Songkhla","Ninja Van","12568","11942.84","40172.82"
"2026-01-11","TH","Chonburi","TH","Nonthaburi","Ninja Van","10053","7409.95","13291.43"
"2026-01-11","ID","Banten","ID","Jakarta","Pos Indonesia","10931","8235.42","14182.63"
"2026-01-11","MY","Sarawak","MY","Pahang","Pos Malaysia","24031","21548.3","128330.24"
"2026-01-11","ID","Riau","ID","Jakarta","SiCepat","27740","20958.71","190087.4"
"2026-01-11","TH","Korat","TH","Khon Kaen","Kerry Express","7529","8077.97","16086.51"
"2026-01-11","TH","Korat","TH","Nonthaburi","J&T","21959","16393.62","39398.19"
"2026-01-11","ID","Riau","ID","South Sulawesi","Pos Indonesia","10559","10015.19","97874.4"
"2026-01-11","ID","Bali","ID","Bali","Pos Indonesia","18991","17166.23","26645.48"
"2026-01-11","ID","Banten","ID","North Sumatra","DHL","16536","12416.9","90571.51"
"2026-01-11","MY","Kedah","MY","Johor","Pos Malaysia","8534","7333.33","38455.09"
"2026-01-11","TH","Nakhon Sawan","TH","Surat Thani","Kerry Express","18650","19489.11","105020.65"
"2026-01-11","TH","Phuket","TH","Korat","Ninja Van","14494","10333.42","59416.76"
"2026-01-11","PH","Central Visayas","PH","NCR","2GO Express","14939","11105.66","41885.6"
"2026-01-11","MY","Kedah","MY","Selangor","Pos Malaysia","21838","17624.22","69129.58"
"2026-01-11","TH","Nakhon Sawan","TH","BKK","Ninja Van","8284","6031.7","19007.31"
"2026-01-11","TH","Phuket","TH","Khon Kaen","Ninja Van","15130","14544.76","68158.93"
"2026-01-11","TH","Phuket","TH","Chonburi","Ninja Van","19059","13023.33","59779.51"
"2026-01-11","TH","Phuket","TH","Phuket","Ninja Van","10063","6998.33","12213.74"
"2026-01-11","MY","Kedah","MY","Kedah","Pos Malaysia","11093","12106.84","19226.04"
"2026-01-11","MY","Kedah","MY","Perak","Ninja Van","13186","13120.98","25217.55"
"2026-01-11","TH","Phuket","TH","Nonthaburi","J&T","14865","10215.38","49873.68"
"2026-01-11","PH","Ilocos Region","PH","Bicol Region","J&T","10337","10297.51","30831.77"
"2026-01-11","MY","Kedah","MY","Negeri Sembilan","Ninja Van","10725","9159.73","31158.84"
"2026-01-11","TH","Phuket","TH","BKK","J&T","17592","11631.56","60898.35"
"2026-01-11","MY","Sabah","MY","Sarawak","Ninja Van","11666","10336.33","53254.1"
"2026-01-11","MY","Sabah","MY","Selangor","Ninja Van","21868","16255.06","168358.08"
"2026-01-11","MY","Sabah","MY","Sabah","J&T","10495","9927.11","16522.9"
"2026-01-11","MY","Sabah","MY","Johor","Ninja Van","14084","11446.72","104936.18"
"2026-01-11","MY","Sabah","MY","Perak","Pos Malaysia","13619","13700.02","143300.59"
"2026-01-11","MY","Perak","MY","Kuala Lumpur","Pos Malaysia","20375","18187.19","48871.22"
"2026-01-11","MY","Kuala Lumpur","MY","Sabah","Ninja Van","11857","11305.92","74950.43"
"2026-01-11","PH","Northern Mindanao","PH","Uknown","2GO Express","13851","8777.59","89912.5"
"2026-01-11","TH","Korat","TH","Korat","Ninja Van","17883","13032.96","21436.55"
"2026-01-11","MY","Kuala Lumpur","MY","Penang","Pos Malaysia","21216","18683.66","54947.04"
"2026-01-11","TH","BKK","TH","BKK","Kerry Express","15983","11801.5","24086.77"
"2026-01-11","PH","NCR","PH","Bicol Region","2GO Express","26903","26930.65","55646.32"
"2026-01-11","PH","NCR","PH","West Visayas","J&T","28397","19789.53","73967.76"
"2026-01-11","PH","Northern Mindanao","PH","Central Luzon","Ninja Van","25159","21506.21","115752.12"
"2026-01-11","PH","NCR","PH","Calabarzon","LBC Express","18019","13155.8","29018.41"
"2026-01-11","TH","Nonthaburi","TH","Korat","Kerry Express","21822","17257.56","47338.13"
"2026-01-11","ID","West Java","ID","North Sumatra","SiCepat","18579","14351.36","150712.63"
"2026-01-11","ID","West Java","ID","Bali","Ninja Van","8224","7186.71","32521.95"
"2026-01-11","ID","West Java","ID","Banten","Ninja Van","21065","18386.02","35880.49"
"2026-01-11","ID","West Java","ID","South Sulawesi","J&T","17858","16024.2","94185.83"
"2026-01-11","MY","Kuala Lumpur","MY","Pahang","Pos Malaysia","23777","20978.78","49838.81"
"2026-01-11","MY","Kuala Lumpur","MY","Negeri Sembilan","J&T","11925","9654.52","14631.24"
"2026-01-11","MY","Kuala Lumpur","MY","Johor","J&T","11504","8785.72","24439.27"
"2026-01-11","MY","Selangor","MY","Johor","Pos Malaysia","9308","7827.17","24497.4"
"2026-01-11","ID","Unknown","ID","Riau","Ninja Van","13668","13100.74","70109.33"
"2026-01-11","PH","Central Luzon","PH","Bicol Region","2GO Express","7661","7831.82","16700.97"
"2026-01-11","TH","Chiang Mai","TH","Nonthaburi","Kerry Express","10161","7789.93","42233.99"
"2026-01-11","PH","Calabarzon","PH","NCR","Ninja Van","19611","15286.3","23949.42"
"2026-01-11","PH","Calabarzon","PH","Northern Mindanao","LBC Express","20813","19872.01","94579.12"
"2026-01-11","MY","Sabah","MY","Pahang","FedEx","22591","17684.37","165210.02"
"2026-01-11","ID","West Java","ID","Riau","SiCepat","25799","22885.53","148431.91"
"2026-01-11","ID","Bali","ID","North Sumatra","Ninja Van","12749","10561.77","119255.21"
"2026-01-11","ID","Banten","ID","West Java","DHL","11960","8634.5","20763.58"
"2026-01-11","MY","Sabah","MY","Penang","DHL","17174","13587.75","143515.84"
"2026-01-11","PH","Central Luzon","PH","SOCCSKSARGEN","2GO Express","9758","8167.8","42686.65"
"2026-01-11","PH","Central Luzon","PH","Ilocos Region","Ninja Van","19538","20143.39","28359.49"
"2026-01-11","MY","Sabah","MY","Negeri Sembilan","Pos Malaysia","16585","14038.01","166823.48"
"2026-01-11","TH","Khon Kaen","TH","Songkhla","Kerry Express","19435","19444.72","128270.52"
"2026-01-11","MY","Negeri Sembilan","MY","Kedah","Pos Malaysia","22075","22919.69","78415.34"
"2026-01-11","MY","Negeri Sembilan","MY","Negeri Sembilan","Ninja Van","12117","9680.62","17080.82"
"2026-01-11","MY","Negeri Sembilan","MY","Sabah","Ninja Van","10777","10184.38","81600.35"
"2026-01-11","MY","Negeri Sembilan","MY","Sarawak","DHL","15554","12970.34","80584.78"
"2026-01-11","MY","Penang","MY","Selangor","Ninja Van","24987","18924.21","51427.92"
"2026-01-11","MY","Sarawak","MY","Kuala Lumpur","FedEx","10298","7748.43","48723.68"
"2026-01-11","PH","Bicol Region","PH","Calabarzon","Ninja Van","17751","12053.83","39432.24"
"2026-01-11","PH","Bicol Region","PH","Central Visayas","J&T","9890","8014.34","24816.0"
"2026-01-11","PH","Bicol Region","PH","NCR","J&T","9634","7024.86","23995.56"
"2026-01-11","PH","Bicol Region","PH","Ilocos Region","LBC Express","14395","15112.32","50122.63"
"2026-01-11","MY","Sarawak","MY","Sabah","Pos Malaysia","15781","15028.95","85535.63"
"2026-01-11","MY","Penang","MY","Kuala Lumpur","J&T","22670","19746.3","44868.57"
"2026-01-11","ID","East Java","ID","Central Java","Ninja Van","11202","9839.65","21371.49"
"2026-01-11","TH","Songkhla","TH","Khon Kaen","J&T","6871","6697.12","35147.35"
"2026-01-11","TH","Songkhla","TH","Chonburi","Ninja Van","22411","16151.09","82362.85"
"2026-01-11","TH","Songkhla","TH","Songkhla","Ninja Van","6983","6656.64","9550.59"
"2026-01-11","TH","Songkhla","TH","Phuket","Ninja Van","7280","5269.55","4992.9"
"2026-01-11","TH","Songkhla","TH","Surat Thani","DHL","16273","15233.99","33440.51"
"2026-01-11","ID","Uknown","ID","Uknown","SiCepat","15797","13349.94","105905.16"
"2026-01-11","TH","Surat Thani","TH","Nonthaburi","J&T","18854","13966.95","61813.04"
"2026-01-11","TH","Khon Kaen","TH","Chonburi","Kerry Express","11789","8868.33","42219.47"
"2026-01-11","PH","Central Luzon","PH","NCR","LBC Express","9517","7401.78","15866.93"
"2026-01-11","TH","Surat Thani","TH","BKK","J&T","16212","11486.88","53939.0"
"2026-01-11","ID","Riau","ID","Central Java","Pos Indonesia","12637","10949.94","79950.27"
"2026-01-11","MY","Pahang","MY","Negeri Sembilan","Pos Malaysia","8133","7027.53","20099.31"
"2026-01-11","ID","Jakarta","ID","South Sulawesi","Pos Indonesia","18050","17274.76","99250.33"
"2026-01-11","ID","Jakarta","ID","North Sumatra","J&T","13600","11157.0","75861.78"
"2026-01-11","MY","Pahang","MY","Pahang","Pos Malaysia","10804","9696.36","18375.93"
"2026-01-11","ID","Central Java","ID","East Java","SiCepat","10740","8734.12","26203.25"
"2026-01-11","MY","Pahang","MY","Kedah","J&T","8698","8966.28","24557.38"
"2026-01-11","ID","Jakarta","ID","West Java","J&T","23302","18007.23","35901.11"
"2026-01-11","ID","Jakarta","ID","Riau","Pos Indonesia","26036","25728.27","110587.73"
"2026-01-11","TH","BKK","TH","Nakhon Sawan","J&T","10181","8423.15","18128.99"
"2026-01-11","TH","Chiang Mai","TH","Songkhla","Kerry Express","14823","15162.12","113485.0"
"2026-01-11","TH","Chiang Mai","TH","BKK","J&T","20169","13943.18","68615.58"
"2026-01-11","TH","Chiang Mai","TH","Chonburi","J&T","13887","9744.69","52021.81"
"2026-01-11","ID","Banten","ID","Central Java","J&T","19075","15735.47","51509.17"
"2026-01-11","MY","Kedah","MY","Sarawak","Pos Malaysia","24207","23256.28","171164.73"
"2026-01-11","TH","Phuket","TH","Chiang Mai","J&T","19418","18122.4","101525.79"
"2026-01-11","ID","Jakarta","ID","Banten","Ninja Van","18278","15589.63","24839.66"
"2026-01-11","ID","Jakarta","ID","Central Java","Pos Indonesia","13536","12244.39","33803.9"
"2026-01-11","TH","Phuket","TH","Nakhon Sawan","Kerry Express","8334","7525.47","41987.22"
"2026-01-11","TH","Surat Thani","TH","Chiang Mai","Kerry Express","10008","10669.91","69688.5"
"2026-01-11","MY","Perak","MY","Johor","Pos Malaysia","9416","7745.58","35756.57"
"2026-01-11","MY","Pahang","MY","Sarawak","J&T","21004","18848.37","87130.46"
"2026-01-11","PH","Bicol Region","PH","West Visayas","LBC Express","7582","5506.14","24556.09"
"2026-01-11","PH",,"PH","Central Luzon","Ninja Van","0","0.0","0.0"
"2026-01-11","TH","Surat Thani","TH","Nakhon Sawan","Ninja Van","20940","18768.71","84910.55"
"2026-01-11","PH","Bicol Region","PH","Bicol Region","LBC Express","16372","16292.96","31630.28"
"2026-01-11","PH","West Visayas","PH","Bicol Region","2GO Express","27546","28273.14","60255.25"
"2026-01-11","ID","East Java","ID","Jakarta","Pos Indonesia","18904","14576.84","61418.08"
"2026-01-11","MY","Pahang","MY","Sabah","J&T","14355","13464.02","86219.23"
"2026-01-11","MY","Perak","MY","Selangor","DHL","23745","16292.44","44686.22"
"2026-01-11","MY","Kedah","MY","Penang","Pos Malaysia","7399","6747.82","14570.61"
"2026-01-11","MY","Pahang","MY","Penang","Ninja Van","12878","11017.63","33881.57"
"2026-01-11","MY","Pahang","MY","Selangor","J&T","7446","5534.01","15525.94"
"2026-01-11","MY","Kedah","MY","Kuala Lumpur","Pos Malaysia","8426","7539.25","27106.65"
"2026-01-11","TH","Nonthaburi","TH","Khon Kaen","Ninja Van","6859","6834.29","16452.32"
"2026-01-11","TH","Nonthaburi","TH","Surat Thani","Kerry Express","9961","9930.57","34824.42"
"2026-01-11","PH","Northern Mindanao","PH","SOCCSKSARGEN","Ninja Van","11920","9885.06","25966.69"
"2026-01-11","MY","Kuala Lumpur","MY","Kedah","Pos Malaysia","11196","11560.5","33155.33"
"2026-01-11","TH","Nonthaburi","TH","Chonburi","Ninja Van","9134","6477.74","12234.13"
"2026-01-11","PH","SOCCSKSARGEN","PH","Central Luzon","LBC Express","10667","8841.97","73767.19"
"2026-01-11","PH","Northern Mindanao","PH","West Visayas","J&T","22649","16071.98","60209.46"
"2026-01-11","TH","Nonthaburi","TH","BKK","J&T","19623","13429.24","22514.39"
"2026-01-11","PH","SOCCSKSARGEN","PH","Calabarzon","LBC Express","21545","15219.69","144875.35"
"2026-01-11","PH","Northern Mindanao","PH","Central Visayas","LBC Express","26610","24349.36","356291.69"
"2026-01-11","PH","Northern Mindanao","PH","NCR","2GO Express","17499","13486.01","80289.2"
"2026-01-11","TH","Nonthaburi","TH","Phuket","Ninja Van","19950","14550.14","70356.72"
"2026-01-11","PH","Northern Mindanao","PH","Ilocos Region","J&T","19073","19525.67","99245.38"
"2026-01-11","PH","SOCCSKSARGEN","PH","SOCCSKSARGEN","Ninja Van","8195","6534.91","12164.86"
"2026-01-11","TH","Nonthaburi","TH","Nonthaburi","J&T","8796","6239.79","10918.06"
"2026-01-11","MY","Kuala Lumpur","MY","Kuala Lumpur","Ninja Van","23594","19135.9","29004.73"
"2026-01-11","MY","Kuala Lumpur","MY","Selangor","J&T","12024","8681.73","14710.19"
"2026-01-11","MY","Kuala Lumpur","MY","Sarawak","Ninja Van","12219","10752.98","52285.31"
"2026-01-11","PH","Northern Mindanao","PH","Northern Mindanao","2GO Express","12649","11976.4","19052.84"
"2026-01-11","TH","Nonthaburi","TH","Songkhla","Kerry Express","12405","12527.85","56812.52"
"2026-01-11","TH","Surat Thani","TH","Chonburi","Ninja Van","15145","10939.16","49110.3"
"2026-01-11","ID","Bali","ID","Central Java","Pos Indonesia","17253","15995.07","58801.65"
"2026-01-11","TH","Khon Kaen","TH","Phuket","Ninja Van","8945","6327.89","45519.83"
"2026-01-11","PH","SOCCSKSARGEN","PH","NCR","LBC Express","25539","19220.97","176425.91"
"2026-01-11","ID","North Sumatra","ID","Banten","Pos Indonesia","17292","13901.7","113944.25"
"2026-01-11","ID","Riau","ID","East Java","Pos Indonesia","7776","6873.08","58392.24"
"2026-01-11","ID","Riau","ID","Banten","Pos Indonesia","26130","21810.4","123622.02"
"2026-01-11","MY","Sarawak","MY","Kedah","Pos Malaysia","18088","18852.5","135224.35"
"2026-01-11","MY","Sarawak","MY","Selangor","Ninja Van","11782","8613.97","56935.56"
"2026-01-11","PH","Central Visayas","PH","Bicol Region","J&T","15286","14275.53","34907.89"
"2026-01-12","MY","Johor","MY","Pahang","Ninja Van","25562","19517.07","43287.35"
"2026-01-12","ID","Bali","ID","Banten","J&T","12579","8417.16","54144.24"
"2026-01-12","TH","Korat","TH","Khon Kaen","Kerry Express","21864","20468.07","41026.09"
"2026-01-12","MY","Johor","MY","Perak","J&T","9381","7995.24","21429.33"
"2026-01-12","TH","Korat","TH","Chiang Mai","Kerry Express","19809","18537.62","58442.9"
"2026-01-12","TH","Korat","TH","Songkhla","Kerry Express","17491","15598.67","75574.05"
"2026-01-12","ID","Riau","ID","North Sumatra","Ninja Van","28280","21823.63","78253.07"
"2026-01-12","TH",,"TH","Chonburi","J&T","21792","13738.31","96846.6"
"2026-01-12","ID","South Sulawesi","ID","Banten","Ninja Van","28434","19805.79","174510.26"
"2026-01-12","TH","","TH","Unknown","J&T","18240","11267.73","79588.74"
"2026-01-12","TH","Chiang Mai","TH","Korat","Ninja Van","15614","9352.39","42353.06"
"2026-01-12","PH","Bicol Region","PH","West Visayas","Ninja Van","25340","15679.58","55003.82"
"2026-01-12","PH","Bicol Region","PH","Calabarzon","J&T","16877","10259.44","34366.67"
"2026-01-12","PH","Bicol Region","PH","Northern Mindanao","J&T","13477","9391.27","38836.66"
"2026-01-12","TH","Khon Kaen","TH","Songkhla","Kerry Express","17638","14946.87","101756.06"
"2026-01-12","TH","Chiang Mai","TH","Chonburi","Ninja Van","22399","15367.89","73246.78"
"2026-01-12","PH","Bicol Region","PH","SOCCSKSARGEN","LBC Express","21339","15024.3","104695.16"
"2026-01-12","MY","Uknown","MY","Selangor","Ninja Van","16570","11362.36","77035.8"
"2026-01-12","MY","Negeri Sembilan","MY","Sarawak","J&T","19811","16813.79","85445.51"
"2026-01-12","MY","Negeri Sembilan","MY","Negeri Sembilan","J&T","23626","17221.54","30990.44"
"2026-01-12","TH","Uknown","TH","","Kerry Express","27340","18936.68","160058.98"
"2026-01-12","TH","Uknown","TH","Uknown","Ninja Van","19697","11812.89","89509.06"
"2026-01-12","PH","Calabarzon","PH","West Visayas","LBC Express","16773","11630.05","47124.01"
"2026-01-12","PH","Central Luzon","PH","Northern Mindanao","J&T","33182","23676.19","108256.63"
"2026-01-12","TH","Chonburi","TH","Korat","Kerry Express","18916","11968.44","36375.41"
"2026-01-12","TH","Chonburi","TH","Phuket","Ninja Van","26045","16678.13","73505.64"
"2026-01-12","ID","Central Java","ID","East Java","Pos Indonesia","18399","13207.47","31252.53"
"2026-01-12","MY","Sarawak","MY","Sarawak","Pos Malaysia","21463","19695.69","31544.59"
"2026-01-12","TH","Songkhla","TH","Korat","J&T","10917","6308.11","39601.1"
"2026-01-12","TH","Songkhla","TH","Chiang Mai","J&T","12981","10785.4","68645.08"
"2026-01-12","PH","Calabarzon","PH","Calabarzon","2GO Express","21819","14577.41","24067.59"
"2026-01-12","MY","Negeri Sembilan","MY","Kuala Lumpur","FedEx","18818","12010.47","26364.46"
"2026-01-12","PH","West Visayas","PH","Calabarzon","LBC Express","10787","7338.67","29377.66"
"2026-01-12","PH","Central Luzon","PH","Unknown","Ninja Van","27357","19393.27","120895.43"
"2026-01-12","PH","SOCCSKSARGEN","PH","Calabarzon","Ninja Van","28803","18226.18","130997.9"
"2026-01-12","MY","Negeri Sembilan","MY","Pahang","J&T","20388","15573.69","37882.65"
"2026-01-12","MY","Negeri Sembilan","MY","Penang","J&T","21486","14379.37","52025.88"
"2026-01-12","MY","Negeri Sembilan","MY","Perak","FedEx","27471","21755.0","54174.16"
"2026-01-12","PH","SOCCSKSARGEN","PH","Central Luzon","LBC Express","14759","11045.95","88132.73"
"2026-01-12","MY","Negeri Sembilan","MY","Johor","Pos Malaysia","21192","15878.07","49748.11"
"2026-01-12","TH","Khon Kaen","TH","Nakhon Sawan","FedEx","27362","21187.83","55348.81"
"2026-01-12","PH","SOCCSKSARGEN","PH","SOCCSKSARGEN","2GO Express","22675","15964.92","31476.23"
"2026-01-12","PH","West Visayas","PH","Northern Mindanao","LBC Express","27070","20837.35","65375.54"
"2026-01-12","TH","Surat Thani","TH","Chiang Mai","J&T","27047","23688.89","129242.39"
"2026-01-12","TH","Surat Thani","TH","BKK","Kerry Express","18203","11792.65","65404.09"
"2026-01-12","TH","Surat Thani","TH","Nonthaburi","Ninja Van","15089","10938.77","47387.49"
"2026-01-12","TH","BKK","TH","Nakhon Sawan","J&T","10551","7827.56","17264.62"
"2026-01-12","ID","Central Java","ID","West Java","Pos Indonesia","12691","7724.9","23931.32"
"2026-01-12","ID","South Sulawesi","ID","East Java","DHL","16356","10901.13","60951.46"
"2026-01-12","PH","Central Visayas","PH","SOCCSKSARGEN","J&T","17522","11747.04","39362.7"
"2026-01-12","PH","Central Visayas","PH","Bicol Region","J&T","31209","26811.7","61339.3"
"2026-01-12","TH","BKK","TH","Korat","J&T","31732","18060.78","50170.97"
"2026-01-12","PH","Central Visayas","PH","Central Visayas","LBC Express","22562","16743.34","31843.14"
"2026-01-12","ID","South Sulawesi","ID","North Sumatra","J&T","31687","21620.85","306165.17"
"2026-01-12","TH","BKK","TH","Khon Kaen","Ninja Van","29195","24490.67","294369.39"
"2026-01-12","TH","BKK","TH","Songkhla","Ninja Van","10215","8354.96","29510.65"
"2026-01-12","PH","Central Visayas","PH","Central Luzon","LBC Express","26888","20037.4","88497.15"
"2026-01-12","TH","BKK","TH","Phuket","Ninja Van","22270","14111.27","61702.51"
"2026-01-12","ID","Central Java","ID","Jakarta","SiCepat","31806","18735.78","83690.12"
"2026-01-12","PH","Central Visayas","PH","Calabarzon","J&T","19743","11932.35","48228.96"
"2026-01-12","PH","West Visayas","PH","Central Luzon","J&T","24775","17881.91","59543.4"
"2026-01-12","PH","West Visayas","PH","SOCCSKSARGEN","2GO Express","27688","19837.64","68056.32"
"2026-01-12","TH","Khon Kaen","TH","Chiang Mai","Kerry Express","28533","26355.57","93369.49"
"2026-01-12","MY","Sarawak","MY","Kuala Lumpur","Ninja Van","10409","7033.83","41702.36"
"2026-01-12","PH","Ilocos Region","PH","Central Luzon","Ninja Van","16179","12140.04","26160.34"
"2026-01-12","PH","Ilocos Region","PH","Calabarzon","Ninja Van","12386","7903.48","22537.29"
"2026-01-12","PH","Ilocos Region","PH","SOCCSKSARGEN","LBC Express","10722","7971.97","67135.08"
"2026-01-12","PH","Ilocos Region","PH","Northern Mindanao","LBC Express","19872","15572.62","110434.23"
"2026-01-12","PH","Ilocos Region","PH","NCR","2GO Express","29508","19786.75","54473.57"
"2026-01-12","PH","Ilocos Region","PH","Central Visayas","LBC Express","19427","15887.19","94025.84"
"2026-01-12","PH","Ilocos Region","PH","Ilocos Region","J&T","11998","10265.64","15306.57"
"2026-01-12","PH","","PH","Calabarzon","DHL","31870","18982.88","138592.55"
"2026-01-12","TH","Khon Kaen","TH","Korat","J&T","8361","4905.42","13558.77"
"2026-01-12","PH","West Visayas","PH","Bicol Region","DHL","30290","27074.47","58806.78"
"2026-01-12","ID","North Sumatra","ID","North Sumatra","Pos Indonesia","18389","13621.13","23174.51"
"2026-01-12","ID","North Sumatra","ID","West Java","J&T","22717","13600.43","135209.04"
"2026-01-12","ID","North Sumatra","ID","Banten","Pos Indonesia","32712","22684.64","193197.04"
"2026-01-12","ID","North Sumatra","ID","Bali","Pos Indonesia","15507","11253.91","132318.31"
"2026-01-12","TH","Khon Kaen","TH","Phuket","Kerry Express","14372","9332.94","77544.27"
"2026-01-12","TH","Nakhon Sawan","TH","Chonburi","J&T","24959","16241.01","53278.69"
"2026-01-12","TH","Nakhon Sawan","TH","Korat","Ninja Van","16044","9909.24","32901.79"
"2026-01-12","TH","Nakhon Sawan","TH","Chiang Mai","Ninja Van","25848","22168.37","61631.48"
"2026-01-12","MY","Perak","MY","Pahang","J&T","16310","12476.87","33143.53"
"2026-01-12","TH","Nakhon Sawan","TH","Khon Kaen","Kerry Express","11965","11517.87","34151.14"
"2026-01-12","TH","Nakhon Sawan","TH","Songkhla","Kerry Express","22037","18697.76","119786.95"
"2026-01-12","TH","Nakhon Sawan","TH","Nonthaburi","Kerry Express","16646","12164.21","41391.38"
"2026-01-12","TH","Surat Thani","TH","Khon Kaen","J&T","21627","18831.15","91263.87"
"2026-01-12","TH","Surat Thani","TH","Phuket","Ninja Van","20252","12685.44","35326.35"
"2026-01-12","TH","Surat Thani","TH","Surat Thani","Ninja Van","11393","9683.26","15227.85"
"2026-01-12","PH","SOCCSKSARGEN","PH","West Visayas","LBC Express","15068","9852.71","55789.38"
"2026-01-12","ID","Central Java","ID","Banten","Pos Indonesia","28433","19270.44","63828.03"
"2026-01-12","TH","BKK","TH","Chonburi","J&T","31116","20159.5","35295.36"
"2026-01-12","ID","South Sulawesi","ID","Riau","Pos Indonesia","27679","21438.37","232978.15"
"2026-01-12","MY","Selangor","MY","Sarawak","Ninja Van","25419","22158.69","96694.88"
"2026-01-12","ID","South Sulawesi","ID","South Sulawesi","SiCepat","27759","21824.44","46864.05"
"2026-01-12","MY","Selangor","MY","Perak","Ninja Van","17757","15203.03","279960.53"
"2026-01-12","PH","Central Visayas","PH","NCR","2GO Express","14768","9908.93","38807.35"
"2026-01-12","TH","BKK","TH","Unknown","J&T","31233","22937.62","134113.03"
"2026-01-12","ID","South Sulawesi","ID","Jakarta","Ninja Van","31541","19421.36","177874.46"
"2026-01-12","MY","Selangor","MY","Kuala Lumpur","J&T","25921","17591.84","25971.55"
"2026-01-12","MY","Selangor","MY","Selangor","Pos Malaysia","19706","14042.79","26207.06"
"2026-01-12","ID","South Sulawesi","ID","West Java","SiCepat","26615","15520.05","197704.91"
"2026-01-12","TH","BKK","TH","Nonthaburi","J&T","33754","22344.49","34276.15"
"2026-01-12","ID","Riau","ID","West Java","Pos Indonesia","23128","15204.51","117969.98"
"2026-01-12","MY","Selangor","MY","Sabah","Ninja Van","19095","17099.83","106895.99"
"2026-01-12","MY","Selangor","MY","Penang","Pos Malaysia","22853","17294.28","50276.47"
"2026-01-12","PH","SOCCSKSARGEN","PH","Northern Mindanao","DHL","26260","17885.27","52409.36"
"2026-01-12","TH","Khon Kaen","TH","Chonburi","Kerry Express","15021","10790.53","42731.92"
"2026-01-12","MY","Penang","MY","Johor","DHL","19412","13021.43","50503.15"
"2026-01-12","ID","East Java","ID","East Java","Pos Indonesia","32728","23490.97","34879.19"
"2026-01-12","ID","East Java","ID","Central Java","J&T","13849","9467.81","23522.59"
"2026-01-12","ID","East Java","ID","South Sulawesi","SiCepat","16513","13158.28","64071.28"
"2026-01-12","MY","Penang","MY","Penang","Ninja Van","14548","10360.34","15643.53"
"2026-01-12","ID","East Java","ID","Riau","Pos Indonesia","19689","15206.19","105061.38"
"2026-01-12","ID","East Java","ID","Banten","DHL","23774","15240.47","73762.66"
"2026-01-12","MY","Penang","MY","Negeri Sembilan","Pos Malaysia","16723","13442.08","39247.15"
"2026-01-12","MY","Penang","MY","Perak","Ninja Van","21894","19065.24","27706.75"
"2026-01-12","MY","Penang","MY","Sarawak","Ninja Van","11048","9779.48","46797.47"
"2026-01-12","TH","Chonburi","TH","Khon Kaen","Ninja Van","18789","16345.75","40277.18"
"2026-01-12","TH","Chonburi","TH","Nonthaburi","Kerry Express","27201","19533.9","41394.28"
"2026-01-12","TH","Chonburi","TH","BKK","Kerry Express","27467","18049.09","41278.28"
"2026-01-12","TH","Chonburi","TH","Songkhla","J&T","15949","12611.36","46398.34"
"2026-01-12","TH","Chonburi","TH","Chiang Mai","Ninja Van","18256","15873.6","52386.17"
"2026-01-12","TH","Phuket","TH","Korat","Ninja Van","12177","7207.77","40392.52"
"2026-01-12","MY","Kedah","MY","Perak","J&T","22623","20037.09","37657.1"
"2026-01-12","MY","Kedah","MY","Negeri Sembilan","Ninja Van","27302","20828.48","66425.41"
"2026-01-12","MY","Kedah","MY","Penang","Pos Malaysia","11656","8847.95","19472.2"
"2026-01-12","MY","Kedah","MY","Johor","Pos Malaysia","20769","16254.75","77982.44"
"2026-01-12","TH","Phuket","TH","Chonburi","J&T","13360","8497.15","37578.17"
"2026-01-12","TH","Phuket","TH","Khon Kaen","Ninja Van","6995","5790.4","86178.72"
"2026-01-12","TH","Phuket","TH","BKK","FedEx","9083","5414.97","27023.26"
"2026-01-12","ID","Banten","ID","North Sumatra","Pos Indonesia","29019","21522.01","134699.0"
"2026-01-12","ID","Bali","ID","West Java","Pos Indonesia","29786","18733.0","117836.22"
"2026-01-12","MY","Kedah","MY","Selangor","DHL","18246","12212.79","41326.55"
"2026-01-12","TH","Phuket","TH","Nonthaburi","J&T","18134","11570.31","51560.81"
"2026-01-12","MY","Kedah","MY","Kedah","Pos Malaysia","26962","26861.23","40865.98"
"2026-01-12","MY","Kedah","MY","Kuala Lumpur","J&T","9387","6590.67","21073.49"
"2026-01-12","TH","Phuket","TH","Chiang Mai","Kerry Express","16422","14072.99","90849.65"
"2026-01-12","TH","Phuket","TH","Nakhon Sawan","Ninja Van","13918","10468.16","47754.47"
"2026-01-12","PH","SOCCSKSARGEN","PH","NCR","LBC Express","20811","13772.12","119515.91"
"2026-01-12","MY","Kedah","MY","Sarawak","Ninja Van","19660","17939.47","99512.6"
"2026-01-12","ID","South Sulawesi","ID","Central Java","Pos Indonesia","13332","9551.68","59331.59"
"2026-01-12","TH","Phuket","TH","Phuket","J&T","17461","10010.8","18984.72"
"2026-01-12","ID","North Sumatra","ID","East Java","Ninja Van","19178","14414.83","153971.91"
"2026-01-12","PH","Ilocos Region","PH","Bicol Region","Ninja Van","17055","15764.14","44263.56"
"2026-01-12","ID","Riau","ID","Jakarta","J&T","16632","10170.97","77610.75"
"2026-01-12","MY","Johor","MY","Negeri Sembilan","Pos Malaysia","20777","16121.08","43997.66"
"2026-01-12","MY","Sabah","MY","Perak","J&T","17934","15458.67","129108.87"
"2026-01-12","MY","Sabah","MY","Penang","FedEx","27647","17509.16","209539.85"
"2026-01-12","MY","Sabah","MY","Selangor","Ninja Van","26563","18008.53","182593.61"
"2026-01-12","MY","Sabah","MY","Kuala Lumpur","J&T","18725","12887.73","132529.4"
"2026-01-12","MY","Johor","MY","Kedah","Ninja Van","19667","17299.79","55034.29"
"2026-01-12","MY","Sabah","MY","Sarawak","Ninja Van","11848","10554.31","46697.15"
"2026-01-12","MY","Sabah","MY","Negeri Sembilan","J&T","26098","18886.67","185657.25"
"2026-01-12","MY","Sabah","MY","Johor","J&T","21329","15191.36","137727.93"
"2026-01-12","ID","Riau","ID","East Java","J&T","30401","21597.09","191455.8"
"2026-01-12","ID","Riau","ID","Banten","SiCepat","30195","20771.55","164052.35"
"2026-01-12","MY","Kuala Lumpur","MY","Pahang","J&T","16616","12643.28","24946.98"
"2026-01-12","PH","Northern Mindanao","PH","Central Luzon","J&T","21911","15753.62","93687.08"
"2026-01-12","MY","Sarawak","MY","Kedah","J&T","14150","12096.71","71691.2"
"2026-01-12","ID","Central Java","ID","Central Java","DHL","31744","22056.99","34114.84"
"2026-01-12","ID","Riau","ID","Central Java","Pos Indonesia","29674","22127.11","170948.94"
"2026-01-12","MY","Kuala Lumpur","MY","Negeri Sembilan","FedEx","15674","10464.66","17889.35"
"2026-01-12","ID","Central Java","ID","South Sulawesi","J&T","21259","17557.89","84683.43"
"2026-01-12","TH","Nonthaburi","TH","Nakhon Sawan","J&T","10957","8495.5","17556.72"
"2026-01-12","TH","Nakhon Sawan","TH","BKK","J&T","22512","13473.83","46021.81"
"2026-01-12","TH","Nakhon Sawan","TH","Surat Thani","Kerry Express","10418","9353.84","48764.73"
"2026-01-12","MY","Johor","MY","Selangor","DHL","30742","18663.53","54165.46"
"2026-01-12","ID","Bali","ID","Central Java","SiCepat","8477","6339.02","31435.98"
"2026-01-12","PH","Northern Mindanao","PH","Bicol Region","LBC Express","11186","11102.63","43905.9"
"2026-01-12","TH","Nonthaburi","TH","Korat","Ninja Van","9972","6006.68","16139.28"
"2026-01-12","ID","Bali","ID","Bali","Pos Indonesia","12380","9339.26","15565.67"
"2026-01-12","ID","Jakarta","ID","North Sumatra","Pos Indonesia","9133","6690.33","43080.44"
"2026-01-12","PH","SOCCSKSARGEN","PH","Ilocos Region","Ninja Van","26615","23040.57","137351.03"
"2026-01-12","TH","Nakhon Sawan","TH","Nakhon Sawan","Ninja Van","9540","7599.43","12814.58"
"2026-01-12","TH","Khon Kaen","TH","BKK","Kerry Express","23844","15449.43","73231.5"
"2026-01-12","PH","NCR","PH","Central Luzon","2GO Express","24039","18045.32","27076.0"
"2026-01-12","PH","NCR","PH","Bicol Region","LBC Express","28568","27430.25","65669.79"
"2026-01-12","PH","NCR","PH","Calabarzon","Ninja Van","19298","12266.44","20379.72"
"2026-01-12","PH","NCR","PH","NCR","Ninja Van","13336","8730.54","14797.02"
"2026-01-12","PH","NCR","PH","SOCCSKSARGEN","J&T","34238","23509.93","127439.74"
"2026-01-12","PH","NCR","PH","Central Visayas","J&T","24616","18748.84","60133.63"
"2026-01-12","PH","NCR","PH","West Visayas","2GO Express","8525","5463.55","19020.23"
"2026-01-12","ID","West Java","ID","Central Java","J&T","10898","7720.8","20683.79"
"2026-01-12","ID","West Java","ID","West Java","J&T","32174","18946.4","36751.58"
"2026-01-12","ID","West Java","ID","North Sumatra","Pos Indonesia","25074","18589.87","127572.41"
"2026-01-12","ID","West Java","ID","South Sulawesi","Pos Indonesia","15097","12526.91","67875.48"
"2026-01-12","PH","West Visayas","PH","Ilocos Region","DHL","23157","19227.64","62926.64"
"2026-01-12","ID","Unknown","ID","Bali","SiCepat","8624","6091.95","51878.07"
"2026-01-12","MY","Selangor","MY","Johor","Pos Malaysia","32652","24510.65","70873.7"
"2026-01-12","TH","Chiang Mai","TH","Nonthaburi","Kerry Express","11568","8499.54","41687.51"
"2026-01-12","MY","Johor","MY","Sarawak","J&T","24021","20872.63","72738.18"
"2026-01-12","ID","Bali","ID","East Java","J&T","13806","9862.88","28504.64"
"2026-01-12","PH","SOCCSKSARGEN","PH","Central Visayas","DHL","13746","9475.85","39101.47"
"2026-01-12","TH","Songkhla","TH","Surat Thani","Kerry Express","24114","21574.6","58205.46"
"2026-01-12","ID","West Java","ID","Banten","Pos Indonesia","35567","25776.54","52703.89"
"2026-01-12","ID","West Java","ID","Riau","DHL","35687","27095.98","145470.84"
"2026-01-12","TH","Songkhla","TH","Songkhla","Kerry Express","24092","20241.59","35652.59"
"2026-01-12","ID","Bali","ID","North Sumatra","Ninja Van","24957","18561.66","206704.85"
"2026-01-12","ID","Banten","ID","West Java","Pos Indonesia","18413","11268.84","27486.73"
"2026-01-12","MY","Johor","MY","Penang","Pos Malaysia","13808","9684.05","45017.73"
"2026-01-12","PH","West Visayas","PH","West Visayas","2GO Express","24066","15580.47","25213.55"
"2026-01-12","ID","Riau","ID","Bali","Pos Indonesia","21218","16299.53","160712.4"
"2026-01-12","ID","Bali","ID","South Sulawesi","SiCepat","25208","20640.78","96690.63"
"2026-01-12","TH","Korat","TH","BKK","J&T","24798","14739.84","37554.71"
"2026-01-12","TH","Korat","TH","Korat","Ninja Van","30583","18934.89","31878.23"
"2026-01-12","PH","Central Visayas","PH","Northern Mindanao","DHL","28564","19290.07","44029.72"
"2026-01-12","MY","Sabah","MY","Sabah","Ninja Van","28565","26075.79","38438.84"
"2026-01-12","MY","Negeri Sembilan","MY","Selangor","Pos Malaysia","23744","17280.57","39240.85"
"2026-01-12","MY","Negeri Sembilan","MY","Sabah","Pos Malaysia","21798","20317.51","177145.01"
"2026-01-12","MY","Negeri Sembilan","MY","Kedah","Ninja Van","19097","16842.68","49106.36"
"2026-01-12","ID","Bali","ID","Riau","J&T","21648","16389.62","146587.29"
"2026-01-12","MY","Johor","MY","Johor","Pos Malaysia","20954","15441.86","29583.37"
"2026-01-12","TH","Korat","TH","Nonthaburi","Ninja Van","18661","12735.89","29591.79"
"2026-01-12","MY","Sabah","MY","Pahang","J&T","13707","10987.1","82448.02"
"2026-01-12","MY","Kuala Lumpur","MY","Penang","Ninja Van","29107","20717.04","51926.25"
"2026-01-12","PH","Central Luzon","PH","NCR","LBC Express","13771","9403.26","18830.41"
"2026-01-12","PH","Calabarzon","PH","Ilocos Region","2GO Express","12495","10953.51","18970.58"
"2026-01-12","PH","Calabarzon","PH","NCR","J&T","34019","21979.48","35943.94"
"2026-01-12","PH","Central Luzon","PH","West Visayas","LBC Express","13147","8810.47","209073.94"
"2026-01-12","PH","Calabarzon","PH","Northern Mindanao","J&T","24676","18062.87","73679.58"
"2026-01-12","PH","Central Luzon","PH","SOCCSKSARGEN","2GO Express","8374","5964.24","33232.83"
"2026-01-12","PH","Central Luzon","PH","Ilocos Region","LBC Express","19368","17486.21","30643.6"
"2026-01-12","TH","Songkhla","TH","Phuket","Ninja Van","12238","7563.68","22337.03"
"2026-01-12","TH","Songkhla","TH","Chonburi","Kerry Express","21601","15372.8","89059.05"
"2026-01-12","TH","Songkhla","TH","","J&T","21524","11947.27","108869.19"
"2026-01-12","PH","Central Luzon","PH","Central Luzon","LBC Express","16942","13495.92","21603.85"
"2026-01-12","TH","Songkhla","TH","Khon Kaen","Ninja Van","12474","10681.62","51757.19"
"2026-01-12","PH","Calabarzon","PH","Central Luzon","Ninja Van","12202","9303.19","15359.71"
"2026-01-12","PH","Bicol Region","PH","Central Luzon","2GO Express","21097","15978.29","45741.69"
"2026-01-12","ID","Banten","ID","Jakarta","Ninja Van","8657","5342.37","9865.77"
"2026-01-12","PH","Bicol Region","PH","NCR","J&T","15120","9175.72","32549.68"
"2026-01-12","MY","Penang","MY","Pahang","DHL","18155","12893.24","36157.18"
"2026-01-12","MY","Penang","MY","Selangor","Ninja Van","18592","12720.0","34411.83"
"2026-01-12","MY","Penang","MY","Kuala Lumpur","Ninja Van","24999","17837.12","43930.43"
"2026-01-12","MY","Pahang","MY","Sabah","J&T","18203","16599.68","102989.13"
"2026-01-12","TH","Chiang Mai","TH","Chiang Mai","J&T","10540","8641.35","12471.63"
"2026-01-12","TH","Chiang Mai","TH","Khon Kaen","Ninja Van","29578","25347.12","77480.49"
"2026-01-12","TH","Chiang Mai","TH","Songkhla","Ninja Van","22363","18981.92","118233.54"
"2026-01-12","TH","Chiang Mai","TH","BKK","J&T","12262","7632.15","36657.1"
"2026-01-12","TH","Chiang Mai","TH","Phuket","J&T","23833","14331.16","117245.95"
"2026-01-12","TH","Chiang Mai","TH","Nakhon Sawan","J&T","9446","7284.27","21849.64"
"2026-01-12","TH","Khon Kaen","TH","Nonthaburi","J&T","25030","16734.86","59300.3"
"2026-01-12","MY","Kuala Lumpur","MY","Sabah","Ninja Van","25690","23096.12","147613.93"
"2026-01-12","ID","Banten","ID","Bali","SiCepat","29495","20475.93","143975.23"
"2026-01-12","ID","Banten","ID","Central Java","SiCepat","22121","15319.15","68854.55"
"2026-01-12","PH","Bicol Region","PH","Bicol Region","DHL","17992","15813.73","22731.73"
"2026-01-12","ID","East Java","ID","Jakarta","Pos Indonesia","27812","17282.19","76922.82"
"2026-01-12","MY","Kuala Lumpur","MY","Johor","J&T","25945","18161.54","46102.06"
"2026-01-12","MY","Perak","MY","Johor","Pos Malaysia","15551","11808.12","49826.18"
"2026-01-12","MY","Perak","MY","Kuala Lumpur","Ninja Van","8799","6107.52","14446.63"
"2026-01-12","ID","Banten","ID","East Java","Pos Indonesia","19562","14278.93","59550.54"
"2026-01-12","ID","Jakarta","ID","Riau","Pos Indonesia","24998","20438.27","93541.51"
"2026-01-12","MY","Pahang","MY","Sarawak","J&T","21030","18575.81","75516.73"
"2026-01-12","MY","Pahang","MY","Johor","Ninja Van","16240","12387.5","29896.13"
"2026-01-12","ID","Jakarta","ID","West Java","Pos Indonesia","21146","14220.15","27287.58"
"2026-01-12","MY","Pahang","MY","Penang","Ninja Van","21091","14851.33","49284.84"
"2026-01-12","ID","Jakarta","ID","South Sulawesi","Ninja Van","9623","8356.31","48772.25"
"2026-01-12","ID","Jakarta","ID","Banten","Pos Indonesia","10621","7465.17","12060.81"
"2026-01-12","MY","Pahang","MY","Kedah","J&T","24958","21962.26","61499.94"
"2026-01-12","MY","Pahang","MY","Pahang","J&T","19353","15331.06","21610.09"
"2026-01-12","ID","Jakarta","ID","Jakarta","Pos Indonesia","18646","12059.64","18683.69"
"2026-01-12","ID","Jakarta","ID","Central Java","Pos Indonesia","22565","17105.56","49022.34"
"2026-01-12","ID","Banten","ID","Banten","Ninja Van","20937","14273.59","22392.22"
"2026-01-12","MY","Pahang","MY","Perak","Pos Malaysia","29900","27720.28","73393.07"
"2026-01-12","MY","Pahang","MY","Selangor","Pos Malaysia","29775","21216.71","67451.06"
"2026-01-12","PH","Bicol Region","PH","Central Visayas","J&T","29711","20748.4","70669.68"
"2026-01-12","MY","Johor","MY","Sabah","FedEx","28177","23260.97","142725.14"
"2026-01-12","MY","Perak","MY","Sabah","Pos Malaysia","15117","14253.14","123320.3"
"2026-01-12","MY","Perak","MY","Selangor","DHL","27755","17338.03","47802.04"
"2026-01-12","MY","Perak","MY","Penang","Ninja Van","14167","10107.97","21006.57"
"2026-01-12","MY","Pahang","MY","Negeri Sembilan","Pos Malaysia","8582","6645.09","18835.63"
"2026-01-12","MY","Kuala Lumpur","MY","Selangor","J&T","23192","15190.65","23220.64"
"2026-01-12","PH","Northern Mindanao","PH","SOCCSKSARGEN","Ninja Van","12455","9137.47","25461.28"
"2026-01-12","TH","Nonthaburi","TH","Khon Kaen","Kerry Express","24201","22066.71","60588.26"
"2026-01-12","PH","Northern Mindanao","PH","Ilocos Region","Ninja Van","21145","19477.04","96708.23"
"2026-01-12","TH","Nonthaburi","TH","Chonburi","Ninja Van","8272","5371.57","9280.49"
"2026-01-12","PH","Northern Mindanao","PH","Unknown","LBC Express","19556","13818.32","143301.42"
"2026-01-12","TH","Nonthaburi","TH","Nonthaburi","DHL","22909","15021.24","22921.04"
"2026-01-12","PH","Northern Mindanao","PH","Northern Mindanao","2GO Express","14377","10864.35","17969.81"
"2026-01-12","PH","Northern Mindanao","PH","Central Visayas","2GO Express","24884","18915.76","48349.47"
"2026-01-12","TH","Nonthaburi","TH","BKK","Kerry Express","9417","6132.2","11794.56"
"2026-01-12","PH","Northern Mindanao","PH","NCR","J&T","26636","16847.99","107597.12"
"2026-01-12","MY","Kuala Lumpur","MY","Kuala Lumpur","Ninja Van","18907","12664.86","20940.29"
"2026-01-12","MY","Kuala Lumpur","MY","Kedah","J&T","24232","21093.08","50053.61"
"2026-01-12","TH","Nonthaburi","TH","Phuket","J&T","12640","7713.23","38337.16"
"2026-01-12","TH","Nonthaburi","TH","Surat Thani","Ninja Van","19967","16456.89","47844.03"
"2026-01-12","TH","Nonthaburi","TH","Songkhla","Ninja Van","16910","13406.21","50245.09"
"2026-01-12","MY","Kuala Lumpur","MY","Sarawak","J&T","29616","25172.26","112002.35"
"2026-01-12","TH","Surat Thani","TH","Nakhon Sawan","Ninja Van","16514","13544.12","62069.18"
"2026-01-12","PH","Central Luzon","PH","Bicol Region","2GO Express","18553","17528.61","37134.17"
"2026-01-12","TH","Surat Thani","TH","","Ninja Van","10595","6065.87","55405.88"
"2026-01-12","TH","Korat","TH","Surat Thani","Kerry Express","11428","10197.83","43400.72"
"2026-01-12","MY","Sarawak","MY","Pahang","J&T","19514","14781.51","72874.54"
"2026-01-12","PH","Bicol Region","PH","Ilocos Region","J&T","24232","20656.7","59895.55"
"2026-01-12","PH","West Visayas","PH","Central Visayas","Ninja Van","12200","9214.2","17357.96"
"2026-01-12","ID","Riau","ID","South Sulawesi","Pos Indonesia","12406","10495.9","100891.5"
"2026-01-12","MY","Sarawak","MY","Penang","FedEx","29116","18858.5","142337.78"
"2026-01-12","MY","Sarawak","MY","Sabah","Pos Malaysia","10575","9709.84","47134.13"
"2026-01-12","ID","North Sumatra","ID","Riau","DHL","28904","20717.97","75972.36"
"2026-01-13","MY","Perak","MY","Johor","Pos Malaysia","17826","13036.77","58458.18"
"2026-01-13","MY","Johor","MY","Penang","Pos Malaysia","15183","10509.15","48264.83"
"2026-01-13","MY","Johor","MY","","Pos Malaysia","22197","16989.52","128503.95"
"2026-01-13","ID","Bali","ID","West Java","J&T","20304","11331.5","81981.03"
"2026-01-13","ID","Bali","ID","Banten","SiCepat","23803","16015.2","135329.75"
"2026-01-13","ID","Bali","ID","East Java","SiCepat","26202","19814.67","71368.22"
"2026-01-13","TH","Korat","TH","BKK","Kerry Express","22304","14708.93","45521.96"
"2026-01-13","TH","Korat","TH","Surat Thani","J&T","28338","23684.33","84347.17"
"2026-01-13","TH","Korat","TH","Phuket","FedEx","14783","10123.2","49201.56"
"2026-01-13","TH","Korat","TH","Chonburi","Kerry Express","16957","12504.3","34065.52"
"2026-01-13","ID","Bali","ID","Central Java","DHL","21495","15162.36","62244.83"
"2026-01-13","ID","Bali","ID","Riau","J&T","21943","17495.32","149760.24"
"2026-01-13","TH","Korat","TH","Nonthaburi","Kerry Express","13887","9378.33","27100.72"
"2026-01-13","TH","Korat","TH","Chiang Mai","Kerry Express","19953","17302.69","63540.42"
"2026-01-13","MY","Johor","MY","Negeri Sembilan","Pos Malaysia","20869","15774.24","41131.81"
"2026-01-13","MY","Johor","MY","Selangor","Pos Malaysia","19501","13304.25","44276.8"
"2026-01-13","MY","Johor","MY","Johor","Pos Malaysia","30337","21348.39","39925.86"
"2026-01-13","TH","Korat","TH","Korat","J&T","25729","14401.67","27143.8"
"2026-01-13","PH","Northern Mindanao","PH","SOCCSKSARGEN","LBC Express","12989","10385.91","30947.56"
"2026-01-13","MY","Johor","MY","Pahang","Pos Malaysia","28508","21285.99","62717.11"
"2026-01-13","MY","Johor","MY","Sabah","Ninja Van","16941","14306.24","81899.6"
"2026-01-13","MY","Sarawak","MY","Sabah","Ninja Van","26947","21224.11","103050.8"
"2026-01-13","MY","Sarawak","MY","Kuala Lumpur","Pos Malaysia","8903","6547.33","47827.13"
"2026-01-13","ID","Riau","ID","North Sumatra","Pos Indonesia","26395","19656.57","73904.45"
"2026-01-13","ID","Riau","ID","West Java","Ninja Van","25975","15721.74","125217.98"
"2026-01-13","ID","South Sulawesi","ID","Banten","Ninja Van","11028","7042.96","71169.43"
"2026-01-13","ID","West Java","ID","North Sumatra","SiCepat","22950","16563.23","153715.76"
"2026-01-13","TH","Chiang Mai","TH","Korat","Ninja Van","14841","8441.03","41717.23"
"2026-01-13","TH","Chiang Mai","TH","Phuket","FedEx","27011","18320.17","132718.13"
"2026-01-13","PH","Bicol Region","PH","Bicol Region","Ninja Van","28196","24495.63","36669.33"
"2026-01-13","PH","Bicol Region","PH","West Visayas","J&T","27262","15184.07","61959.36"
"2026-01-13","PH","Bicol Region","PH","Northern Mindanao","Ninja Van","29644","21715.05","90810.89"
"2026-01-13","PH","Bicol Region","PH","Ilocos Region","2GO Express","15574","14377.8","37978.15"
"2026-01-13","PH","Bicol Region","PH","NCR","2GO Express","15592","10501.55","32793.94"
"2026-01-13","PH","Bicol Region","PH","SOCCSKSARGEN","Ninja Van","18098","13234.47","64245.37"
"2026-01-13","PH",,"PH","Unknown","J&T","18447","11221.0","81166.49"
"2026-01-13","PH","West Visayas","PH","Bicol Region","J&T","18687","16184.1","34914.62"
"2026-01-13","TH","Surat Thani","TH","Nonthaburi","J&T","13733","8429.1","39957.73"
"2026-01-13","ID","Banten","ID","Central Java","J&T","28046","19559.64","63532.08"
"2026-01-13","MY","Negeri Sembilan","MY","Negeri Sembilan","J&T","15693","12114.73","18749.44"
"2026-01-13","PH","Calabarzon","PH","Ilocos Region","LBC Express","24179","23826.07","49503.9"
"2026-01-13","PH","Calabarzon","PH","NCR","LBC Express","9296","6935.44","12412.64"
"2026-01-13","TH","Uknown","TH","Songkhla","Ninja Van","20357","16440.41","90441.0"
"2026-01-13","TH","Chonburi","TH","Khon Kaen","Kerry Express","26743","24944.43","68150.7"
"2026-01-13","PH","West Visayas","PH","SOCCSKSARGEN","Ninja Van","22937","18340.17","59196.11"
"2026-01-13","PH","West Visayas","PH","Central Luzon","J&T","19071","13327.59","45955.02"
"2026-01-13","PH","Northern Mindanao","PH","Northern Mindanao","2GO Express","14947","12111.71","20324.75"
"2026-01-13","MY","","MY","Sabah","J&T","28022","23490.43","127771.08"
"2026-01-13","TH","Songkhla","TH","Songkhla","J&T","24829","19594.63","29330.2"
"2026-01-13","TH","Songkhla","TH","Khon Kaen","Kerry Express","8342","8103.28","43375.5"
"2026-01-13","TH","Songkhla","TH","Chiang Mai","DHL","19074","15343.61","101401.71"
"2026-01-13","TH","Songkhla","TH","BKK","Ninja Van","10717","6271.34","35449.4"
"2026-01-13","TH","Songkhla","TH","Korat","Kerry Express","19984","11988.5","96793.09"
"2026-01-13","PH","West Visayas","PH","West Visayas","J&T","21412","12414.2","21429.45"
"2026-01-13","TH","Nonthaburi","TH","Khon Kaen","Ninja Van","27347","24687.25","55215.24"
"2026-01-13","TH","Khon Kaen","TH","Nakhon Sawan","Ninja Van","7236","5205.63","14536.54"
"2026-01-13","PH","SOCCSKSARGEN","PH","Northern Mindanao","LBC Express","14607","10995.44","35684.56"
"2026-01-13","PH","West Visayas","PH","Central Visayas","J&T","11364","7866.59","15299.94"
"2026-01-13","TH","Khon Kaen","TH","Nonthaburi","DHL","19238","11674.7","45475.71"
"2026-01-13","TH","Nonthaburi","TH","Songkhla","DHL","8389","6640.3","26844.17"
"2026-01-13","TH","Khon Kaen","TH","Songkhla","Kerry Express","16840","14607.14","95540.82"
"2026-01-13","PH","SOCCSKSARGEN","PH","Ilocos Region","2GO Express","28844","26400.73","152204.04"
"2026-01-13","PH","SOCCSKSARGEN","PH","Central Visayas","DHL","26383","17514.92","69824.47"
"2026-01-13","TH","Khon Kaen","TH","Chonburi","Ninja Van","9802","6768.99","22324.97"
"2026-01-13","TH","Khon Kaen","TH","Korat","Kerry Express","12595","7585.77","25273.17"
"2026-01-13","PH","SOCCSKSARGEN","PH","West Visayas","DHL","29429","16305.09","86662.42"
"2026-01-13","TH","Khon Kaen","TH","Chiang Mai","Kerry Express","28824","24689.27","95348.69"
"2026-01-13","PH","Calabarzon","PH","Central Luzon","2GO Express","28579","21763.3","37233.64"
"2026-01-13","PH","SOCCSKSARGEN","PH","Central Luzon","J&T","30042","20003.97","146576.28"
"2026-01-13","PH","SOCCSKSARGEN","PH","SOCCSKSARGEN","J&T","24426","17564.24","34427.06"
"2026-01-13","TH","Khon Kaen","TH","Phuket","J&T","18870","12535.79","88342.12"
"2026-01-13","MY","Negeri Sembilan","MY","Penang","Pos Malaysia","24142","16815.71","72758.74"
"2026-01-13","MY","Negeri Sembilan","MY","Kuala Lumpur","Ninja Van","25301","17395.66","33816.44"
"2026-01-13","MY","Negeri Sembilan","MY","Sabah","Pos Malaysia","24579","20796.4","201667.95"
"2026-01-13","MY","Negeri Sembilan","MY","Johor","Ninja Van","16156","10869.0","31318.68"
"2026-01-13","MY","Negeri Sembilan","MY","Pahang","Pos Malaysia","20448","15355.31","45952.26"
"2026-01-13","MY","Negeri Sembilan","MY","Perak","J&T","18054","14656.18","34693.7"
"2026-01-13","PH","West Visayas","PH","Calabarzon","Ninja Van","13445","9170.35","30025.78"
"2026-01-13","TH","Surat Thani","TH","Chonburi","Ninja Van","18881","13468.4","51927.77"
"2026-01-13","TH","Surat Thani","TH","Nakhon Sawan","J&T","19670","14142.25","73347.43"
"2026-01-13","TH","Surat Thani","TH","Chiang Mai","Kerry Express","9977","8847.84","60589.99"
"2026-01-13","TH","Surat Thani","TH","BKK","Kerry Express","17512","11135.63","63475.38"
"2026-01-13","ID","Bali","ID","Bali","Pos Indonesia","18583","15029.79","23012.22"
"2026-01-13","PH","Central Visayas","PH","Calabarzon","LBC Express","9965","6579.6","31815.37"
"2026-01-13","ID","South Sulawesi","ID","West Java","Ninja Van","29848","17774.6","160753.15"
"2026-01-13","TH","BKK","TH","Chiang Mai","Kerry Express","28923","25097.75","89591.01"
"2026-01-13","PH","Central Visayas","PH","Bicol Region","J&T","31893","26600.03","60047.57"
"2026-01-13","ID","South Sulawesi","ID","Central Java","Pos Indonesia","29904","22831.94","134934.37"
"2026-01-13","ID","South Sulawesi","ID","South Sulawesi","Pos Indonesia","11030","9510.53","14142.15"
"2026-01-13","TH","BKK","TH","BKK","Kerry Express","10073","6312.45","13461.8"
"2026-01-13","PH","Central Visayas","PH","NCR","LBC Express","8823","6141.36","27956.93"
"2026-01-13","ID","South Sulawesi","ID","Uknown","Pos Indonesia","15771","10387.48","83230.93"
"2026-01-13","MY","Selangor","MY","Johor","J&T","22890","15832.82","42321.88"
"2026-01-13","TH","BKK","TH","Phuket","Ninja Van","21077","14797.4","59243.43"
"2026-01-13","PH","Central Visayas","PH","Northern Mindanao","2GO Express","23571","16990.26","35818.92"
"2026-01-13","TH","BKK","TH","Nonthaburi","Kerry Express","19122","12248.46","23970.41"
"2026-01-13","ID","North Sumatra","ID","North Sumatra","Pos Indonesia","26306","19606.66","32476.88"
"2026-01-13","ID","North Sumatra","ID","Riau","DHL","10944","8246.99","28427.49"
"2026-01-13","ID","Bali","ID","South Sulawesi","J&T","20164","17165.02","58656.14"
"2026-01-13","MY","Johor","MY","Kedah","J&T","32591","25349.09","88931.09"
"2026-01-13","MY","Unknown","MY","Pahang","Pos Malaysia","26354","21193.43","153741.36"
"2026-01-13","PH","Ilocos Region","PH","Northern Mindanao","LBC Express","25496","19882.75","147421.89"
"2026-01-13","PH","Ilocos Region","PH","SOCCSKSARGEN","2GO Express","26632","20549.73","143782.61"
"2026-01-13","PH","Ilocos Region","PH","Calabarzon","2GO Express","23197","15224.65","42156.41"
"2026-01-13","PH","Ilocos Region","PH","Central Luzon","2GO Express","29605","21867.82","47229.15"
"2026-01-13","PH","Ilocos Region","PH","NCR","2GO Express","25403","18248.97","43560.5"
"2026-01-13","PH","Ilocos Region","PH","Ilocos Region","J&T","19620","17694.06","26348.12"
"2026-01-13","PH","Ilocos Region","PH","Central Visayas","Ninja Van","29169","20735.42","109471.1"
"2026-01-13","ID","North Sumatra","ID","Banten","SiCepat","23671","14963.85","174426.91"
"2026-01-13","ID","North Sumatra","ID","West Java","Ninja Van","13605","7918.69","82144.95"
"2026-01-13","ID","North Sumatra","ID","Bali","Pos Indonesia","28944","22977.96","243129.68"
"2026-01-13","TH","Korat","TH","Khon Kaen","Ninja Van","8333","7353.86","12681.63"
"2026-01-13","TH","Korat","TH","Songkhla","Ninja Van","18740","15520.62","63181.7"
"2026-01-13","MY","Perak","MY","Penang","Ninja Van","7842","5565.66","11406.66"
"2026-01-13","TH","Nakhon Sawan","TH","Nonthaburi","Kerry Express","25322","16659.5","59824.52"
"2026-01-13","TH","Nakhon Sawan","TH","Chonburi","Kerry Express","25840","19148.42","71594.2"
"2026-01-13","TH","Nakhon Sawan","TH","Khon Kaen","J&T","15081","13365.18","34969.72"
"2026-01-13","TH","Surat Thani","TH","Songkhla","J&T","14704","11966.6","30520.09"
"2026-01-13","TH","Surat Thani","TH","Surat Thani","Kerry Express","16375","14169.57","26215.55"
"2026-01-13","TH","Surat Thani","TH","Khon Kaen","Ninja Van","12935","11470.15","55704.63"
"2026-01-13","PH","Central Visayas","PH","SOCCSKSARGEN","J&T","31403","22149.95","71214.89"
"2026-01-13","TH","BKK","TH","Khon Kaen","Kerry Express","11042","10358.19","27361.22"
"2026-01-13","ID","Central Java","ID","Banten","J&T","29716","18446.49","66582.78"
"2026-01-13","ID","South Sulawesi","ID","Riau","Pos Indonesia","15963","12615.47","136513.76"
"2026-01-13","TH","BKK","TH","Songkhla","J&T","30311","23567.09","94145.3"
"2026-01-13","ID","Central Java","ID",,"DHL","20882","14209.68","97665.07"
"2026-01-13","TH","BKK","TH","Chonburi","Ninja Van","20934","14097.02","23451.67"
"2026-01-13","MY","Selangor","MY","Kuala Lumpur","Pos Malaysia","32859","24827.18","41259.05"
"2026-01-13","MY","Selangor","MY","Perak","Ninja Van","30611","25989.91","42748.01"
"2026-01-13","MY","Selangor","MY","Sarawak","Pos Malaysia","21253","17866.7","101096.7"
"2026-01-13","MY","Selangor","MY","Selangor","Pos Malaysia","13444","9729.88","17979.34"
"2026-01-13","MY","Selangor","MY","Penang","Pos Malaysia","22354","16195.78","50371.96"
"2026-01-13","MY","Selangor","MY","Sabah","Pos Malaysia","16162","14483.47","107950.76"
"2026-01-13","MY","Penang","MY","Kuala Lumpur","Ninja Van","19193","13537.29","35603.75"
"2026-01-13","ID","East Java","ID","Central Java","Pos Indonesia","23236","17799.58","39180.08"
"2026-01-13","ID","East Java","ID","Riau","Ninja Van","21636","18337.66","116641.03"
"2026-01-13","ID","East Java","ID","South Sulawesi","DHL","12661","10110.97","38573.91"
"2026-01-13","MY","Penang","MY","Selangor","Pos Malaysia","24520","17622.48","52874.94"
"2026-01-13","MY","Penang","MY","Pahang","J&T","10837","7960.86","21807.73"
"2026-01-13","ID","East Java","ID","Unknown","Pos Indonesia","0","0.0","0.0"
"2026-01-13","MY","Penang","MY","Sarawak","J&T","27154","21934.2","112763.86"
"2026-01-13","ID","East Java","ID","Banten","J&T","34236","20696.7","105915.04"
"2026-01-13","MY","Penang","MY","Negeri Sembilan","J&T","24980","19004.61","46395.65"
"2026-01-13","TH","Chonburi","TH","Phuket","Ninja Van","10586","7242.05","29172.9"
"2026-01-13","TH","Chonburi","TH","BKK","Ninja Van","23185","13857.9","27503.98"
"2026-01-13","TH","Chonburi","TH","Korat","J&T","21135","12005.04","32877.29"
"2026-01-13","TH","Chonburi","TH","Nonthaburi","Kerry Express","22557","15390.43","34370.92"
"2026-01-13","TH","Chonburi","TH","Chiang Mai","J&T","23425","18724.48","67549.52"
"2026-01-13","TH","Chonburi","TH","Songkhla","Kerry Express","16523","14691.46","61130.53"
"2026-01-13","TH","Phuket","TH","Chiang Mai","Ninja Van","12580","9751.2","56754.96"
"2026-01-13","TH","Phuket","TH","Nonthaburi","Ninja Van","7306","4469.01","21135.17"
"2026-01-13","MY","Kedah","MY","Kuala Lumpur","J&T","15687","11443.03","36854.8"
"2026-01-13","MY","Kedah","MY","Kedah","Ninja Van","14618","12738.56","18982.16"
"2026-01-13","MY","Kedah","MY","Johor","J&T","19326","13872.19","59848.36"
"2026-01-13","TH","Phuket","TH","BKK","Kerry Express","17763","10637.08","65665.9"
"2026-01-13","TH","Phuket","TH","Korat","Kerry Express","7916","4727.19","34259.54"
"2026-01-13","TH","Phuket","TH","Chonburi","J&T","21882","14084.65","64642.23"
"2026-01-13","MY","Kedah","MY","Perak","Ninja Van","28615","24833.71","46566.46"
"2026-01-13","TH","Phuket","TH","Khon Kaen","Kerry Express","21890","19514.53","106636.13"
"2026-01-13","MY","Kedah","MY","Selangor","Ninja Van","19007","13451.72","42522.71"
"2026-01-13","MY","Kedah","MY","Penang","Ninja Van","10270","7302.48","14274.85"
"2026-01-13","MY","Kedah","MY","Sarawak","J&T","8475","6979.4","41337.87"
"2026-01-13","TH","Phuket","TH","Phuket","Kerry Express","24517","17288.95","32176.89"
"2026-01-13","TH","Phuket","TH","Nakhon Sawan","Kerry Express","16181","12049.19","68940.91"
"2026-01-13","MY","Kedah","MY","Negeri Sembilan","Ninja Van","30136","23087.4","74350.11"
"2026-01-13","MY","Perak","MY","Sabah","Pos Malaysia","18286","15665.43","151669.7"
"2026-01-13","MY","Kuala Lumpur","MY","Negeri Sembilan","Ninja Van","9015","6663.95","9621.0"
"2026-01-13","MY","Kuala Lumpur","MY","Pahang","J&T","24871","18065.98","36459.93"
"2026-01-13","ID","Banten","ID","North Sumatra","J&T","17366","11903.66","81539.8"
"2026-01-13","TH","Khon Kaen","TH","Unknown","J&T","19797","15057.36","101808.62"
"2026-01-13","MY","Kuala Lumpur","MY","Penang","Ninja Van","21344","14140.34","38442.46"
"2026-01-13","PH","Northern Mindanao","PH","Central Luzon","Ninja Van","13600","9935.41","58508.91"
"2026-01-13","ID","North Sumatra","ID","East Java","DHL","21478","15337.03","169927.5"
"2026-01-13","PH","West Visayas","PH","Ilocos Region","Ninja Van","8258","7738.89","22813.4"
"2026-01-13","PH","Northern Mindanao","PH","Calabarzon","LBC Express","31950","21718.39","160267.9"
"2026-01-13","TH","Nonthaburi","TH","Nakhon Sawan","J&T","20311","14411.41","32779.47"
"2026-01-13","PH","Ilocos Region","PH","Bicol Region","Ninja Van","16002","14438.14","44121.98"
"2026-01-13","PH","Northern Mindanao","PH","Bicol Region","Ninja Van","20180","18432.96","18039.37"
"2026-01-13","MY","Pahang","MY","Johor","DHL","10398","6898.71","18585.81"
"2026-01-13","MY","Pahang","MY","Penang","J&T","16758","11585.91","37704.17"
"2026-01-13","MY","Sabah","MY","Sarawak","Ninja Van","23033","18690.89","92984.93"
"2026-01-13","MY","Sabah","MY","Perak","Pos Malaysia","17685","15496.73","149236.62"
"2026-01-13","MY","Sabah","MY","Pahang","Pos Malaysia","20712","16138.4","158901.13"
"2026-01-13","MY","Sabah","MY","Johor","J&T","25572","17611.92","162410.54"
"2026-01-13","MY","Sabah","MY","Selangor","Ninja Van","18211","12023.7","120496.24"
"2026-01-13","MY","Sabah","MY","Kuala Lumpur","J&T","9492","6893.04","65535.76"
"2026-01-13","MY","Sabah","MY","Negeri Sembilan","J&T","24581","18160.02","173079.73"
"2026-01-13","MY","Sabah","MY","Sabah","Pos Malaysia","27189","23684.13","44656.88"
"2026-01-13","ID","West Java","ID","Bali","SiCepat","33057","25013.91","149664.36"
"2026-01-13","TH","Nakhon Sawan","TH","Chiang Mai","FedEx","15283","12546.17","37221.74"
"2026-01-13","PH","NCR","PH","SOCCSKSARGEN","Ninja Van","33977","25554.2","131460.91"
"2026-01-13","PH","NCR","PH","Central Luzon","Ninja Van","32687","24347.82","38019.02"
"2026-01-13","PH","NCR","PH","Bicol Region","Ninja Van","33713","31356.01","59967.53"
"2026-01-13","PH","NCR","PH","West Visayas","J&T","18551","10842.95","41493.48"
"2026-01-13","PH","NCR","PH","NCR","Ninja Van","25954","18364.44","28304.16"
"2026-01-13","PH","NCR","PH","Central Visayas","J&T","22818","15735.19","56608.45"
"2026-01-13","PH","NCR","PH","Calabarzon","J&T","26361","16187.91","30072.39"
"2026-01-13","TH","Nakhon Sawan","TH","Surat Thani","Ninja Van","24484","19933.35","94541.42"
"2026-01-13","ID","West Java","ID","South Sulawesi","SiCepat","11535","9631.23","66735.91"
"2026-01-13","TH","","TH","Nakhon Sawan","Ninja Van","11748","8672.87","54748.18"
"2026-01-13","ID","West Java","ID","Central Java","SiCepat","17063","12384.14","40150.0"
"2026-01-13","ID","West Java","ID","West Java","DHL","9194","5061.22","10091.25"
"2026-01-13","ID","South Sulawesi","ID","East Java","J&T","21702","15735.93","83146.36"
"2026-01-13","ID","Riau","ID","East Java","J&T","24923","18526.88","157278.21"
"2026-01-13","ID","Central Java","ID","East Java","SiCepat","32904","23601.39","71521.42"
"2026-01-13","TH","Chiang Mai","TH","Nonthaburi","J&T","24326","14844.72","72633.61"
"2026-01-13","ID","Riau","ID","Banten","J&T","31161","20062.94","130861.0"
"2026-01-13","MY","Sarawak","MY","Pahang","Ninja Van","14075","10112.82","53559.59"
"2026-01-13","MY","Sarawak","MY","Penang","J&T","16030","10501.79","79368.68"
"2026-01-13","PH","SOCCSKSARGEN","PH","Calabarzon","LBC Express","22765","14681.24","134079.05"
"2026-01-13","ID","West Java","ID","Riau","Ninja Van","34486","29242.68","139984.51"
"2026-01-13","ID","West Java","ID","Banten","SiCepat","28422","17996.27","54955.67"
"2026-01-13","ID","Bali","ID","North Sumatra","SiCepat","25192","17959.03","281234.6"
"2026-01-13","ID","Riau","ID","South Sulawesi","J&T","17424","14724.93","148759.46"
"2026-01-13","MY","Sarawak","MY","Selangor","J&T","26420","17972.46","109061.93"
"2026-01-13","PH","Calabarzon","PH","Calabarzon","Ninja Van","21470","14271.02","23104.68"
"2026-01-13","ID","Central Java","ID","South Sulawesi","J&T","29994","24927.17","115059.5"
"2026-01-13","TH","Nakhon Sawan","TH","BKK","Kerry Express","11343","7259.54","27390.91"
"2026-01-13","TH","Songkhla","TH","Phuket","Kerry Express","8211","5899.77","18628.74"
"2026-01-13","MY","Negeri Sembilan","MY","Sarawak","J&T","16106","12545.94","71770.54"
"2026-01-13","MY","Negeri Sembilan","MY","Kedah","Pos Malaysia","12500","10247.02","40864.35"
"2026-01-13","MY","Negeri Sembilan","MY","Selangor","J&T","23747","15451.71","31185.36"
"2026-01-13","MY","Johor","MY","Perak","Pos Malaysia","11946","10234.45","32243.71"
"2026-01-13","PH","Calabarzon","PH","Northern Mindanao","DHL","30568","22323.88","92664.61"
"2026-01-13","PH","Central Luzon","PH","Northern Mindanao","2GO Express","30513","23038.87","98374.4"
"2026-01-13","PH","Central Luzon","PH","Bicol Region","2GO Express","24809","22632.98","50069.85"
"2026-01-13","MY","Sabah","MY","Penang","Pos Malaysia","14105","10505.46","134078.96"
"2026-01-13","PH","Central Luzon","PH","Central Visayas","Ninja Van","21568","16128.97","57750.15"
"2026-01-13","PH","Central Luzon","PH","NCR","LBC Express","24051","17139.99","34522.33"
"2026-01-13","ID","Central Java","ID","Central Java","SiCepat","26236","18334.19","36566.47"
"2026-01-13","ID","South Sulawesi","ID","Jakarta","Pos Indonesia","17159","10123.32","104242.09"
"2026-01-13","PH","Calabarzon","PH","West Visayas","LBC Express","8812","5567.83","23064.47"
"2026-01-13","PH","Central Luzon","PH","West Visayas","DHL","10155","5824.1","25184.11"
"2026-01-13","TH","Nakhon Sawan","TH","Nakhon Sawan","Kerry Express","17998","13807.8","31432.23"
"2026-01-13","TH","Songkhla","TH","Surat Thani","DHL","24029","18994.57","45255.47"
"2026-01-13","TH","Songkhla","TH","Chonburi","Ninja Van","9236","6403.53","28350.66"
"2026-01-13","TH","Nakhon Sawan","TH","Korat","Kerry Express","21516","13699.19","55081.82"
"2026-01-13","PH","Central Luzon","PH","SOCCSKSARGEN","LBC Express","17869","14465.76","88668.02"
"2026-01-13","PH","Central Visayas","PH","Central Visayas","J&T","8471","5553.75","9169.94"
"2026-01-13","PH","Central Visayas","PH","Central Luzon","LBC Express","11859","8539.6","41332.58"
"2026-01-13","PH","Central Luzon","PH","Ilocos Region","Ninja Van","31201","29313.53","40253.96"
"2026-01-13","TH","BKK","TH","Korat","J&T","31240","17052.73","50651.06"
"2026-01-13","ID","Central Java","ID","Jakarta","J&T","32870","18719.81","66419.84"
"2026-01-13","TH","Chiang Mai","TH","Chonburi","DHL","23909","16247.3","74867.73"
"2026-01-13","TH","Chiang Mai","TH","BKK","J&T","27387","15691.21","83184.89"
"2026-01-13","TH","Chiang Mai","TH","Chiang Mai","J&T","28607","23807.63","35782.63"
"2026-01-13","MY","Penang","MY","Penang","Pos Malaysia","16901","12112.82","21832.66"
"2026-01-13","TH","Chiang Mai","TH","Khon Kaen","J&T","8876","7537.8","24907.03"
"2026-01-13","ID","Banten","ID","Jakarta","SiCepat","11720","6706.9","17989.16"
"2026-01-13","ID","Banten","ID","Banten","Pos Indonesia","12708","8300.13","13864.92"
"2026-01-13","ID","East Java","ID","Jakarta","Pos Indonesia","21378","13265.59","59581.42"
"2026-01-13","MY","Penang","MY","Johor","Pos Malaysia","24265","18336.32","76305.85"
"2026-01-13","MY","Penang","MY","Perak","J&T","12704","10651.45","15973.28"
"2026-01-13","ID","Banten","ID","West Java","Pos Indonesia","20986","11926.48","31017.96"
"2026-01-13","ID","Banten","ID","East Java","SiCepat","29518","21095.72","117677.55"
"2026-01-13","ID","Banten","ID","Bali","J&T","29008","22493.63","109471.13"
"2026-01-13","PH","Bicol Region","PH","Calabarzon","Ninja Van","25732","15974.34","52727.72"
"2026-01-13","PH","Bicol Region","PH","Central Visayas","LBC Express","9694","6863.5","27416.19"
"2026-01-13","PH","Bicol Region","PH","Central Luzon","LBC Express","27121","19895.9","73985.61"
"2026-01-13","MY","Pahang","MY","Negeri Sembilan","Pos Malaysia","26268","21624.7","57157.96"
"2026-01-13","ID","Jakarta","ID","Riau","Pos Indonesia","10194","8386.01","38891.01"
"2026-01-13","ID","Jakarta","ID","North Sumatra","SiCepat","21211","15174.39","130387.83"
"2026-01-13","MY","Pahang","MY","Sarawak","Ninja Van","22557","18196.52","82307.15"
"2026-01-13","ID","Jakarta","ID","Jakarta","SiCepat","25890","15979.56","34195.94"
"2026-01-13","MY","Pahang","MY","Perak","DHL","19100","14756.89","35125.92"
"2026-01-13","ID","Jakarta","ID","West Java","Pos Indonesia","15187","8907.39","20736.71"
"2026-01-13","ID","Jakarta","ID","Banten","Pos Indonesia","30090","20704.0","35698.36"
"2026-01-13","MY","Pahang","MY","Selangor","J&T","13106","8731.21","23031.81"
"2026-01-13","MY","Pahang","MY","Kedah","Pos Malaysia","11045","9224.54","33527.16"
"2026-01-13","ID","Jakarta","ID","Central Java","J&T","18115","13248.16","37598.68"
"2026-01-13","MY","Perak","MY","Selangor","FedEx","27350","16968.16","44501.7"
"2026-01-13","TH","BKK","TH","Nakhon Sawan","Ninja Van","29157","20578.11","46796.62"
"2026-01-13","MY","Kuala Lumpur","MY","Kedah","Pos Malaysia","9086","7349.49","23056.86"
"2026-01-13","TH","Nonthaburi","TH","Phuket","Ninja Van","18078","12277.58","53786.0"
"2026-01-13","MY","Pahang","MY","Sabah","Pos Malaysia","7378","6428.51","53379.65"
"2026-01-13","TH","Nonthaburi","TH","Chonburi","DHL","21900","14760.77","25253.22"
"2026-01-13","MY","Kuala Lumpur","MY","Selangor","Pos Malaysia","27007","18445.08","35934.68"
"2026-01-13","ID","Jakarta","ID","South Sulawesi","SiCepat","11528","10222.36","73543.86"
"2026-01-13","PH","Northern Mindanao","PH","Central Visayas","Ninja Van","26787","19035.49","52389.82"
"2026-01-13","MY","Perak","MY","Pahang","J&T","7382","5452.74","13717.86"
"2026-01-13","TH","Nonthaburi","TH","BKK","Ninja Van","16454","9696.54","16475.55"
"2026-01-13","PH","Northern Mindanao","PH","NCR","Ninja Van","24941","17245.28","102064.41"
"2026-01-13","PH","Northern Mindanao","PH","West Visayas","J&T","28042","16371.56","64597.1"
"2026-01-13","MY","Perak","MY","Kuala Lumpur","J&T","12355","8641.54","20379.19"
"2026-01-13","MY","Kuala Lumpur","MY","Kuala Lumpur","J&T","28850","20220.88","30957.08"
"2026-01-13","TH","Nonthaburi","TH","Nonthaburi","J&T","25778","15616.59","27527.37"
"2026-01-13","TH","Nonthaburi","TH","Korat","DHL","10072","5602.43","15823.93"
"2026-01-13","MY","Kuala Lumpur","MY","Sarawak","Pos Malaysia","12239","9978.68","57028.53"
"2026-01-13","MY","Kuala Lumpur","MY","Johor","Pos Malaysia","0","0.0","0.0"
"2026-01-13","TH","Nonthaburi","TH","Surat Thani","J&T","12164","10127.29","29786.25"
"2026-01-13","PH","West Visayas","PH","Northern Mindanao","LBC Express","12250","9777.65","28221.61"
"2026-01-13","PH","SOCCSKSARGEN","PH","NCR","LBC Express","16753","11857.58","102087.39"
"2026-01-13","PH","Northern Mindanao","PH","Ilocos Region","2GO Express","13314","12925.89","58477.18"
"2026-01-13","TH","Surat Thani","TH","Phuket","J&T","18894","13237.12","31805.65"
"2026-01-13","MY","Sarawak","MY","Sarawak","FedEx","22780","16443.22","27260.98"
"2026-01-13","TH","Nakhon Sawan","TH","Songkhla","FedEx","23938","19413.15","109437.31"
"2026-01-13","ID","Riau","ID","Central Java","Ninja Van","18618","15024.44","103437.88"
"2026-01-13","ID","Riau","ID","Bali","Pos Indonesia","18917","15488.22","146084.4"
"2026-01-13","ID","Riau","ID","Jakarta","Pos Indonesia","21785","13450.03","97448.38"
"2026-01-13","MY","Sarawak","MY","Kedah","Pos Malaysia","24023","19484.39","155404.25"
"2026-01-14","TH","Korat","TH","Chonburi","Ninja Van","14688","9815.92","22050.66"
"2026-01-14","ID","Bali","ID","Banten","Pos Indonesia","9860","6736.19","42583.14"
"2026-01-14","ID","Bali","ID","South Sulawesi","J&T","14242","11734.97","42169.18"
"2026-01-14","TH","Korat","TH","BKK","Ninja Van","8158","4925.75","13455.83"
"2026-01-14","TH","Korat","TH","Khon Kaen","Kerry Express","19475","16611.35","35259.05"
"2026-01-14","MY","Perak","MY","Pahang","DHL","24931","19118.68","50261.31"
"2026-01-14","MY","Johor","MY","Sarawak","J&T","13942","11177.37","42234.42"
"2026-01-14","MY","Johor","MY","Kedah","Ninja Van","22041","19551.18","61615.75"
"2026-01-14","TH","Korat","TH","Phuket","Kerry Express","25827","17902.08","116123.37"
"2026-01-14","MY","Johor","MY","Sabah","Pos Malaysia","23503","20389.4","148638.03"
"2026-01-14","MY","Johor","MY","Johor","J&T","26717","19682.02","28981.32"
"2026-01-14","TH","Korat","TH","Chiang Mai","Kerry Express","21385","19141.08","66489.88"
"2026-01-14","MY","Johor","MY","Selangor","Pos Malaysia","8424","6174.39","19342.76"
"2026-01-14","TH","Korat","TH","Songkhla","J&T","26953","20369.9","93277.69"
"2026-01-14","TH","Korat","TH","Surat Thani","DHL","13659","10581.05","42360.75"
"2026-01-14","PH","West Visayas","PH","Central Luzon","2GO Express","29136","20656.96","68389.04"
"2026-01-14","ID","Riau","ID","West Java","Pos Indonesia","7946","5247.56","39547.8"
"2026-01-14","MY","Sarawak","MY","Sarawak","Pos Malaysia","25700","21517.95","40371.83"
"2026-01-14","MY","Sarawak","MY","Kuala Lumpur","Ninja Van","19833","14682.72","86626.86"
"2026-01-14","TH","Nonthaburi","TH","Surat Thani","J&T","18577","13929.45","45407.48"
"2026-01-14","TH","Nonthaburi","TH","Nonthaburi","Ninja Van","20837","13751.38","22190.38"
"2026-01-14","PH","Northern Mindanao","PH","Northern Mindanao","LBC Express","10109","8373.24","16800.96"
"2026-01-14","TH","Korat","TH","Nonthaburi","J&T","7868","5051.25","12256.18"
"2026-01-14","TH","Surat Thani","TH","Nonthaburi","Ninja Van","9641","6243.7","28714.99"
"2026-01-14","PH","West Visayas","PH","West Visayas","LBC Express","25713","15964.2","35983.05"
"2026-01-14","ID","West Java","ID","Banten","J&T","25169","16077.99","37497.01"
"2026-01-14","PH","Bicol Region","PH","Bicol Region","Ninja Van","20941","18870.16","24751.74"
"2026-01-14","PH","Bicol Region","PH","Central Visayas","2GO Express","28358","20189.45","66339.39"
"2026-01-14","PH","Bicol Region","PH","West Visayas","J&T","27770","15168.5","62006.61"
"2026-01-14","PH","Bicol Region","PH","Northern Mindanao","Ninja Van","26074","19876.26","77591.79"
"2026-01-14","PH","Bicol Region","PH","Central Luzon","2GO Express","17686","12064.66","40881.31"
"2026-01-14","TH","Khon Kaen","TH","Songkhla","Kerry Express","25065","20401.74","136618.2"
"2026-01-14","PH","West Visayas","PH","Ilocos Region","2GO Express","16238","13934.49","46160.07"
"2026-01-14","TH","BKK","TH","Khon Kaen","FedEx","11007","8941.33","22433.05"
"2026-01-14","TH","Chiang Mai","TH","Songkhla","Kerry Express","9141","7520.93","61109.07"
"2026-01-14","MY","Kuala Lumpur","MY","Kedah","Pos Malaysia","17741","15961.43","42966.34"
"2026-01-14","ID","Bali","ID","Bali","Ninja Van","15876","11824.73","20190.22"
"2026-01-14","MY","Uknown","MY",,"Ninja Van","29739","21788.35","131850.35"
"2026-01-14","PH","West Visayas","PH","SOCCSKSARGEN","2GO Express","8527","6397.83","20013.13"
"2026-01-14","TH","Chiang Mai","TH","BKK","Kerry Express","18987","12010.18","71911.24"
"2026-01-14","MY","Johor","MY","Pahang","Ninja Van","14738","11580.59","24564.42"
"2026-01-14","PH","West Visayas","PH","Calabarzon","2GO Express","28016","17751.19","57183.56"
"2026-01-14","TH","Nonthaburi","TH","Songkhla","Ninja Van","19787","15139.2","62894.52"
"2026-01-14","TH","Surat Thani","TH","Nakhon Sawan","J&T","9209","6822.85","35007.92"
"2026-01-14","PH","Central Luzon","PH","SOCCSKSARGEN","J&T","24523","17434.28","99652.11"
"2026-01-14","PH","Central Luzon","PH","Ilocos Region","LBC Express","32245","29510.43","54349.11"
"2026-01-14","PH","Calabarzon","PH","Central Luzon","J&T","12268","8267.6","15446.52"
"2026-01-14","PH","Central Luzon","PH","Bicol Region","2GO Express","10325","9757.93","20932.75"
"2026-01-14","PH","Northern Mindanao","PH","NCR","2GO Express","14236","9683.15","55094.18"
"2026-01-14","MY","Negeri Sembilan","MY","Negeri Sembilan","Pos Malaysia","25569","19858.38","40539.12"
"2026-01-14","PH","Northern Mindanao","PH","Ilocos Region","J&T","15236","12610.7","71192.76"
"2026-01-14","MY","Negeri Sembilan","MY","Sarawak","J&T","8387","6676.64","34501.05"
"2026-01-14","TH","Chonburi","TH","Khon Kaen","J&T","8530","6667.8","17157.05"
"2026-01-14","TH","Chonburi","TH","Phuket","J&T","25576","16747.94","71967.54"
"2026-01-14","TH","Chonburi","TH","Korat","J&T","20380","13203.93","31525.22"
"2026-01-14","TH","Nonthaburi","TH","BKK","DHL","24118","13937.06","24167.61"
"2026-01-14","PH","SOCCSKSARGEN","PH","SOCCSKSARGEN","J&T","17572","12244.2","22613.93"
"2026-01-14","TH","Surat Thani","TH","Songkhla","Ninja Van","7531","6059.12","15668.67"
"2026-01-14","TH","Khon Kaen","TH","Nonthaburi","Ninja Van","26635","17093.08","59726.19"
"2026-01-14","PH","SOCCSKSARGEN","PH","Northern Mindanao","2GO Express","12283","9606.58","24635.46"
"2026-01-14","TH","Khon Kaen","TH","Phuket","Ninja Van","16835","10904.05","77920.78"
"2026-01-14","MY","Kuala Lumpur","MY","Penang","DHL","22818","13897.09","42877.76"
"2026-01-14","PH","SOCCSKSARGEN","PH","Calabarzon","LBC Express","28619","17922.49","165809.21"
"2026-01-14","PH","SOCCSKSARGEN","PH","Ilocos Region","LBC Express","11976","10037.11","77588.58"
"2026-01-14","MY","Pahang","MY","Johor","Pos Malaysia","27956","21377.48","65457.91"
"2026-01-14","TH","Khon Kaen","TH","BKK","Kerry Express","22263","14240.72","65069.54"
"2026-01-14","MY","Negeri Sembilan","MY","Sabah","J&T","27862","22824.64","173771.82"
"2026-01-14","PH","SOCCSKSARGEN","PH","West Visayas","Ninja Van","11601","6456.76","33935.84"
"2026-01-14","TH","Songkhla","TH","Korat","J&T","25494","16103.83","92332.91"
"2026-01-14","MY","","MY","Negeri Sembilan","FedEx","15786","11139.13","74553.97"
"2026-01-14","MY","Pahang","MY","Pahang","DHL","16102","12356.37","18674.61"
"2026-01-14","TH","Songkhla","TH","BKK","Kerry Express","16885","10574.86","71837.52"
"2026-01-14","TH","Songkhla","TH","Khon Kaen","Kerry Express","20675","17625.52","114800.93"
"2026-01-14","TH","Khon Kaen","TH","Chiang Mai","Kerry Express","14109","13069.75","48773.61"
"2026-01-14","TH","Songkhla","TH","Chiang Mai","FedEx","11105","9104.89","57559.94"
"2026-01-14","TH","Khon Kaen","TH","Chonburi","Ninja Van","14982","10431.97","35038.55"
"2026-01-14","PH","SOCCSKSARGEN","PH","Central Luzon","2GO Express","31982","22190.56","161125.91"
"2026-01-14","TH","Khon Kaen","TH","Nakhon Sawan","Ninja Van","17950","13094.74","15806.41"
"2026-01-14","TH","Nonthaburi","TH","Chonburi","Kerry Express","26257","18456.65","39535.94"
"2026-01-14","TH","Nonthaburi","TH","Khon Kaen","J&T","18223","14380.5","36493.6"
"2026-01-14","PH","SOCCSKSARGEN","PH","NCR","Ninja Van","10867","6801.48","52936.2"
"2026-01-14","ID","","ID","Uknown","Ninja Van","19410","12689.85","87321.34"
"2026-01-14","MY","Kuala Lumpur","MY","Sarawak","Ninja Van","21661","17647.33","84186.24"
"2026-01-14","MY","Pahang","MY","Penang","Pos Malaysia","9433","6457.01","25878.63"
"2026-01-14","ID","Jakarta","ID","North Sumatra","Pos Indonesia","26306","21415.21","134997.99"
"2026-01-14","MY","Kuala Lumpur","MY","Kuala Lumpur","FedEx","22057","15160.15","24199.9"
"2026-01-14","TH","Korat","TH","Korat","J&T","23492","15428.96","25772.04"
"2026-01-14","PH","West Visayas","PH","Northern Mindanao","Ninja Van","31843","25486.13","58606.17"
"2026-01-14","MY","Johor","MY","Perak","Pos Malaysia","11055","9331.72","32581.32"
"2026-01-14","PH","SOCCSKSARGEN","PH","Central Visayas","J&T","23858","16308.76","67895.63"
"2026-01-14","MY","Negeri Sembilan","MY","Kuala Lumpur","Ninja Van","16774","12320.69","22441.34"
"2026-01-14","MY","Negeri Sembilan","MY","Pahang","Pos Malaysia","19746","16111.43","46043.73"
"2026-01-14","MY","Negeri Sembilan","MY","Johor","DHL","18863","12827.88","37535.96"
"2026-01-14","MY","Negeri Sembilan","MY","Penang","Pos Malaysia","21378","14210.02","63441.56"
"2026-01-14","TH","Surat Thani","TH","Chiang Mai","J&T","21846","17942.57","109156.93"
"2026-01-14","TH","Surat Thani","TH","Chonburi","Kerry Express","8844","6283.9","30815.44"
"2026-01-14","TH","Surat Thani","TH","BKK","Ninja Van","19371","11487.11","56077.93"
"2026-01-14","TH","BKK","TH","Nonthaburi","J&T","23699","14503.49","23724.66"
"2026-01-14","PH","Central Visayas","PH","Northern Mindanao","Ninja Van","30526","23028.25","49144.24"
"2026-01-14","TH","BKK","TH","Phuket","FedEx","7984","5017.21","24389.56"
"2026-01-14","ID","Central Java","ID","West Java","SiCepat","28199","16588.08","67757.85"
"2026-01-14","PH","Central Visayas","PH","Central Luzon","Ninja Van","23136","15761.18","62418.77"
"2026-01-14","ID","South Sulawesi","ID","West Java","DHL","14023","8155.66","78617.09"
"2026-01-14","ID","Central Java","ID","Central Java","Ninja Van","24598","17628.2","25191.25"
"2026-01-14","ID","South Sulawesi","ID","East Java","DHL","18608","12423.18","69522.06"
"2026-01-14","ID","South Sulawesi","ID","Jakarta","SiCepat","29017","18400.99","222567.8"
"2026-01-14","ID","South Sulawesi","ID","Central Java","Ninja Van","24854","18242.57","116738.43"
"2026-01-14","TH","BKK","TH","BKK","FedEx","24131","13634.34","26222.94"
"2026-01-14","ID","Central Java","ID","East Java","SiCepat","23324","16075.51","50683.82"
"2026-01-14","PH","Central Visayas","PH","Calabarzon","DHL","8518","4874.57","21325.99"
"2026-01-14","ID","Central Java","ID","Jakarta","Pos Indonesia","25880","17665.23","54629.36"
"2026-01-14","TH","BKK","TH","Songkhla","Kerry Express","11065","8956.85","43862.31"
"2026-01-14","MY","Selangor","MY","Johor","Pos Malaysia","11826","8885.88","25883.16"
"2026-01-14","PH","NCR","PH","Central Luzon","LBC Express","10824","8296.07","14879.93"
"2026-01-14","PH","NCR","PH","Calabarzon","J&T","27568","16717.5","30115.74"
"2026-01-14","ID","North Sumatra","ID","East Java","J&T","32044","22086.21","250026.76"
"2026-01-14","PH","Ilocos Region","PH","Ilocos Region","Ninja Van","16538","14058.04","21776.36"
"2026-01-14","PH","Ilocos Region","PH","Northern Mindanao","J&T","23093","17899.25","104479.4"
"2026-01-14","PH","Ilocos Region","PH","NCR","LBC Express","31459","22251.39","71756.58"
"2026-01-14","PH","Ilocos Region","PH","SOCCSKSARGEN","Ninja Van","28932","21721.3","143499.57"
"2026-01-14","PH","Ilocos Region","PH","Calabarzon","LBC Express","11991","8010.06","28949.68"
"2026-01-14","PH","Ilocos Region","PH","Central Luzon","LBC Express","26958","19627.87","54015.15"
"2026-01-14","PH","Ilocos Region","PH","Central Visayas","J&T","15006","10891.14","54648.19"
"2026-01-14","ID","North Sumatra","ID","West Java","Pos Indonesia","9504","6078.74","60945.61"
"2026-01-14","ID","North Sumatra","ID","Bali","Ninja Van","32777","23691.73","276598.93"
"2026-01-14","ID","North Sumatra","ID","Banten","J&T","28574","18590.97","155683.65"
"2026-01-14","ID","North Sumatra","ID","North Sumatra","DHL","20109","14319.56","24676.26"
"2026-01-14","MY","Uknown","MY","Perak","Pos Malaysia","19459","17402.1","111684.19"
"2026-01-14","TH","Nonthaburi","TH","Phuket","J&T","21298","13641.79","59932.58"
"2026-01-14","ID","Jakarta","ID","South Sulawesi","Pos Indonesia","13784","12116.72","69935.15"
"2026-01-14","MY","Uknown","MY","Unknown","J&T","26538","18736.2","114527.41"
"2026-01-14","MY","Kuala Lumpur","MY","Selangor","Ninja Van","28155","19547.32","28296.09"
"2026-01-14","PH","Northern Mindanao","PH","Central Visayas","J&T","10641","7719.43","21508.9"
"2026-01-14","TH","Nakhon Sawan","TH","BKK","Kerry Express","17208","10693.55","41277.64"
"2026-01-14","TH","Nakhon Sawan","TH","Chiang Mai","Kerry Express","20883","18402.26","65579.86"
"2026-01-14","TH","Nakhon Sawan","TH","Songkhla","Kerry Express","17643","14847.68","103523.91"
"2026-01-14","TH","Nakhon Sawan","TH","Surat Thani","Kerry Express","8596","7202.79","41918.67"
"2026-01-14","TH","Nakhon Sawan","TH","Nonthaburi","J&T","25546","16068.54","48951.51"
"2026-01-14","ID","Bali","ID","Central Java","Ninja Van","26950","19849.46","77394.46"
"2026-01-14","TH","Surat Thani","TH","Phuket","Ninja Van","7854","5338.67","13162.93"
"2026-01-14","TH","Surat Thani","TH","Surat Thani","Kerry Express","13878","11655.41","21198.19"
"2026-01-14","TH","Surat Thani","TH","Khon Kaen","J&T","17170","14184.28","75122.42"
"2026-01-14","MY","Johor","MY","Penang","Pos Malaysia","30436","20565.16","95141.54"
"2026-01-14","PH","Central Visayas","PH","SOCCSKSARGEN","LBC Express","14372","10771.06","39709.35"
"2026-01-14","TH","BKK","TH","Chonburi","Ninja Van","30298","19314.09","35500.27"
"2026-01-14","ID","South Sulawesi","ID","Riau","Pos Indonesia","10974","8001.75","89078.46"
"2026-01-14","MY","Selangor","MY","Kuala Lumpur","Pos Malaysia","22917","18111.38","30037.13"
"2026-01-14","MY","Selangor","MY","Selangor","Ninja Van","23701","17182.84","23844.43"
"2026-01-14","MY","Selangor","MY","Sabah","Pos Malaysia","31068","28358.06","220850.25"
"2026-01-14","MY","Selangor","MY","Penang","Ninja Van","25128","16864.56","357220.04"
"2026-01-14","MY","Selangor","MY","Perak","J&T","9612","7823.31","13589.71"
"2026-01-14","MY","Selangor","MY","Sarawak","Pos Malaysia","21948","18450.73","99811.61"
"2026-01-14","MY","Penang","MY","Johor","Ninja Van","11031","8091.02","27205.14"
"2026-01-14","ID","East Java","ID","Central Java","Pos Indonesia","34079","23627.3","58578.56"
"2026-01-14","ID","East Java","ID","Riau","Pos Indonesia","32689","23924.16","173599.09"
"2026-01-14","ID","East Java","ID","South Sulawesi","Pos Indonesia","15636","13043.85","50746.64"
"2026-01-14","MY","Penang","MY","Perak","J&T","25165","21224.55","32015.56"
"2026-01-14","MY","Penang","MY","Penang","Pos Malaysia","25937","18034.2","32568.9"
"2026-01-14","ID","East Java","ID","Banten","SiCepat","34268","22654.07","141622.66"
"2026-01-14","MY","Penang","MY","Negeri Sembilan","Ninja Van","8286","6658.11","15697.43"
"2026-01-14","ID","East Java","ID","East Java","SiCepat","14663","10243.13","20706.96"
"2026-01-14","MY","Kuala Lumpur","MY","Sabah","Pos Malaysia","7937","7013.42","57632.8"
"2026-01-14","MY","Kuala Lumpur","MY","Pahang","J&T","19104","14948.13","29120.22"
"2026-01-14","MY","Kedah","MY","Johor","Pos Malaysia","7482","5918.75","29133.01"
"2026-01-14","TH","Phuket","TH","Korat","Ninja Van","19829","12365.49","69502.54"
"2026-01-14","MY","Kedah","MY","Kuala Lumpur","J&T","19826","15275.77","44029.01"
"2026-01-14","TH","Phuket","TH","Chonburi","Kerry Express","9478","6295.45","33105.77"
"2026-01-14","TH","Phuket","TH","Nakhon Sawan","Ninja Van","11425","7999.16","38326.37"
"2026-01-14","TH","Phuket","TH","BKK","Kerry Express","7987","4895.91","28288.65"
"2026-01-14","TH","Nonthaburi","TH","Nakhon Sawan","J&T","20329","14484.55","30989.3"
"2026-01-14","MY","Kedah","MY","Kedah","Pos Malaysia","10202","9608.13","15255.8"
"2026-01-14","MY","Kedah","MY","Selangor","Ninja Van","24391","18043.55","56158.96"
"2026-01-14","MY","Kuala Lumpur","MY","Johor","Pos Malaysia","11769","9193.07","26682.72"
"2026-01-14","TH","Phuket","TH","Nonthaburi","Ninja Van","14305","9052.97","42422.46"
"2026-01-14","TH","Phuket","TH","Khon Kaen","J&T","25311","19684.63","101218.89"
"2026-01-14","TH","Phuket","TH","Chiang Mai","Ninja Van","20200","16612.62","88540.62"
"2026-01-14","TH","Chonburi","TH","Nonthaburi","Ninja Van","17142","11503.72","20833.69"
"2026-01-14","TH","Chonburi","TH","BKK","Kerry Express","22145","13745.72","33434.32"
"2026-01-14","MY","Kedah","MY","Sarawak","Pos Malaysia","7860","6878.67","50330.15"
"2026-01-14","TH","Chonburi","TH","Songkhla","Ninja Van","17805","14479.25","52308.28"
"2026-01-14","TH","Chonburi","TH","Chiang Mai","Ninja Van","10912","9272.89","30463.75"
"2026-01-14","TH","Phuket","TH","Phuket","Kerry Express","22993","15111.23","30601.64"
"2026-01-14","MY","Kedah","MY","Penang","Ninja Van","13547","9371.33","7784.76"
"2026-01-14","MY","Kuala Lumpur","MY","Negeri Sembilan","Pos Malaysia","27685","21518.99","40577.24"
"2026-01-14","MY","Kedah","MY","Negeri Sembilan","J&T","27727","22561.25","65769.38"
"2026-01-14","MY","Kedah","MY","Perak","DHL","30307","24318.28","51428.7"
"2026-01-14","PH","Northern Mindanao","PH","Calabarzon","2GO Express","15062","9653.42","57829.25"
"2026-01-14","PH","Northern Mindanao","PH","Bicol Region","2GO Express","7967","7577.96","25500.29"
"2026-01-14","TH","Nonthaburi","TH","Korat","J&T","13544","8612.91","22055.84"
"2026-01-14","PH","Northern Mindanao","PH","Central Luzon","J&T","21144","14242.51","85181.77"
"2026-01-14","PH","Northern Mindanao","PH",,"LBC Express","8161","6387.19","55967.03"
"2026-01-14","ID","Banten","ID","North Sumatra","Ninja Van","24970","19572.08","115042.17"
"2026-01-14","ID","Riau","ID","North Sumatra","Pos Indonesia","11421","8914.28","31713.46"
"2026-01-14","ID","North Sumatra","ID","Riau","Pos Indonesia","11093","8732.63","29089.84"
"2026-01-14","PH","Ilocos Region","PH","Bicol Region","J&T","30401","27784.79","83485.91"
"2026-01-14","MY","Sabah","MY","Johor","J&T","26801","20483.95","161720.7"
"2026-01-14","MY","Sabah","MY","Sabah","Pos Malaysia","23462","21017.48","39538.74"
"2026-01-14","MY","Sabah","MY","Perak","Ninja Van","18784","15494.61","134313.57"
"2026-01-14","MY","Sabah","MY","Uknown","J&T","0","0.0","0.0"
"2026-01-14","MY","Sabah","MY","Negeri Sembilan","J&T","24777","18694.53","169391.35"
"2026-01-14","MY","Sabah","MY","Penang","Ninja Van","25163","16282.3","177324.73"
"2026-01-14","MY","Sabah","MY","Sarawak","Ninja Van","11988","9619.88","48044.56"
"2026-01-14","PH","NCR","PH","West Visayas","2GO Express","12332","7094.39","27215.75"
"2026-01-14","PH","NCR","PH","SOCCSKSARGEN","Ninja Van","20393","15053.95","75269.72"
"2026-01-14","PH","NCR","PH","Bicol Region","J&T","11680","10664.23","21274.87"
"2026-01-14","PH","NCR","PH","NCR","2GO Express","8558","5649.59","9862.61"
"2026-01-14","PH","NCR","PH","Central Visayas","Ninja Van","10187","7429.87","25776.15"
"2026-01-14","ID","West Java","ID","North Sumatra","J&T","28474","20644.57","143708.94"
"2026-01-14","ID","West Java","ID","Central Java","Pos Indonesia","29475","21099.79","56561.29"
"2026-01-14","ID","West Java","ID","Bali","SiCepat","18146","13152.9","79794.0"
"2026-01-14","ID","West Java","ID","South Sulawesi","Pos Indonesia","29024","25898.86","129754.52"
"2026-01-14","ID","West Java","ID","West Java","DHL","13752","8173.84","13762.08"
"2026-01-14","PH","West Visayas","PH","Bicol Region","LBC Express","22913","22346.61","52725.13"
"2026-01-14","TH","Chiang Mai","TH","Nonthaburi","DHL","21229","13279.69","63222.29"
"2026-01-14","TH","Nakhon Sawan","TH","Khon Kaen","Kerry Express","26325","23030.42","76093.23"
"2026-01-14","TH","Nakhon Sawan","TH","Korat","J&T","9867","6468.08","19352.68"
"2026-01-14","ID","West Java","ID","Riau","DHL","16045","11620.02","65378.99"
"2026-01-14","ID","Bali","ID","North Sumatra","Ninja Van","14121","11198.22","116545.15"
"2026-01-14","MY","Sarawak","MY","Selangor","Pos Malaysia","12794","9799.2","67294.1"
"2026-01-14","ID","Riau","ID","East Java","Pos Indonesia","20888","15899.96","130230.68"
"2026-01-14","ID","Riau","ID","Jakarta","SiCepat","9812","6383.48","59133.86"
"2026-01-14","TH","Khon Kaen","TH","Korat","Ninja Van","9192","6133.07","15121.97"
"2026-01-14","TH","Nakhon Sawan","TH","Chonburi","J&T","11856","7709.37","25441.0"
"2026-01-14","TH","Nakhon Sawan","TH","Nakhon Sawan","Ninja Van","19982","14685.03","26581.96"
"2026-01-14","MY","Sarawak","MY","Kedah","Ninja Van","24760","21586.45","123050.89"
"2026-01-14","MY","Negeri Sembilan","MY","Perak","DHL","21091","15761.92","39204.13"
"2026-01-14","MY","Negeri Sembilan","MY","Kedah","Pos Malaysia","12559","11277.18","41220.04"
"2026-01-14","MY","Negeri Sembilan","MY","Selangor","J&T","20109","14779.88","28251.47"
"2026-01-14","ID","Riau","ID","South Sulawesi","J&T","23908","20053.01","200229.99"
"2026-01-14","ID","Riau","ID","Central Java","Pos Indonesia","17128","12260.72","93191.99"
"2026-01-14","TH","Songkhla","TH","Phuket","J&T","9571","6181.68","17830.08"
"2026-01-14","TH","Songkhla","TH","Chonburi","Kerry Express","16454","11282.99","63183.25"
"2026-01-14","PH","Calabarzon","PH","West Visayas","LBC Express","22307","13581.27","60564.07"
"2026-01-14","MY","","MY","Pahang","Pos Malaysia","15316","12987.5","90274.63"
"2026-01-14","PH","Calabarzon","PH","NCR","Ninja Van","31292","21554.64","33827.97"
"2026-01-14","PH","Central Luzon","PH","Northern Mindanao","LBC Express","14690","12104.79","65094.05"
"2026-01-14","TH","Songkhla","TH","Surat Thani","Ninja Van","22202","17264.65","40155.02"
"2026-01-14","TH","Songkhla","TH","Songkhla","Ninja Van","15747","12166.57","18617.99"
"2026-01-14","PH","Calabarzon","PH","Northern Mindanao","Ninja Van","24799","19879.99","78046.09"
"2026-01-14","PH","Central Luzon","PH","West Visayas","LBC Express","18279","11233.57","56617.89"
"2026-01-14","ID","Central Java","ID","Banten","SiCepat","19368","12319.28","58511.45"
"2026-01-14","ID","Uknown","ID","Banten","J&T","16804","11250.6","77563.97"
"2026-01-14","ID","Uknown","ID","Unknown","SiCepat","25195","18199.86","145905.42"
"2026-01-14","PH","Central Visayas","PH","Central Visayas","2GO Express","32473","23115.69","33377.9"
"2026-01-14","PH","Central Visayas","PH","NCR","Ninja Van","29754","18865.78","72587.55"
"2026-01-14","TH","BKK","TH","Korat","J&T","20610","13119.1","33352.15"
"2026-01-14","ID","South Sulawesi","ID","South Sulawesi","SiCepat","26347","20899.05","44335.97"
"2026-01-14","PH","Central Visayas","PH","Bicol Region","Ninja Van","22393","20391.69","43993.78"
"2026-01-14","PH","Calabarzon","PH","Calabarzon","Ninja Van","34022","21785.34","35447.11"
"2026-01-14","PH","Central Luzon","PH","NCR","J&T","8692","5728.53","9982.74"
"2026-01-14","PH","Central Luzon","PH","Central Visayas","DHL","19054","13374.21","51807.44"
"2026-01-14","PH","Central Luzon","PH","Central Luzon","J&T","29610","19890.83","32946.87"
"2026-01-14","TH","BKK","TH","Nakhon Sawan","Ninja Van","28780","20324.84","46019.28"
"2026-01-14","ID","Central Java","ID","South Sulawesi","Ninja Van","34941","30113.77","136679.9"
"2026-01-14","ID","Banten","ID","Central Java","Ninja Van","13377","9666.49","32496.13"
"2026-01-14","ID","Banten","ID","Banten","Pos Indonesia","18030","12127.1","20050.66"
"2026-01-14","ID","Banten","ID","Bali","Pos Indonesia","16891","12287.87","62381.81"
"2026-01-14","MY","Sabah","MY","Kuala Lumpur","Pos Malaysia","17422","14033.9","152579.28"
"2026-01-14","ID","Banten","ID","Jakarta","J&T","18970","11863.8","22957.75"
"2026-01-14","ID","Banten","ID","West Java","Pos Indonesia","15239","9502.9","22494.51"
"2026-01-14","TH","Chiang Mai","TH","Phuket","Kerry Express","24991","17283.64","153699.73"
"2026-01-14","TH","Chiang Mai","TH","Chiang Mai","Ninja Van","20106","16633.09","24600.43"
"2026-01-14","TH","Chiang Mai","TH","Nakhon Sawan","Kerry Express","13152","10320.86","37070.12"
"2026-01-14","TH","Chiang Mai","TH","Korat","Ninja Van","22013","15021.1","63179.0"
"2026-01-14","TH","Chiang Mai","TH","Khon Kaen","J&T","9171","7105.04","23933.44"
"2026-01-14","ID","Banten","ID","East Java","Ninja Van","16234","11708.04","50725.83"
"2026-01-14","TH","Chiang Mai","TH","Chonburi","Kerry Express","19121","13549.95","75270.55"
"2026-01-14","MY","Perak","MY","Penang","Pos Malaysia","23407","15921.66","44903.65"
"2026-01-14","MY","Perak","MY","Johor","FedEx","22478","15320.63","59722.57"
"2026-01-14","MY","Penang","MY","Pahang","J&T","13003","10332.5","27303.44"
"2026-01-14","PH","Bicol Region","PH","Calabarzon","Ninja Van","23876","14233.63","47579.79"
"2026-01-14","PH","Bicol Region","PH","NCR","LBC Express","16254","10783.42","44081.01"
"2026-01-14","PH","Bicol Region","PH","SOCCSKSARGEN","2GO Express","0","0.0","0.0"
"2026-01-14","PH","West Visayas","PH","Central Visayas","LBC Express","18423","14002.96","7904.09"
"2026-01-14","PH","Calabarzon","PH","Ilocos Region","LBC Express","28381","25516.18","58121.29"
"2026-01-14","ID","East Java","ID","Jakarta","Pos Indonesia","15836","10548.85","43737.77"
"2026-01-14","TH","BKK","TH","Chiang Mai","Kerry Express","23475","20726.69","72735.72"
"2026-01-14","PH","Bicol Region","PH","Ilocos Region","LBC Express","30753","25822.57","95652.07"
"2026-01-14","MY","Pahang","MY","Negeri Sembilan","Pos Malaysia","15312","12247.8","30634.44"
"2026-01-14","MY","Pahang","MY","Selangor","J&T","24652","18094.03","41894.41"
"2026-01-14","MY","Pahang","MY","Sarawak","FedEx","19445","14894.27","68554.77"
"2026-01-14","MY","Penang","MY","Kuala Lumpur","Ninja Van","18667","14311.83","34459.82"
"2026-01-14","MY","Penang","MY","Selangor","FedEx","21859","14807.83","40314.32"
"2026-01-14","ID","Jakarta","ID","Central Java","DHL","20401","13919.73","44196.46"
"2026-01-14","MY","Perak","MY","Kuala Lumpur","Pos Malaysia","24720","19612.25","53390.45"
"2026-01-14","ID","Jakarta","ID","Jakarta","Pos Indonesia","17014","11921.22","18107.7"
"2026-01-14","ID","Jakarta","ID","Riau","Pos Indonesia","20548","15701.33","78345.25"
"2026-01-14","ID","Jakarta","ID","West Java","DHL","13085","7772.1","17066.05"
"2026-01-14","MY","Perak","MY","Sabah","Ninja Van","19159","16238.85","122238.26"
"2026-01-14","MY","Pahang","MY","Sabah","Pos Malaysia","16998","15288.9","121101.14"
"2026-01-14","PH","Northern Mindanao","PH","West Visayas","LBC Express","21332","12987.36","63907.3"
"2026-01-14","ID","Bali","ID","West Java","J&T","11749","7226.3","44901.47"
"2026-01-14","MY","Pahang","MY","Kedah","J&T","22833","19935.55","55291.4"
"2026-01-14","MY","Perak","MY","Selangor","Ninja Van","17072","12288.41","27036.06"
"2026-01-14","ID","Bali","ID","Riau","Pos Indonesia","10321","7858.62","72973.29"
"2026-01-14","ID","Bali","ID","East Java","Pos Indonesia","14628","10803.68","30535.27"
"2026-01-14","MY","Sarawak","MY","Sabah","Pos Malaysia","14708","13134.35","64517.99"
"2026-01-14","ID","Riau","ID","Bali","Pos Indonesia","12412","9038.94","93845.56"
"2026-01-14","MY","Sarawak","MY","Penang","Ninja Van","23893","15631.81","120751.69"
"2026-01-14","ID","Riau","ID","Banten","J&T","15689","10403.32","67906.83"
"2026-01-15","TH","Korat","TH","Khon Kaen","Ninja Van","29216","24872.27","41166.03"
"2026-01-15","TH","Korat","TH","Phuket","DHL","28289","17423.78","101646.38"
"2026-01-15","TH","Korat","TH","Chonburi","J&T","8539","6003.34","13050.13"
"2026-01-15","ID","Jakarta","ID","North Sumatra","J&T","28663","19744.17","139205.91"
"2026-01-15","MY","Johor","MY","Penang","DHL","24107","16153.14","63577.6"
"2026-01-15","MY","Pahang","MY","Sarawak","Ninja Van","10583","8462.79","39359.36"
"2026-01-15","MY","Johor","MY","Selangor","Ninja Van","8120","5927.19","14661.7"
"2026-01-15","MY","Pahang","MY","Selangor","Ninja Van","28181","20680.58","49715.41"
"2026-01-15","MY","Johor","MY","Kedah","Pos Malaysia","18282","16072.42","65467.84"
"2026-01-15","MY","Johor","MY","Perak","Pos Malaysia","25151","23413.98","69112.58"
"2026-01-15","TH","Korat","TH","Nonthaburi","Ninja Van","14648","10030.66","23245.93"
"2026-01-15","TH","Korat","TH","Songkhla","Ninja Van","28566","23968.8","96832.86"
"2026-01-15","MY","Perak","MY","Pahang","Pos Malaysia","22528","19133.99","54877.41"
"2026-01-15","MY","Perak","MY","Selangor","J&T","28477","21450.36","46629.56"
"2026-01-15","MY","Perak","MY","Sabah","Ninja Van","9781","8810.56","60304.89"
"2026-01-15","MY","Perak","MY","Kuala Lumpur","Ninja Van","13949","10397.67","23499.06"
"2026-01-15","MY","Pahang","MY","Pahang","Pos Malaysia","24522","21128.58","35552.57"
"2026-01-15","ID","Jakarta","ID","Riau","SiCepat","12067","9315.85","55924.87"
"2026-01-15","MY","Sarawak","MY","Sarawak","Ninja Van","28929","22989.14","35512.98"
"2026-01-15","MY","Sarawak","MY","Kuala Lumpur","J&T","12175","8771.03","52147.9"
"2026-01-15","ID","Riau","ID","North Sumatra","J&T","15604","10985.02","41158.72"
"2026-01-15","PH","West Visayas","PH","West Visayas","J&T","22336","12967.49","24993.21"
"2026-01-15","MY","Pahang","MY","Sabah","Ninja Van","20830","17954.24","114527.0"
"2026-01-15","ID","Jakarta","ID","Central Java","SiCepat","15646","11040.42","41726.43"
"2026-01-15","MY","Pahang","MY","Johor","Pos Malaysia","24478","19192.01","56604.9"
"2026-01-15","ID","Bali","ID","Riau","J&T","10776","8672.73","75732.29"
"2026-01-15","ID","West Java","ID","West Java","Pos Indonesia","25813","16961.76","28715.55"
"2026-01-15","PH","Bicol Region","PH","Northern Mindanao","LBC Express","32616","25813.51","122915.83"
"2026-01-15","PH","Bicol Region","PH","West Visayas","2GO Express","14420","8708.24","30549.54"
"2026-01-15","PH","Bicol Region","PH","Central Luzon","Ninja Van","30888","21085.85","73504.77"
"2026-01-15","PH","Bicol Region","PH","NCR","Ninja Van","22741","15875.94","46397.47"
"2026-01-15","PH","Bicol Region","PH","Central Visayas","LBC Express","29812","22428.62","87311.87"
"2026-01-15","PH","West Visayas","PH","Northern Mindanao","2GO Express","14149","11297.7","26566.67"
"2026-01-15","ID","Jakarta","ID","Jakarta","J&T","30386","18779.59","33773.01"
"2026-01-15","PH","Unknown","PH","Unknown","J&T","31430","21671.62","134748.75"
"2026-01-15","MY","Uknown","MY","Pahang","Pos Malaysia","27937","23755.95","163235.2"
"2026-01-15","PH","Unknown","PH","Uknown","2GO Express","26411","19263.35","123295.07"
"2026-01-15","PH","Unknown","PH","Calabarzon","Ninja Van","24884","16807.11","109204.36"
"2026-01-15","PH","Unknown","PH","","J&T","30017","17905.83","136887.59"
"2026-01-15","TH","Korat","TH","Surat Thani","J&T","13110","10805.45","39700.45"
"2026-01-15","MY","Johor","MY","Johor","Pos Malaysia","15459","11818.77","21260.48"
"2026-01-15","TH","Korat","TH","Chiang Mai","DHL","18575","15214.3","47910.99"
"2026-01-15","TH","Korat","TH","Korat","Kerry Express","17533","10761.84","23405.77"
"2026-01-15","ID","Bali","ID","Bali","J&T","16030","12583.68","18805.41"
"2026-01-15","ID","Central Java","ID","Banten","Ninja Van","27095","17839.01","63247.94"
"2026-01-15","MY","Johor","MY","Sabah","Pos Malaysia","24602","21744.76","160521.73"
"2026-01-15","TH","BKK","TH","Chonburi","Ninja Van","28985","19927.95","34785.21"
"2026-01-15","TH","Chiang Mai","TH","BKK","Ninja Van","28056","16997.55","86548.43"
"2026-01-15","PH","Central Luzon","PH","NCR","J&T","8606","6097.68","9540.73"
"2026-01-15","PH","Central Luzon","PH","Bicol Region","Ninja Van","8328","7253.86","16528.61"
"2026-01-15","PH","Calabarzon","PH","NCR","J&T","15897","11002.4","17857.0"
"2026-01-15","TH","Khon Kaen","TH","Songkhla","J&T","19746","15198.95","92949.35"
"2026-01-15","PH","Central Luzon","PH","Northern Mindanao","DHL","9859","7376.96","34287.41"
"2026-01-15","PH","Calabarzon","PH","Central Luzon","Ninja Van","23286","16745.42","29388.93"
"2026-01-15","TH","Khon Kaen","TH","Korat","Ninja Van","12676","7466.58","22138.12"
"2026-01-15","PH","Calabarzon","PH","Ilocos Region","Ninja Van","19180","16609.73","29684.08"
"2026-01-15","PH","Central Luzon","PH","Ilocos Region","LBC Express","31830","27594.85","51968.15"
"2026-01-15","TH","Khon Kaen","TH","Nakhon Sawan","DHL","27435","21177.7","59066.07"
"2026-01-15","MY","Johor","MY","Negeri Sembilan","J&T","23767","17895.08","38958.16"
"2026-01-15","PH","SOCCSKSARGEN","PH","Ilocos Region","DHL","20150","15895.27","106023.64"
"2026-01-15","TH","Korat","TH","BKK","FedEx","19739","12198.3","30797.98"
"2026-01-15","TH","Uknown","TH","","Kerry Express","16932","12693.32","90513.89"
"2026-01-15","TH","Uknown","TH","Phuket","J&T","13782","8155.62","59146.83"
"2026-01-15","TH","Khon Kaen","TH","BKK","Kerry Express","23910","15416.79","69250.33"
"2026-01-15","PH","SOCCSKSARGEN","PH","Central Visayas","Ninja Van","31107","22117.65","338223.73"
"2026-01-15","TH","Khon Kaen","TH","Chonburi","Ninja Van","9997","7132.4","23844.96"
"2026-01-15","TH","Chonburi","TH","Khon Kaen","Kerry Express","12182","10854.84","32273.21"
"2026-01-15","TH","Chonburi","TH","Korat","J&T","11755","6536.41","18471.54"
"2026-01-15","TH","Khon Kaen","TH","Chiang Mai","J&T","25293","21103.96","69753.7"
"2026-01-15","TH","Khon Kaen","TH","Phuket","J&T","29032","17684.91","131279.73"
"2026-01-15","PH","SOCCSKSARGEN","PH","SOCCSKSARGEN","2GO Express","12711","8624.63","17220.96"
"2026-01-15","PH","SOCCSKSARGEN","PH","Central Luzon","J&T","24906","17537.76","115823.97"
"2026-01-15","ID","Bali","ID","South Sulawesi","DHL","13964","10380.78","42065.65"
"2026-01-15","PH","SOCCSKSARGEN","PH","Calabarzon","2GO Express","23906","15711.12","111683.64"
"2026-01-15","ID","Bali","ID","East Java","J&T","15125","10999.14","32254.75"
"2026-01-15","PH","SOCCSKSARGEN","PH","West Visayas","Ninja Van","21277","12285.95","65873.68"
"2026-01-15","PH","SOCCSKSARGEN","PH","NCR","2GO Express","27509","19121.34","124003.03"
"2026-01-15","TH","Khon Kaen","TH","Nonthaburi","Kerry Express","13261","9555.42","39632.94"
"2026-01-15","PH","SOCCSKSARGEN","PH","Northern Mindanao","Ninja Van","22393","16920.33","44411.67"
"2026-01-15","MY","Negeri Sembilan","MY","Sarawak","J&T","16072","12733.76","71261.46"
"2026-01-15","TH","Songkhla","TH","BKK","Ninja Van","21139","12978.73","72928.95"
"2026-01-15","ID","Bali","ID","Banten","J&T","28789","19287.46","126964.23"
"2026-01-15","PH","Northern Mindanao","PH","West Visayas","DHL","10726","6211.82","26009.23"
"2026-01-15","MY","Johor","MY","Sarawak","Pos Malaysia","25171","20208.1","98775.37"
"2026-01-15","TH","Nonthaburi","TH","Songkhla","J&T","11721","9082.34","35778.55"
"2026-01-15","PH","West Visayas","PH","Calabarzon","J&T","14873","9973.76","32493.1"
"2026-01-15","MY","Kuala Lumpur","MY","Penang","Ninja Van","21570","15928.54","36957.44"
"2026-01-15","ID","Bali","ID","Central Java","DHL","29544","20064.88","83762.94"
"2026-01-15","TH","Surat Thani","TH","Nonthaburi","Kerry Express","17492","13557.92","62406.71"
"2026-01-15","MY","Kuala Lumpur","MY","Sarawak","J&T","14818","11251.47","53197.61"
"2026-01-15","TH","Nonthaburi","TH","Khon Kaen","Ninja Van","17670","14505.53","36174.64"
"2026-01-15","TH","Songkhla","TH","Chiang Mai","Kerry Express","20400","18509.32","125279.72"
"2026-01-15","TH","Songkhla","TH","Songkhla","Kerry Express","17725","15407.4","26487.77"
"2026-01-15","TH","Songkhla","TH","Khon Kaen","DHL","21972","17496.12","91516.97"
"2026-01-15","TH","Surat Thani","TH","Chonburi","Kerry Express","8466","6655.67","31404.84"
"2026-01-15","TH","Surat Thani","TH","Songkhla","Ninja Van","17739","14454.78","36463.69"
"2026-01-15","TH","Surat Thani","TH","Nakhon Sawan","Kerry Express","13883","11366.49","63486.94"
"2026-01-15","TH","Surat Thani","TH","Chiang Mai","J&T","22459","18434.23","107946.39"
"2026-01-15","TH","Surat Thani","TH","BKK","J&T","26121","16085.09","80935.87"
"2026-01-15","TH","Surat Thani","TH","Phuket","Ninja Van","24475","15226.74","42920.86"
"2026-01-15","TH","BKK","TH","Phuket","DHL","14660","8688.56","41060.04"
"2026-01-15","ID","South Sulawesi","ID","North Sumatra","Pos Indonesia","9430","6691.18","89422.7"
"2026-01-15","TH","BKK","TH","Nakhon Sawan","Kerry Express","21692","16974.47","41531.78"
"2026-01-15","PH","Central Visayas","PH","Central Luzon","DHL","28349","19544.42","78541.3"
"2026-01-15","TH","BKK","TH","BKK","Kerry Express","10456","6838.31","13091.97"
"2026-01-15","ID","South Sulawesi","ID","South Sulawesi","J&T","24643","18563.91","33070.87"
"2026-01-15","ID","South Sulawesi","ID","Central Java","Ninja Van","34143","24018.15","153676.4"
"2026-01-15","PH","Central Visayas","PH","Central Visayas","Ninja Van","22939","16115.32","25657.38"
"2026-01-15","ID","South Sulawesi","ID","Jakarta","Pos Indonesia","27788","17101.8","166175.17"
"2026-01-15","TH","BKK","TH","Chiang Mai","Ninja Van","15509","12673.84","42365.09"
"2026-01-15","PH","Central Visayas","PH","NCR","2GO Express","27972","19673.5","71388.69"
"2026-01-15","ID","South Sulawesi","ID","East Java","Ninja Van","28757","21437.04","112981.64"
"2026-01-15","ID","Central Java","ID","Central Java","DHL","16201","10518.02","17531.48"
"2026-01-15","PH","Central Visayas","PH","Northern Mindanao","2GO Express","23061","17318.08","35543.23"
"2026-01-15","TH","BKK","TH","Nonthaburi","Kerry Express","31214","22024.49","40260.84"
"2026-01-15","PH","Northern Mindanao","PH","Ilocos Region","LBC Express","19206","16530.21","110240.64"
"2026-01-15","MY","Selangor","MY","Johor","Pos Malaysia","29678","23614.44","70128.13"
"2026-01-15","MY","Negeri Sembilan","MY","Kuala Lumpur","Ninja Van","14452","10355.26","18991.63"
"2026-01-15","MY","Negeri Sembilan","MY","Penang","Ninja Van","26084","19434.43","57955.66"
"2026-01-15","PH","NCR","PH","Central Luzon","2GO Express","31416","22572.26","36012.13"
"2026-01-15","PH","NCR","PH","Calabarzon","Ninja Van","19636","13474.58","21806.25"
"2026-01-15","MY","Kuala Lumpur","MY","Kuala Lumpur","Ninja Van","25680","18440.31","26880.2"
"2026-01-15","MY","Negeri Sembilan","MY","Pahang","Pos Malaysia","10013","8312.57","23828.24"
"2026-01-15","MY","Negeri Sembilan","MY","Perak","Ninja Van","15820","13850.65","30873.33"
"2026-01-15","PH","Northern Mindanao","PH","Northern Mindanao","2GO Express","16444","13112.89","21633.66"
"2026-01-15","TH","Nonthaburi","TH","Nonthaburi","Kerry Express","22238","15964.43","30901.47"
"2026-01-15","MY","Negeri Sembilan","MY","Johor","Pos Malaysia","22593","18377.21","57801.49"
"2026-01-15","MY","Kuala Lumpur","MY","Kedah","Ninja Van","18214","15178.66","35976.62"
"2026-01-15","TH","Nonthaburi","TH","Surat Thani","J&T","27771","22468.38","71285.48"
"2026-01-15","PH","Ilocos Region","PH","Central Luzon","J&T","19770","13864.65","32854.77"
"2026-01-15","ID","North Sumatra","ID","Riau","J&T","32510","24059.5","88291.32"
"2026-01-15","PH","Ilocos Region","PH","Ilocos Region","2GO Express","19709","16933.12","26481.37"
"2026-01-15","PH","Ilocos Region","PH","NCR","J&T","8997","6277.33","16148.21"
"2026-01-15","ID","North Sumatra","ID","Banten","Ninja Van","34888","23250.03","11008.45"
"2026-01-15","ID","North Sumatra","ID","West Java","Pos Indonesia","9292","5889.74","55383.42"
"2026-01-15","PH","Northern Mindanao","PH","Central Visayas","Ninja Van","13753","10896.56","27386.2"
"2026-01-15","ID","North Sumatra","ID","Bali","SiCepat","25787","19218.53","301731.26"
"2026-01-15","TH","Nonthaburi","TH","BKK","J&T","26922","16363.44","27300.68"
"2026-01-15","TH","Nakhon Sawan","TH","Chiang Mai","Kerry Express","18147","16450.44","57143.16"
"2026-01-15","TH","Nakhon Sawan","TH","Nonthaburi","J&T","0","0.0","0.0"
"2026-01-15","TH","Nakhon Sawan","TH","Chonburi","Ninja Van","21456","14877.74","46643.51"
"2026-01-15","TH","Nakhon Sawan","TH","BKK","J&T","11812","7115.63","23647.7"
"2026-01-15","MY","Johor","MY","Pahang","DHL","21743","16592.57","35203.89"
"2026-01-15","TH","Surat Thani","TH","Khon Kaen","Ninja Van","25120","21014.87","110330.3"
"2026-01-15","TH","Surat Thani","TH","Surat Thani","J&T","13383","11263.83","17748.85"
"2026-01-15","MY","Negeri Sembilan","MY","Negeri Sembilan","Ninja Van","18751","13540.01","23804.67"
"2026-01-15","TH","Nonthaburi","TH","Chonburi","Ninja Van","26344","19038.44","31172.55"
"2026-01-15","ID","South Sulawesi","ID","Banten","J&T","32532","21192.11","209041.4"
"2026-01-15","ID","South Sulawesi","ID","Riau","J&T","12702","9479.47","102342.43"
"2026-01-15","ID","Central Java","ID","Jakarta","Pos Indonesia","22708","13889.6","48280.28"
"2026-01-15","TH","BKK","TH","Songkhla","Kerry Express","34524","29703.54","132799.8"
"2026-01-15","PH","Central Visayas","PH","SOCCSKSARGEN","DHL","22460","14313.49","49081.36"
"2026-01-15","TH","BKK","TH","Khon Kaen","DHL","27344","21683.88","59209.73"
"2026-01-15","MY","Selangor","MY","Perak","Pos Malaysia","15255","14168.48","26752.59"
"2026-01-15","MY","Selangor","MY","Sarawak","Pos Malaysia","22931","18715.4","110472.68"
"2026-01-15","MY","Selangor","MY","Sabah","Ninja Van","26252","22897.31","148205.66"
"2026-01-15","MY","Selangor","MY","Selangor","DHL","29532","20453.53","30935.87"
"2026-01-15","TH","Nonthaburi","TH","Korat","J&T","9795","5464.92","15392.77"
"2026-01-15","MY","Kuala Lumpur","MY","Johor","Pos Malaysia","26744","20619.83","62184.99"
"2026-01-15","PH","Northern Mindanao","PH","Bicol Region","Ninja Van","11446","10408.83","35081.82"
"2026-01-15","MY","Kuala Lumpur","MY","Negeri Sembilan","J&T","23062","16464.85","26123.67"
"2026-01-15","MY","Penang","MY","Selangor","Ninja Van","13386","10237.42","24012.28"
"2026-01-15","ID","East Java","ID","East Java","J&T","28059","19322.56","30486.48"
"2026-01-15","MY","Kuala Lumpur","MY","Pahang","Ninja Van","27536","22317.51","42629.43"
"2026-01-15","ID","East Java","ID","Riau","DHL","34385","25191.53","182831.26"
"2026-01-15","MY","Penang","MY","Sarawak","J&T","13375","10398.06","57391.65"
"2026-01-15","ID","East Java","ID","Jakarta","Pos Indonesia","13533","8457.56","38635.89"
"2026-01-15","MY","Penang","MY","Negeri Sembilan","Pos Malaysia","24065","18901.54","56229.0"
"2026-01-15","MY","Penang","MY","Perak","Pos Malaysia","21929","20611.48","37731.27"
"2026-01-15","TH","Nonthaburi","TH","Nakhon Sawan","Ninja Van","15325","12345.24","23436.96"
"2026-01-15","MY","Penang","MY","Johor","DHL","10776","7498.41","26990.59"
"2026-01-15","MY","Kuala Lumpur","MY","Sabah","Ninja Van","23536","19582.16","133547.6"
"2026-01-15","MY","Kedah","MY","Kedah","J&T","24869","22181.17","30368.64"
"2026-01-15","TH","Phuket","TH","Nonthaburi","Kerry Express","16518","11430.76","62942.42"
"2026-01-15","MY","Kedah","MY","Kuala Lumpur","J&T","26164","19975.81","57890.0"
"2026-01-15","TH","Phuket","TH","BKK","DHL","17976","10253.76","51927.37"
"2026-01-15","TH","Phuket","TH","Chonburi","Kerry Express","20592","15188.16","73200.72"
"2026-01-15","MY","Kedah","MY","Penang","DHL","23183","16983.05","32442.73"
"2026-01-15","MY","Kedah","MY","Selangor","Ninja Van","16945","12730.73","38441.6"
"2026-01-15","TH","Phuket","TH","Phuket","DHL","19389","11418.24","19911.23"
"2026-01-15","MY","Kedah","MY","Perak","FedEx","8488","7255.19","13662.54"
"2026-01-15","TH","Phuket","TH","Khon Kaen","Kerry Express","18909","15761.48","90054.83"
"2026-01-15","PH","Northern Mindanao","PH","Calabarzon","2GO Express","29908","20808.9","115092.39"
"2026-01-15","TH","Phuket","TH","Chiang Mai","Kerry Express","9549","8105.4","54131.05"
"2026-01-15","MY","Kedah","MY","Sarawak","Pos Malaysia","11255","9426.03","71069.73"
"2026-01-15","MY","Kedah","MY","Negeri Sembilan","Ninja Van","18079","13818.47","287170.96"
"2026-01-15","TH","Phuket","TH","Nakhon Sawan","Ninja Van","19615","14221.72","65036.66"
"2026-01-15","MY","Kedah","MY","Johor","Ninja Van","8385","6744.21","26499.44"
"2026-01-15","TH","Phuket","TH","Korat","Kerry Express","14096","8339.04","60907.76"
"2026-01-15","MY","Selangor","MY","Penang","J&T","22299","16316.52","39963.17"
"2026-01-15","MY","Selangor","MY","Kuala Lumpur","Ninja Van","30573","22440.59","30607.27"
"2026-01-15","TH","Chonburi","TH","Songkhla","Ninja Van","22950","18224.78","69014.34"
"2026-01-15","TH","Chonburi","TH","BKK","FedEx","14224","8561.27","17111.34"
"2026-01-15","TH","Chonburi","TH","Chiang Mai","Ninja Van","15954","13434.79","46298.74"
"2026-01-15","TH","Chonburi","TH","Phuket","Kerry Express","13163","8564.6","48992.93"
"2026-01-15","TH","Chonburi","TH","Nonthaburi","Kerry Express","11026","8136.92","15921.92"
"2026-01-15","ID","Riau","ID","West Java","Pos Indonesia","24833","16141.28","125551.64"
"2026-01-15","ID","Banten","ID","North Sumatra","Pos Indonesia","26922","18695.38","122765.24"
"2026-01-15","ID","North Sumatra","ID","North Sumatra","SiCepat","32763","21869.02","52363.14"
"2026-01-15","ID","North Sumatra","ID","East Java","SiCepat","18814","13104.76","194950.36"
"2026-01-15","PH","Ilocos Region","PH","Bicol Region","2GO Express","16763","14993.02","43577.29"
"2026-01-15","MY","Sabah","MY","Selangor","Pos Malaysia","12109","9507.61","107509.23"
"2026-01-15","TH","Unknown","TH","Uknown","Kerry Express","17409","12031.43","99587.7"
"2026-01-15","MY","Sabah","MY","Kuala Lumpur","Pos Malaysia","25609","20889.95","226115.59"
"2026-01-15","MY","Sabah","MY","Penang","Pos Malaysia","16477","13384.23","157505.65"
"2026-01-15","MY","Sabah","MY","Pahang","J&T","21708","17465.31","131793.88"
"2026-01-15","MY","Sabah","MY","Negeri Sembilan","Pos Malaysia","19506","14905.98","174459.55"
"2026-01-15","MY","Sabah","MY","Johor","Ninja Van","18289","14044.54","113693.43"
"2026-01-15","MY","Sabah","MY","Sarawak","Ninja Van","19860","16107.53","83020.44"
"2026-01-15","MY","Sabah","MY","Perak","DHL","16611","13824.94","117505.57"
"2026-01-15","PH","Ilocos Region","PH","Central Visayas","DHL","27352","19458.32","100957.0"
"2026-01-15","PH","Ilocos Region","PH","Uknown","2GO Express","28287","17616.22","154578.54"
"2026-01-15","PH","Ilocos Region","PH","SOCCSKSARGEN","Ninja Van","29581","20513.9","146725.09"
"2026-01-15","PH","NCR","PH","Bicol Region","LBC Express","17314","15614.35","40365.97"
"2026-01-15","PH","NCR","PH","SOCCSKSARGEN","Ninja Van","25856","17800.3","93042.52"
"2026-01-15","PH","NCR","PH","Central Visayas","Ninja Van","18490","13532.08","48099.58"
"2026-01-15","PH","NCR","PH","NCR","J&T","29244","19839.28","29279.59"
"2026-01-15","PH","NCR","PH","West Visayas","Ninja Van","28852","17265.0","65191.56"
"2026-01-15","PH","Ilocos Region","PH","Northern Mindanao","Ninja Van","10031","8113.74","5542.59"
"2026-01-15","ID","West Java","ID","Central Java","Pos Indonesia","9578","6946.35","17593.59"
"2026-01-15","ID","West Java","ID","North Sumatra","Pos Indonesia","37145","26357.31","195022.98"
"2026-01-15","ID","West Java","ID","Bali","Ninja Van","31578","24983.07","108299.35"
"2026-01-15","ID","West Java","ID","South Sulawesi","DHL","34157","24771.3","156366.94"
"2026-01-15","TH","Songkhla","TH","Korat","Ninja Van","9948","5653.18","36549.75"
"2026-01-15","TH","Nakhon Sawan","TH","Nakhon Sawan","Ninja Van","7798","5983.26","10085.95"
"2026-01-15","TH","Chiang Mai","TH","Nonthaburi","J&T","13182","8709.11","39477.9"
"2026-01-15","TH","Nakhon Sawan","TH","Songkhla","Kerry Express","18640","15708.63","108754.71"
"2026-01-15","ID","West Java","ID","Banten","SiCepat","33496","21931.18","65193.05"
"2026-01-15","ID","West Java","ID","Riau","Pos Indonesia","29444","23342.26","121414.66"
"2026-01-15","ID","Bali","ID","North Sumatra","SiCepat","19383","13571.92","211032.74"
"2026-01-15","TH","Nakhon Sawan","TH","Khon Kaen","Kerry Express","10306","9402.18","29987.62"
"2026-01-15","TH","Nakhon Sawan","TH","Surat Thani","Ninja Van","27681","23645.67","104479.51"
"2026-01-15","MY","Negeri Sembilan","MY","Kedah","Ninja Van","25036","21949.36","64050.04"
"2026-01-15","MY","Negeri Sembilan","MY","Selangor","J&T","15167","10735.44","20055.11"
"2026-01-15","MY","Negeri Sembilan","MY","Sabah","Ninja Van","25860","21224.66","175089.19"
"2026-01-15","ID","Riau","ID","South Sulawesi","J&T","15465","12223.27","129643.91"
"2026-01-15","MY","Sarawak","MY","Selangor","DHL","30258","20209.46","133739.74"
"2026-01-15","MY","Sarawak","MY","Sabah","Ninja Van","22202","18636.02","77545.38"
"2026-01-15","ID","Riau","ID","East Java","Pos Indonesia","12941","9902.74","79415.39"
"2026-01-15","MY","Sarawak","MY","Pahang","Ninja Van","29233","23279.19","111919.68"
"2026-01-15","ID","Riau","ID","Unknown","SiCepat","29883","16128.35","204269.6"
"2026-01-15","MY","Sarawak","MY","Penang","J&T","29731","21249.84","140376.98"
"2026-01-15","ID","Riau","ID","Jakarta","SiCepat","25251","16026.06","140430.71"
"2026-01-15","PH","West Visayas","PH","Bicol Region","J&T","14523","12387.53","27549.52"
"2026-01-15","TH","Songkhla","TH","Chonburi","J&T","14278","9563.91","47554.73"
"2026-01-15","TH","Songkhla","TH","Phuket","J&T","19769","11706.92","38379.6"
"2026-01-15","TH","Songkhla","TH","Surat Thani","Kerry Express","19959","18282.85","44347.27"
"2026-01-15","ID","Uknown","ID","Unknown","Pos Indonesia","0","0.0","0.0"
"2026-01-15","ID","Banten","ID","West Java","Pos Indonesia","14975","9587.73","22993.54"
"2026-01-15","PH","Northern Mindanao","PH","NCR","Ninja Van","9436","6716.62","37291.0"
"2026-01-15","ID","Banten","ID","Bali","Ninja Van","13850","10932.24","53460.73"
"2026-01-15","ID","Banten","ID","East Java","SiCepat","27507","19294.84","111378.36"
"2026-01-15","ID","Banten","ID","Jakarta","J&T","7458","4451.9","9018.83"
"2026-01-15","ID","Banten","ID","Banten","Ninja Van","26019","17150.24","27691.67"
"2026-01-15","ID","Banten","ID","Central Java","Pos Indonesia","14276","9991.88","32406.8"
"2026-01-15","MY","Kuala Lumpur","MY","Selangor","Ninja Van","14921","10543.27","15573.6"
"2026-01-15","TH","Chiang Mai","TH","Songkhla","J&T","14166","10937.39","73846.47"
"2026-01-15","TH","Chiang Mai","TH","Chiang Mai","J&T","24998","20470.19","30863.57"
"2026-01-15","TH","Chiang Mai","TH","Nakhon Sawan","Kerry Express","17730","14264.18","50403.31"
"2026-01-15","TH","Chiang Mai","TH","Khon Kaen","Ninja Van","22484","19055.11","61139.38"
"2026-01-15","TH","Chiang Mai","TH","Phuket","Kerry Express","15340","9958.03","93991.32"
"2026-01-15","TH","Chiang Mai","TH","Chonburi","J&T","15659","10593.19","49117.99"
"2026-01-15","PH","West Visayas","PH","Central Luzon","2GO Express","24447","17728.51","58035.64"
"2026-01-15","MY","Perak","MY","Johor","Pos Malaysia","15342","12139.21","48258.42"
"2026-01-15","MY","Sabah","MY","Sabah","Ninja Van","28098","23815.49","37855.0"
"2026-01-15","MY","Perak","MY","Penang","Ninja Van","15304","11508.65","23566.76"
"2026-01-15","PH","Calabarzon","PH","Northern Mindanao","2GO Express","20403","17080.89","61392.88"
"2026-01-15","PH","Calabarzon","PH","West Visayas","LBC Express","17013","10787.61","47389.07"
"2026-01-15","PH","Calabarzon","PH","Calabarzon","Ninja Van","16010","11161.82","16025.09"
"2026-01-15","PH","Central Luzon","PH","Central Luzon","J&T","10768","7353.97","10781.74"
"2026-01-15","PH","Central Luzon","PH","Central Visayas","LBC Express","20049","15462.5","67452.81"
"2026-01-15","ID","Central Java","ID","East Java","J&T","27711","19440.38","49313.99"
"2026-01-15","PH","Bicol Region","PH","Bicol Region","2GO Express","14389","12367.56","18293.66"
"2026-01-15","PH","Central Luzon","PH","SOCCSKSARGEN","Ninja Van","22238","15129.46","87030.2"
"2026-01-15","PH","Bicol Region","PH","Ilocos Region","J&T","12721","9738.95","31660.96"
"2026-01-15","PH","Bicol Region","PH","Calabarzon","2GO Express","18155","12380.93","34488.53"
"2026-01-15","MY","Pahang","MY","Penang","J&T","26097","20163.32","59412.38"
"2026-01-15","ID","Jakarta","ID","South Sulawesi","Pos Indonesia","30627","24464.45","147017.52"
"2026-01-15","MY","Pahang","MY","Negeri Sembilan","Ninja Van","14834","11122.15","25584.82"
"2026-01-15","MY","Pahang","MY","Perak","Pos Malaysia","18102","17109.02","44003.27"
"2026-01-15","ID","Jakarta","ID","West Java","Pos Indonesia","22373","14938.78","30555.51"
"2026-01-15","MY","Pahang","MY","Kedah","J&T","25534","21759.15","57998.85"
"2026-01-15","ID","Jakarta","ID","Banten","DHL","19597","12426.51","23399.85"
"2026-01-15","PH","West Visayas","PH","Ilocos Region","Ninja Van","29944","24519.11","79294.34"
"2026-01-15","PH","Bicol Region","PH","SOCCSKSARGEN","2GO Express","23798","15899.63","84706.51"
"2026-01-15","ID","Central Java","ID","South Sulawesi","Pos Indonesia","28794","23289.13","107432.69"
"2026-01-15","ID","Central Java","ID","West Java","Ninja Van","32365","20571.97","59027.97"
"2026-01-15","ID","South Sulawesi","ID","West Java","Pos Indonesia","30323","19440.8","169065.58"
"2026-01-15","TH","BKK","TH","Korat","Kerry Express","12845","7603.82","25872.45"
"2026-01-15","PH","West Visayas","PH","Central Visayas","LBC Express","24454","19577.01","44566.22"
"2026-01-15","ID","East Java","ID","Central Java","Ninja Van","14689","10308.02","24923.45"
"2026-01-15","MY","Penang","MY","Kuala Lumpur","J&T","8856","6524.06","16165.5"
"2026-01-15","ID","East Java","ID","South Sulawesi","DHL","19031","14235.3","58323.77"
"2026-01-15","MY","Penang","MY","Penang","J&T","27567","20113.32","29037.36"
"2026-01-15","ID","East Java","ID","Banten","SiCepat","12425","7712.5","50896.48"
"2026-01-15","PH","Northern Mindanao","PH","Central Luzon","J&T","21009","14715.65","89473.35"
"2026-01-15","ID","Riau","ID","Bali","SiCepat","8948","6983.91","84351.59"
"2026-01-15","MY","Sarawak","MY","Kedah","Pos Malaysia","28767","25146.37","182951.87"
"2026-01-15","ID","Riau","ID","Banten","Pos Indonesia","19874","13461.38","89090.33"
"2026-01-15","PH","West Visayas","PH","SOCCSKSARGEN","2GO Express","8259","5812.32","19827.46"
"2026-01-16","ID","Bali","ID","East Java","SiCepat","10524","7666.33","28591.97"
"2026-01-16","MY","Johor","MY","Penang","J&T","30473","19515.9","78814.01"
"2026-01-16","MY","Johor","MY","Negeri Sembilan","J&T","17796","14071.03","30725.7"
"2026-01-16","MY","Johor","MY","Pahang","J&T","10594","8576.27","18107.12"
"2026-01-16","MY","Johor","MY","Perak","J&T","15615","12838.37","33912.97"
"2026-01-16","MY","Johor","MY","Sabah","Ninja Van","25817","21203.64","134832.4"
"2026-01-16","ID","Bali","ID","Bali","DHL","16979","12733.26","22251.05"
"2026-01-16","TH","Korat","TH","Nonthaburi","Kerry Express","29245","19226.39","57875.46"
"2026-01-16","MY","Johor","MY","Johor","Ninja Van","28256","18725.59","29306.63"
"2026-01-16","TH","Korat","TH","Korat","FedEx","14840","9726.08","15813.47"
"2026-01-16","TH","Korat","TH","Chiang Mai","Kerry Express","14540","12189.29","43214.5"
"2026-01-16","TH","Korat","TH","Songkhla","Ninja Van","16461","14446.21","59295.13"
"2026-01-16","MY","Johor","MY","Kedah","J&T","30360","24635.73","82757.29"
"2026-01-16","MY","Kedah","MY","Sarawak","J&T","17126","14139.88","88484.43"
"2026-01-16","TH","Khon Kaen","TH","Korat","Kerry Express","15995","10713.93","32491.42"
"2026-01-16","MY","Kedah","MY","Selangor","J&T","18460","13275.19","42817.97"
"2026-01-16","MY","Kedah","MY","Perak","Pos Malaysia","10404","9935.19","22576.1"
"2026-01-16","MY","Perak","MY","Pahang","Ninja Van","9568","7945.53","19069.85"
"2026-01-16","MY","Perak","MY","Sabah","Pos Malaysia","12888","11300.49","102870.3"
"2026-01-16","MY","Perak","MY","Selangor","Pos Malaysia","13440","9665.48","28264.41"
"2026-01-16","TH","Phuket","TH","Nonthaburi","Kerry Express","13580","8609.11","47797.32"
"2026-01-16","ID","Riau","ID","North Sumatra","Ninja Van","28262","22067.16","79933.17"
"2026-01-16","MY","Sarawak","MY","Sarawak","J&T","11183","8633.06","14214.96"
"2026-01-16","MY",,"MY","Johor","Pos Malaysia","17599","12608.83","96335.44"
"2026-01-16","MY","Pahang","MY","Perak","Pos Malaysia","9523","9056.61","21587.22"
"2026-01-16","MY","Pahang","MY","Pahang","Pos Malaysia","25741","22933.89","36731.78"
"2026-01-16","MY","Pahang","MY","Selangor","Pos Malaysia","13244","9869.52","27770.1"
"2026-01-16","MY","Pahang","MY","Negeri Sembilan","Ninja Van","8955","7009.9","14663.83"
"2026-01-16","ID","Jakarta","ID","Riau","SiCepat","12728","9217.9","60946.88"
"2026-01-16","ID","Jakarta","ID","North Sumatra","J&T","9613","7005.26","45330.08"
"2026-01-16","PH","Northern Mindanao","PH","West Visayas","2GO Express","12784","7749.22","31280.16"
"2026-01-16","PH","Bicol Region","PH","Northern Mindanao","Ninja Van","31834","24624.0","96594.09"
"2026-01-16","PH","Bicol Region","PH","Ilocos Region","Ninja Van","30882","26404.13","80830.58"
"2026-01-16","PH","Bicol Region","PH","SOCCSKSARGEN","Ninja Van","13542","9622.5","48605.87"
"2026-01-16","PH","Bicol Region","PH","West Visayas","LBC Express","21271","12218.07","56624.53"
"2026-01-16","PH","Bicol Region","PH","Calabarzon","2GO Express","19082","11920.17","37340.85"
"2026-01-16","PH",,"PH","Calabarzon","LBC Express","25665","16909.89","141014.92"
"2026-01-16","PH","Bicol Region","PH","Central Visayas","LBC Express","19598","14893.78","57420.95"
"2026-01-16","PH","Bicol Region","PH","NCR","2GO Express","27116","17120.27","54588.63"
"2026-01-16","MY","Perak","MY","Kuala Lumpur","J&T","29546","21659.22","47395.5"
"2026-01-16","ID","Jakarta","ID","Central Java","J&T","30001","20451.64","66397.67"
"2026-01-16","MY","Pahang","MY","Johor","Ninja Van","25690","17654.06","47003.13"
"2026-01-16","PH","Unknown","PH","Central Visayas","LBC Express","14688","11295.35","80595.2"
"2026-01-16","MY","Uknown","MY","Pahang","Ninja Van","12521","10595.36","53979.02"
"2026-01-16","MY","Uknown","MY","Sabah","DHL","9890","7688.33","43740.49"
"2026-01-16","MY","Pahang","MY","Sabah","Pos Malaysia","21178","18654.75","145812.46"
"2026-01-16","TH","Khon Kaen","TH","Chiang Mai","J&T","14572","11120.49","40372.54"
"2026-01-16","TH","Khon Kaen","TH","Songkhla","Kerry Express","30210","28089.78","165075.98"
"2026-01-16","MY","Pahang","MY","Penang","Pos Malaysia","11833","8154.86","34387.06"
"2026-01-16","PH","SOCCSKSARGEN","PH","Central Visayas","2GO Express","8019","5914.9","20824.03"
"2026-01-16","TH","Khon Kaen","TH","BKK","Ninja Van","21902","12716.43","53711.17"
"2026-01-16","PH","SOCCSKSARGEN","PH","West Visayas","LBC Express","21638","12475.22","81889.44"
"2026-01-16","TH","Khon Kaen","TH","Phuket","Kerry Express","23124","15954.55","126626.54"
"2026-01-16","TH","Khon Kaen","TH","Chonburi","Ninja Van","16067","10902.61","39327.05"
"2026-01-16","TH","BKK","TH","Chonburi","J&T","27908","17819.72","32493.96"
"2026-01-16","PH","SOCCSKSARGEN","PH","Calabarzon","LBC Express","19303","12359.81","106296.53"
"2026-01-16","ID","","ID","West Java","Pos Indonesia","18659","12261.45","84969.64"
"2026-01-16","PH","Central Luzon","PH","SOCCSKSARGEN","Ninja Van","21398","15755.92","82565.09"
"2026-01-16","PH","Calabarzon","PH","NCR","J&T","22291","13873.38","23689.18"
"2026-01-16","PH","SOCCSKSARGEN","PH","Northern Mindanao","DHL","9839","7440.23","20005.65"
"2026-01-16","PH","Central Luzon","PH","Central Luzon","2GO Express","22650","15924.69","23785.33"
"2026-01-16","PH","Central Luzon","PH","West Visayas","2GO Express","15168","8897.68","37229.22"
"2026-01-16","TH","Khon Kaen","TH","Nonthaburi","DHL","20612","12293.85","46134.74"
"2026-01-16","PH","Calabarzon","PH","Calabarzon","2GO Express","12263","8046.3","12447.55"
"2026-01-16","PH","Calabarzon","PH","West Visayas","LBC Express","22237","13922.84","60922.34"
"2026-01-16","PH","Central Luzon","PH","Northern Mindanao","J&T","26654","20548.34","88438.93"
"2026-01-16","PH","Calabarzon","PH","Ilocos Region","2GO Express","17837","16591.98","27982.22"
"2026-01-16","MY","Kedah","MY","Kuala Lumpur","Pos Malaysia","13794","11078.36","39426.42"
"2026-01-16","TH","Chonburi","TH","Khon Kaen","J&T","20432","17546.5","42645.89"
"2026-01-16","TH","Chonburi","TH","Korat","Kerry Express","20593","13910.83","41205.83"
"2026-01-16","TH","Songkhla","TH","Songkhla","DHL","28177","23421.72","33987.59"
"2026-01-16","TH","Songkhla","TH","Korat","Kerry Express","26034","17680.64","118927.28"
"2026-01-16","TH","Songkhla","TH","Khon Kaen","J&T","9231","7480.45","38288.57"
"2026-01-16","TH","Songkhla","TH","BKK","J&T","9409","5383.96","29831.26"
"2026-01-16","PH","SOCCSKSARGEN","PH","SOCCSKSARGEN","2GO Express","26928","19551.44","35427.78"
"2026-01-16","PH","SOCCSKSARGEN","PH","Ilocos Region","Ninja Van","24013","20827.38","121947.63"
"2026-01-16","TH","Songkhla","TH","Chiang Mai","Kerry Express","13958","11422.02","90052.12"
"2026-01-16","TH","Surat Thani","TH","Chonburi","J&T","23369","15548.18","65229.61"
"2026-01-16","TH","Surat Thani","TH","Nakhon Sawan","DHL","25728","20203.78","89552.5"
"2026-01-16","TH","Surat Thani","TH","Nonthaburi","Ninja Van","25392","15802.29","72306.71"
"2026-01-16","TH","Surat Thani","TH","Chiang Mai","Kerry Express","8447","7242.42","48641.45"
"2026-01-16","TH","Surat Thani","TH","BKK","Kerry Express","15200","9510.85","57645.4"
"2026-01-16","ID","Central Java","ID","West Java","Pos Indonesia","29505","18119.01","54848.37"
"2026-01-16","TH","BKK","TH","Chiang Mai","FedEx","27411","21401.91","70148.13"
"2026-01-16","TH","BKK","TH","Nakhon Sawan","J&T","17706","13561.34","27994.82"
"2026-01-16","ID","South Sulawesi","ID","North Sumatra","DHL","28652","19929.0","277366.45"
"2026-01-16","TH","BKK","TH","BKK","Kerry Express","20874","12670.85","27560.61"
"2026-01-16","ID","Central Java","ID","Central Java","Pos Indonesia","34927","24057.11","39484.24"
"2026-01-16","ID","South Sulawesi","ID","Central Java","SiCepat","23523","15327.37","136194.55"
"2026-01-16","ID","South Sulawesi","ID","South Sulawesi","Pos Indonesia","31347","26353.06","40576.92"
"2026-01-16","ID","South Sulawesi","ID","Jakarta","SiCepat","22911","14409.43","172958.01"
"2026-01-16","ID","South Sulawesi","ID","West Java","Ninja Van","28271","17344.13","162263.83"
"2026-01-16","PH","Central Visayas","PH","Bicol Region","2GO Express","21635","18070.85","43763.38"
"2026-01-16","TH","BKK","TH","Korat","J&T","13647","8610.84","20650.72"
"2026-01-16","PH","Central Visayas","PH","NCR","Ninja Van","27796","17018.33","73561.61"
"2026-01-16","ID","South Sulawesi","ID","East Java","Pos Indonesia","12041","9024.59","47510.78"
"2026-01-16","ID","Central Java","ID","East Java","SiCepat","34985","25181.45","73536.81"
"2026-01-16","TH","BKK","TH","Phuket","Kerry Express","28378","18471.08","106128.55"
"2026-01-16","PH","Central Visayas","PH","Northern Mindanao","Ninja Van","32494","24487.8","53907.4"
"2026-01-16","TH","BKK","TH","Nonthaburi","DHL","31631","18509.69","32713.99"
"2026-01-16","ID","Central Java","ID","South Sulawesi","Pos Indonesia","28141","24058.21","103958.83"
"2026-01-16","MY","Selangor","MY","Johor","J&T","14854","9987.81","26540.77"
"2026-01-16","PH","NCR","PH","Central Luzon","DHL","17007","11198.27","19331.95"
"2026-01-16","PH","NCR","PH","Calabarzon","Ninja Van","28412","17812.67","32413.95"
"2026-01-16","MY","Negeri Sembilan","MY","Kuala Lumpur","Ninja Van","20832","14841.06","27608.11"
"2026-01-16","TH","Surat Thani","TH","Phuket","Kerry Express","19241","13252.99","41843.54"
"2026-01-16","MY","Negeri Sembilan","MY","Penang","Ninja Van","26506","17257.95","63691.76"
"2026-01-16","PH","Ilocos Region","PH","Northern Mindanao","LBC Express","26228","22041.63","140645.69"
"2026-01-16","PH","Ilocos Region","PH","SOCCSKSARGEN","Ninja Van","32706","25309.67","165303.32"
"2026-01-16","PH","Ilocos Region","PH","NCR","2GO Express","10293","6713.45","17822.46"
"2026-01-16","MY","Negeri Sembilan","MY","Perak","Pos Malaysia","13144","11444.11","31612.97"
"2026-01-16","MY","Unknown","MY","Unknown","J&T","18020","14057.15","79192.61"
"2026-01-16","PH","Ilocos Region","PH","Ilocos Region","2GO Express","16021","14562.61","20964.12"
"2026-01-16","ID","North Sumatra","ID","North Sumatra","Pos Indonesia","12926","9575.88","16478.2"
"2026-01-16","ID","North Sumatra","ID","East Java","Pos Indonesia","28191","20717.6","219888.07"
"2026-01-16","MY","Negeri Sembilan","MY","Pahang","J&T","15376","12711.28","27411.21"
"2026-01-16","ID","North Sumatra","ID","West Java","J&T","25116","15328.23","158193.5"
"2026-01-16","ID","North Sumatra","ID","Banten","Pos Indonesia","14829","9790.52","85676.95"
"2026-01-16","ID","North Sumatra","ID","Bali","Pos Indonesia","28879","22995.77","251320.6"
"2026-01-16","TH","Nakhon Sawan","TH","Korat","Ninja Van","19927","12610.64","204351.85"
"2026-01-16","TH","Nakhon Sawan","TH","Chiang Mai","Kerry Express","14728","12813.02","46818.34"
"2026-01-16","TH","Nakhon Sawan","TH","Chonburi","Kerry Express","18320","13174.53","49161.5"
"2026-01-16","TH","Nakhon Sawan","TH","Surat Thani","Ninja Van","21689","16635.4","84851.64"
"2026-01-16","TH","Nakhon Sawan","TH","Nonthaburi","J&T","25257","16135.53","46535.54"
"2026-01-16","TH","Nakhon Sawan","TH","BKK","Kerry Express","13685","8503.81","34789.44"
"2026-01-16","TH","Surat Thani","TH","Surat Thani","Ninja Van","14142","10841.76","19089.49"
"2026-01-16","MY","Negeri Sembilan","MY","Johor","Ninja Van","8345","5651.6","16271.89"
"2026-01-16","TH","Surat Thani","TH","Songkhla","Ninja Van","19296","16613.39","203316.75"
"2026-01-16","TH","Surat Thani","TH","Khon Kaen","J&T","22124","18845.76","97240.65"
"2026-01-16","TH","Nonthaburi","TH","Khon Kaen","J&T","19735","16398.39","42014.63"
"2026-01-16","PH","Northern Mindanao","PH","SOCCSKSARGEN","J&T","17758","13350.82","34750.78"
"2026-01-16","ID","Central Java","ID","Banten","DHL","19587","12049.92","44850.79"
"2026-01-16","ID","South Sulawesi","ID","Banten","Ninja Van","20203","13217.94","123518.55"
"2026-01-16","ID","South Sulawesi","ID","Riau","SiCepat","31493","22307.54","327626.56"
"2026-01-16","TH","BKK","TH","Songkhla","Kerry Express","19707","17507.93","75140.17"
"2026-01-16","PH","Central Visayas","PH","SOCCSKSARGEN","LBC Express","24875","18178.75","66297.44"
"2026-01-16","TH","BKK","TH","Khon Kaen","J&T","28220","23653.47","56749.85"
"2026-01-16","TH","Nakhon Sawan","TH","Nakhon Sawan","J&T","19823","14713.08","27534.21"
"2026-01-16","MY","Kuala Lumpur","MY","Johor","J&T","13074","8669.96","23715.72"
"2026-01-16","MY","Selangor","MY","Perak","Pos Malaysia","21128","19940.37","40618.82"
"2026-01-16","MY","Selangor","MY","Sarawak","Pos Malaysia","28692","24152.27","141949.87"
"2026-01-16","MY","Selangor","MY","Selangor","J&T","16969","11536.19","18548.57"
"2026-01-16","MY","Selangor","MY","Sabah","Pos Malaysia","21539","20132.16","155954.55"
"2026-01-16","MY","Selangor","MY","Penang","Pos Malaysia","10715","7617.73","24826.0"
"2026-01-16","MY","Selangor","MY","Kuala Lumpur","FedEx","28289","19171.66","29919.3"
"2026-01-16","MY","Kuala Lumpur","MY","Sarawak","Pos Malaysia","29030","23524.28","139820.94"
"2026-01-16","TH","Nonthaburi","TH","Songkhla","Ninja Van","10508","8895.6","32686.46"
"2026-01-16","TH","Nonthaburi","TH","Surat Thani","Kerry Express","21012","17098.72","65300.17"
"2026-01-16","TH","Nonthaburi","TH","Korat","Kerry Express","23769","15850.52","45701.8"
"2026-01-16","PH","West Visayas","PH","SOCCSKSARGEN","J&T","33068","23613.51","84141.14"
"2026-01-16","MY","Kuala Lumpur","MY","Negeri Sembilan","Pos Malaysia","11959","9880.06","16761.87"
"2026-01-16","PH","Northern Mindanao","PH","Central Luzon","J&T","22252","15683.22","95402.16"
"2026-01-16","PH","Northern Mindanao","PH","Bicol Region","J&T","28334","24234.58","89812.05"
"2026-01-16","TH","Nonthaburi","TH","Nakhon Sawan","Kerry Express","11900","9491.63","22191.16"
"2026-01-16","MY","Kuala Lumpur","MY","Pahang","Ninja Van","28229","22912.99","45042.08"
"2026-01-16","MY","Kuala Lumpur","MY","Sabah","J&T","24287","20332.28","131077.18"
"2026-01-16","TH","Phuket","TH","Chonburi","Kerry Express","15128","10208.05","53742.36"
"2026-01-16","MY","Kedah","MY","Penang","Ninja Van","22180","15214.44","31148.93"
"2026-01-16","TH","Phuket","TH","BKK","J&T","13017","7072.42","37452.89"
"2026-01-16","MY","Kedah","MY","Kedah","Pos Malaysia","23193","21190.79","34895.73"
"2026-01-16","MY","Penang","MY","Kuala Lumpur","Ninja Van","26066","20272.67","46524.01"
"2026-01-16","MY","Penang","MY","Selangor","FedEx","8569","5454.76","15978.32"
"2026-01-16","ID","East Java","ID","Central Java","J&T","25962","16892.56","42714.73"
"2026-01-16","ID","East Java","ID","Riau","DHL","19491","13295.42","103729.8"
"2026-01-16","TH","Phuket","TH","Khon Kaen","J&T","15918","12537.33","65074.63"
"2026-01-16","ID","East Java","ID","East Java","Ninja Van","12789","9359.16","12805.67"
"2026-01-16","ID","East Java","ID","Banten","Pos Indonesia","33600","21726.62","102128.76"
"2026-01-16","TH","Phuket","TH","Phuket","Kerry Express","7635","5136.26","10691.47"
"2026-01-16","TH","Phuket","TH","Chiang Mai","Ninja Van","21237","15975.48","93083.29"
"2026-01-16","MY","Penang","MY","Perak","J&T","18130","15948.22","22867.05"
"2026-01-16","MY","Penang","MY","Johor","Ninja Van","17779","12161.19","46680.85"
"2026-01-16","MY","Kedah","MY","Negeri Sembilan","Pos Malaysia","11095","9506.64","35313.66"
"2026-01-16","TH","Phuket","TH","Nakhon Sawan","Kerry Express","21833","17362.51","98016.23"
"2026-01-16","MY","Kedah","MY","Johor","Pos Malaysia","19363","14381.51","79514.16"
"2026-01-16","TH","Phuket","TH","Korat","Ninja Van","22294","13490.56","78774.33"
"2026-01-16","TH","Chonburi","TH","BKK","Kerry Express","28821","17766.76","39983.74"
"2026-01-16","TH","Chonburi","TH","Songkhla","DHL","27909","23884.37","81210.42"
"2026-01-16","TH","Chonburi","TH","Phuket","J&T","17976","11197.92","53218.75"
"2026-01-16","TH","Chonburi","TH","Chiang Mai","Ninja Van","21101","17517.2","59000.62"
"2026-01-16","TH","Chonburi","TH","Nonthaburi","J&T","27166","16307.12","31885.69"
"2026-01-16","MY","Kuala Lumpur","MY","Kuala Lumpur","Pos Malaysia","16692","12388.73","21064.47"
"2026-01-16","TH","Nonthaburi","TH","Nonthaburi","Kerry Express","11754","7609.51","14978.44"
"2026-01-16","ID","Banten","ID","North Sumatra","Pos Indonesia","19230","14296.1","95448.1"
"2026-01-16","MY","Perak","MY","Penang","J&T","26368","17186.03","38713.96"
"2026-01-16","TH","Nonthaburi","TH","Phuket","FedEx","27564","18131.64","85179.27"
"2026-01-16","MY","Sarawak","MY","Kuala Lumpur","J&T","20922","15378.15","88777.69"
"2026-01-16","PH","Northern Mindanao","PH","Ilocos Region","DHL","27881","24206.11","122712.75"
"2026-01-16","PH","Ilocos Region","PH","Bicol Region","J&T","21222","18191.63","55919.23"
"2026-01-16","TH","Unknown","TH","Uknown","Ninja Van","22476","15632.27","104990.84"
"2026-01-16","MY","Sabah","MY","Sabah","Pos Malaysia","9277","8324.63","15440.94"
"2026-01-16","MY","Sabah","MY","Kuala Lumpur","J&T","26155","18917.42","176128.31"
"2026-01-16","MY","Sabah","MY","Pahang","J&T","14056","11857.78","83223.65"
"2026-01-16","MY","Sabah","MY","Negeri Sembilan","Ninja Van","14655","11334.46","170526.37"
"2026-01-16","MY","Sabah","MY","Perak","J&T","9833","8336.57","66621.82"
"2026-01-16","MY","Sabah","MY","Selangor","Pos Malaysia","20869","15081.16","177743.02"
"2026-01-16","MY","Sabah","MY","Sarawak","J&T","9043","7237.31","36212.7"
"2026-01-16","ID","North Sumatra","ID","Riau","SiCepat","13313","9342.35","46688.52"
"2026-01-16","TH","Nonthaburi","TH","BKK","Ninja Van","20637","12043.66","20646.93"
"2026-01-16","PH","NCR","PH","Bicol Region","2GO Express","25107","22717.0","46887.57"
"2026-01-16","PH","NCR","PH","NCR","Ninja Van","25362","15966.47","28968.04"
"2026-01-16","PH","NCR","PH","West Visayas","2GO Express","28971","17186.24","68463.98"
"2026-01-16","PH","NCR","PH","Central Visayas","DHL","13368","9740.48","35962.85"
"2026-01-16","PH","NCR","PH","SOCCSKSARGEN","2GO Express","15678","11688.71","60475.64"
"2026-01-16","ID","West Java","ID","North Sumatra","SiCepat","27852","19912.77","191558.04"
"2026-01-16","ID","West Java","ID","South Sulawesi","Pos Indonesia","24427","20876.32","111047.02"
"2026-01-16","ID","West Java","ID","Central Java","SiCepat","34985","23183.4","85053.98"
"2026-01-16","ID","West Java","ID","West Java","Pos Indonesia","16107","10076.49","17527.47"
"2026-01-16","ID","West Java","ID","Bali","SiCepat","34218","27110.58","156667.43"
"2026-01-16","MY","Unknown","MY","Kedah","Pos Malaysia","25664","23123.94","150864.55"
"2026-01-16","TH","Chiang Mai","TH","Nonthaburi","J&T","22285","13498.81","63379.37"
"2026-01-16","MY","Kuala Lumpur","MY","Penang","Pos Malaysia","23160","15543.03","50899.8"
"2026-01-16","PH","Ilocos Region","PH","Central Luzon","J&T","8373","5557.87","13418.07"
"2026-01-16","TH","Nakhon Sawan","TH","Songkhla","Kerry Express","18142","16645.19","105204.27"
"2026-01-16","ID","West Java","ID","Riau","SiCepat","15066","10752.59","74449.32"
"2026-01-16","ID","West Java","ID","Banten","Ninja Van","35937","24740.37","52596.67"
"2026-01-16","ID","Bali","ID","North Sumatra","J&T","25734","18318.93","218587.96"
"2026-01-16","TH","Korat","TH","Uknown","Kerry Express","25388","18891.93","148103.61"
"2026-01-16","MY","Kuala Lumpur","MY","Selangor","Ninja Van","8404","5641.99","8929.35"
"2026-01-16","PH","West Visayas","PH","Northern Mindanao","J&T","26633","20607.52","50209.59"
"2026-01-16","PH","Uknown","PH","Uknown","J&T","13483","9536.63","62647.86"
"2026-01-16","MY","Negeri Sembilan","MY","Sarawak","Ninja Van","15220","11960.12","62548.13"
"2026-01-16","MY","Negeri Sembilan","MY","Negeri Sembilan","Ninja Van","8057","6184.86","10305.11"
"2026-01-16","MY","Negeri Sembilan","MY","Selangor","Pos Malaysia","20687","14632.54","34019.97"
"2026-01-16","MY","Negeri Sembilan","MY","Sabah","Pos Malaysia","12869","11025.85","103847.47"
"2026-01-16","PH","West Visayas","PH","Bicol Region","Ninja Van","19322","16803.11","36063.01"
"2026-01-16","MY","Sarawak","MY","Penang","J&T","14915","9483.86","71468.8"
"2026-01-16","TH","Songkhla","TH","Chonburi","J&T","15198","9621.09","50249.61"
"2026-01-16","TH","Songkhla","TH","Surat Thani","Kerry Express","25631","20563.89","59464.38"
"2026-01-16","TH","Songkhla","TH","Phuket","FedEx","27200","17255.12","48770.53"
"2026-01-16","MY","Sarawak","MY","Kedah","Ninja Van","14519","11826.66","69708.9"
"2026-01-16","ID","Banten","ID","Banten","Ninja Van","18648","12420.42","20676.48"
"2026-01-16","ID","Banten","ID","West Java","J&T","23697","13929.51","34472.09"
"2026-01-16","ID","Banten","ID","Bali","J&T","7944","6261.32","31834.79"
"2026-01-16","ID","Banten","ID","East Java","Ninja Van","23378","17711.86","71730.5"
"2026-01-16","ID","Riau","ID","Central Java","Pos Indonesia","28224","20356.22","155103.47"
"2026-01-16","ID","Riau","ID","East Java","Pos Indonesia","11708","8915.3","73844.78"
"2026-01-16","ID","Riau","ID","South Sulawesi","Ninja Van","30856","29048.65","246904.31"
"2026-01-16","ID","Banten","ID","Unknown","Ninja Van","16122","11479.97","70863.24"
"2026-01-16","ID","Banten","ID","Central Java","DHL","16733","11476.43","40558.49"
"2026-01-16","PH","Ilocos Region","PH","Calabarzon","2GO Express","14363","9545.25","26954.45"
"2026-01-16","TH","Nakhon Sawan","TH","Khon Kaen","Kerry Express","12692","11523.34","35837.9"
"2026-01-16","TH","Chiang Mai","TH","Songkhla","Ninja Van","14528","12361.91","74351.23"
"2026-01-16","TH","Chiang Mai","TH","BKK","Ninja Van","23516","13604.32","67614.59"
"2026-01-16","TH","Chiang Mai","TH","Phuket","J&T","28223","17629.66","147245.05"
"2026-01-16","TH","Chiang Mai","TH","Korat","J&T","25127","16135.28","73870.92"
"2026-01-16","TH","Chiang Mai","TH","Chiang Mai","Ninja Van","24593","19633.44","29363.4"
"2026-01-16","TH","Chiang Mai","TH","Nakhon Sawan","Ninja Van","26454","20074.71","58816.82"
"2026-01-16","TH","Chiang Mai","TH","Chonburi","J&T","12453","7910.1","38391.95"
"2026-01-16","TH","Chiang Mai","TH","Khon Kaen","J&T","22374","18215.15","57307.12"
"2026-01-16","MY","Sabah","MY","Johor","FedEx","26972","16871.91","168560.11"
"2026-01-16","TH","Nonthaburi","TH","Chonburi","J&T","16258","10348.58","19074.21"
"2026-01-16","MY","Kuala Lumpur","MY","Kedah","J&T","18944","15974.3","37422.26"
"2026-01-16","ID","Jakarta","ID","Jakarta","J&T","9909","6345.85","10769.47"
"2026-01-16","ID","Jakarta","ID","South Sulawesi","J&T","31504","27590.23","157320.5"
"2026-01-16","MY","Pahang","MY","Sarawak","J&T","29349","24096.2","111278.52"
"2026-01-16","MY","Pahang","MY","Kedah","J&T","16391","13663.42","39664.73"
"2026-01-16","ID","Jakarta","ID","West Java","J&T","34511","20968.97","44775.26"
"2026-01-16","PH","West Visayas","PH","Ilocos Region","2GO Express","27084","24742.39","76776.26"
"2026-01-16","ID","Jakarta","ID","Banten","J&T","18142","11694.47","22181.15"
"2026-01-16","PH","Northern Mindanao","PH","NCR","J&T","28726","17733.96","110236.26"
"2026-01-16","PH","Bicol Region","PH","Bicol Region","DHL","27788","23111.27","34470.86"
"2026-01-16","PH","Central Luzon","PH","Bicol Region","2GO Express","13447","12491.45","26414.79"
"2026-01-16","PH","Bicol Region","PH","Central Luzon","2GO Express","18311","12278.56","40089.63"
"2026-01-16","PH","Central Luzon","PH","Central Visayas","LBC Express","33853","26850.65","111840.42"
"2026-01-16","PH","Central Luzon","PH","NCR","2GO Express","15283","10043.81","16982.25"
"2026-01-16","PH","Central Luzon","PH","Ilocos Region","DHL","32623","27747.61","43864.1"
"2026-01-16","PH","Calabarzon","PH","Central Luzon","J&T","28771","19847.29","36018.29"
"2026-01-16","PH","West Visayas","PH","West Visayas","2GO Express","9320","5440.43","9785.94"
"2026-01-16","PH","SOCCSKSARGEN","PH","Central Luzon","DHL","32301","20559.46","157493.92"
"2026-01-16","PH","SOCCSKSARGEN","PH","NCR","2GO Express","26792","17666.67","129518.03"
"2026-01-16","ID","Central Java","ID","Jakarta","SiCepat","34027","21818.7","97059.08"
"2026-01-16","PH","West Visayas","PH","Central Visayas","J&T","32516","23762.72","45992.28"
"2026-01-16","PH","West Visayas","PH","Calabarzon","Ninja Van","10762","6824.14","23485.32"
"2026-01-16","PH","Central Visayas","PH","Calabarzon","LBC Express","16789","10680.96","53264.49"
"2026-01-16","PH","Central Visayas","PH","Central Luzon","DHL","32754","20834.72","86606.19"
"2026-01-16","PH","Calabarzon","PH","Northern Mindanao","J&T","29679","22788.3","95007.51"
"2026-01-16","MY","Penang","MY","Penang","Pos Malaysia","25540","17738.21","34514.0"
"2026-01-16","MY","Penang","MY","Negeri Sembilan","J&T","18124","14069.02","35729.45"
"2026-01-16","ID","East Java","ID","Jakarta","SiCepat","17717","10941.19","64422.68"
"2026-01-16","MY","Penang","MY","Pahang","J&T","24114","20823.74","50671.15"
"2026-01-16","MY","Penang","MY","Sarawak","Pos Malaysia","21652","18199.78","116935.69"
"2026-01-16","ID","Riau","ID","Bali","Ninja Van","30905","24968.85","230059.24"
"2026-01-16","ID","East Java","ID","South Sulawesi","Pos Indonesia","35684","30772.3","115008.94"
"2026-01-16","MY","Sarawak","MY","Selangor","Ninja Van","22296","14973.79","93469.87"
"2026-01-16","ID","Riau","ID","Jakarta","J&T","25128","15926.24","108429.21"
"2026-01-16","ID","Riau","ID","Banten","Pos Indonesia","14693","9965.35","60551.13"
"2026-01-16","PH","Central Visayas","PH","Central Visayas","2GO Express","24548","17858.97","26047.67"
"2026-01-16","PH","Ilocos Region","PH","Central Visayas","Ninja Van","29750","23416.33","109159.21"
"2026-01-16","ID","Bali","ID","Central Java","Pos Indonesia","27187","19233.61","77443.21"
"2026-01-16","PH","West Visayas","PH","Central Luzon","2GO Express","10473","7330.12","26177.51"
"2026-01-16","TH","Korat","TH","Phuket","Kerry Express","28019","19174.37","118212.2"
"2026-01-16","MY","Johor","MY","Selangor","J&T","21722","15298.27","40365.75"
"2026-01-16","TH","Korat","TH","Chonburi","J&T","9490","6178.01","15416.13"
"2026-01-16","ID","Bali","ID","South Sulawesi","Pos Indonesia","25554","23048.56","75063.64"
"2026-01-16","TH","Korat","TH","BKK","Ninja Van","27177","16620.63","44161.12"
"2026-01-16","TH","Korat","TH","Khon Kaen","Kerry Express","21351","19566.15","39103.91"
"2026-01-16","MY","Johor","MY","Sarawak","Pos Malaysia","18179","14906.31","69901.89"
"2026-01-16","ID","Bali","ID","Riau","Pos Indonesia","27964","21048.72","194193.19"
"2026-01-16","ID","Bali","ID","West Java","SiCepat","12537","7679.46","62621.03"
"2026-01-16","ID","Bali","ID","Banten","Pos Indonesia","21909","14760.59","93004.32"
"2026-01-17","MY","Perak","MY","Kuala Lumpur","J&T","37443","27952.66","63290.88"
"2026-01-17","ID","East Java","ID","East Java","Ninja Van","41451","32463.83","43873.13"
"2026-01-17","TH","BKK","TH","BKK","Kerry Express","21092","13582.77","29011.4"
"2026-01-17","ID","East Java","ID","Jakarta","SiCepat","17541","10428.14","65006.06"
"2026-01-17","MY","Penang","MY","Pahang","Pos Malaysia","14396","12346.19","36505.44"
"2026-01-17","MY","Perak","MY","Pahang","Pos Malaysia","34363","29371.83","85096.33"
"2026-01-17","MY","Perak","MY","Penang","J&T","15602","11131.41","23638.23"
"2026-01-17","MY","Perak","MY","Sabah","Pos Malaysia","15526","13573.76","128513.74"
"2026-01-17","TH","BKK","TH","Korat","Ninja Van","20020","11291.85","30957.87"
"2026-01-17","ID","Riau","ID","West Java","SiCepat","13824","8254.9","88597.47"
"2026-01-17","ID","Riau","ID","North Sumatra","J&T","37479","29224.52","101876.79"
"2026-01-17","MY","Sarawak","MY","Sarawak","Pos Malaysia","16178","14159.09","23399.8"
"2026-01-17","TH","BKK","TH","Phuket","Kerry Express","40097","26460.68","151365.66"
"2026-01-17","PH","Bicol Region","PH","Bicol Region","Ninja Van","17026","14354.02","20304.44"
"2026-01-17","PH","Bicol Region","PH","West Visayas","Ninja Van","29268","17039.31","63670.39"
"2026-01-17","PH","Bicol Region","PH","Ilocos Region","J&T","29055","23544.81","75727.41"
"2026-01-17","PH","Bicol Region","PH","Calabarzon","DHL","15465","8472.61","31356.86"
"2026-01-17","PH","Bicol Region","PH","Central Luzon","2GO Express","9511","7086.64","22400.43"
"2026-01-17","PH","Bicol Region","PH","NCR","DHL","19301","12194.66","40091.65"
"2026-01-17","PH","Bicol Region","PH","SOCCSKSARGEN","Ninja Van","41131","29343.89","415561.93"
"2026-01-17","TH","Khon Kaen","TH","Nakhon Sawan","J&T","15917","11255.61","32602.53"
"2026-01-17","TH","Khon Kaen","TH","Nonthaburi","J&T","22888","14375.91","54207.79"
"2026-01-17","PH","SOCCSKSARGEN","PH","Northern Mindanao","J&T","27590","20551.97","55025.31"
"2026-01-17","PH","SOCCSKSARGEN","PH","NCR","DHL","21407","13705.16","96860.98"
"2026-01-17","PH","SOCCSKSARGEN","PH","West Visayas","J&T","29504","16936.36","92731.65"
"2026-01-17","TH","Khon Kaen","TH","Songkhla","Kerry Express","10871","9546.94","63712.33"
"2026-01-17","PH","SOCCSKSARGEN","PH","Ilocos Region","LBC Express","32148","28443.9","211007.35"
"2026-01-17","TH","Khon Kaen","TH","BKK","J&T","35778","22400.52","80446.82"
"2026-01-17","MY","Uknown","MY","Uknown","Pos Malaysia","26674","19916.76","146501.54"
"2026-01-17","PH","SOCCSKSARGEN","PH","Central Visayas","LBC Express","12528","9550.9","40978.73"
"2026-01-17","TH","Khon Kaen","TH","Phuket","J&T","34838","22433.09","164875.9"
"2026-01-17","ID","Jakarta","ID","West Java","J&T","11140","6665.25","14786.04"
"2026-01-17","MY","Pahang","MY","Kedah","J&T","15078","12635.23","35300.04"
"2026-01-17","ID","Jakarta","ID","South Sulawesi","Pos Indonesia","37395","31464.06","184369.48"
"2026-01-17","ID","Jakarta","ID","Riau","Pos Indonesia","28546","23078.44","107883.87"
"2026-01-17","ID","Jakarta","ID","Jakarta","Pos Indonesia","27078","17066.14","30471.6"
"2026-01-17","TH","Khon Kaen","TH","Chiang Mai","Kerry Express","18130","16166.9","59395.96"
"2026-01-17","ID","Jakarta","ID","Central Java","Pos Indonesia","35871","27700.79","78462.24"
"2026-01-17","PH","SOCCSKSARGEN","PH","Central Luzon","LBC Express","28947","22198.87","185996.29"
"2026-01-17","MY","Pahang","MY","Perak","FedEx","22028","18667.02","43210.21"
"2026-01-17","TH","Khon Kaen","TH","Korat","Kerry Express","20617","12758.59","45224.35"
"2026-01-17","PH","SOCCSKSARGEN","PH","Calabarzon","LBC Express","28249","16526.54","167353.98"
"2026-01-17","TH","BKK","TH","Chiang Mai","J&T","22911","18480.4","56966.34"
"2026-01-17","TH","Khon Kaen","TH","Chonburi","Kerry Express","30857","22560.53","94378.26"
"2026-01-17","PH","SOCCSKSARGEN","PH","SOCCSKSARGEN","LBC Express","26511","20229.12","46252.42"
"2026-01-17","MY","Pahang","MY","Pahang","Pos Malaysia","8805","7555.19","13132.25"
"2026-01-17","ID","Central Java","ID","Banten","J&T","34088","23570.85","82064.37"
"2026-01-17","TH","BKK","TH","Khon Kaen","Ninja Van","17968","14398.12","38057.93"
"2026-01-17","PH","Calabarzon","PH","West Visayas","J&T","31470","18232.02","69426.54"
"2026-01-17","PH","Central Luzon","PH","Bicol Region","J&T","30027","25031.36","60155.12"
"2026-01-17","PH","Calabarzon","PH","Ilocos Region","J&T","20442","17281.56","32590.11"
"2026-01-17","PH","Central Luzon","PH","Central Visayas","LBC Express","35354","27517.26","116541.22"
"2026-01-17","PH","Central Luzon","PH","NCR","LBC Express","24849","18311.96","36808.43"
"2026-01-17","PH","Central Luzon","PH","Northern Mindanao","J&T","39514","31054.35","128652.71"
"2026-01-17","ID","Jakarta","ID","Banten","J&T","36480","27317.32","41401.66"
"2026-01-17","TH","Chonburi","TH","Phuket","Kerry Express","10581","7175.98","36207.96"
"2026-01-17","TH","Chonburi","TH","Korat","Ninja Van","14515","8422.77","22280.9"
"2026-01-17","TH","Chonburi","TH","Khon Kaen","Ninja Van","14226","11726.57","30415.45"
"2026-01-17","TH","Songkhla","TH","Korat","Ninja Van","17720","10115.57","67137.87"
"2026-01-17","TH","Songkhla","TH","Songkhla","J&T","29601","23813.99","33689.67"
"2026-01-17","TH","Songkhla","TH","BKK","FedEx","29496","18021.0","102439.11"
"2026-01-17","TH","Songkhla","TH","Khon Kaen","J&T","23115","18491.96","100306.02"
"2026-01-17","TH","Songkhla","TH","Chiang Mai","Kerry Express","10233","9033.28","64105.62"
"2026-01-17","PH","Central Luzon","PH","Central Luzon","Ninja Van","12384","9276.68","13419.78"
"2026-01-17","PH","Calabarzon","PH","Central Luzon","DHL","29618","21693.83","38138.85"
"2026-01-17","TH","Surat Thani","TH","Nonthaburi","Kerry Express","22069","15706.72","85478.17"
"2026-01-17","TH","Surat Thani","TH","Chiang Mai","DHL","14074","11713.03","67210.42"
"2026-01-17","TH","Surat Thani","TH","BKK","Ninja Van","28092","17730.99","82750.33"
"2026-01-17","PH","Central Visayas","PH","Central Luzon","Ninja Van","29354","21652.34","78940.74"
"2026-01-17","PH","Central Visayas","PH","Calabarzon","LBC Express","19981","11660.28","64297.66"
"2026-01-17","ID","Central Java","ID","Jakarta","DHL","31112","17896.0","68352.1"
"2026-01-17","ID","South Sulawesi","ID","Jakarta","Pos Indonesia","39432","24016.53","235007.99"
"2026-01-17","ID","Central Java","ID","West Java","Pos Indonesia","24434","14910.63","43805.44"
"2026-01-17","ID","South Sulawesi","ID","West Java","DHL","18930","11305.52","106462.67"
"2026-01-17","ID","Central Java","ID","East Java","Pos Indonesia","21758","16341.81","37978.44"
"2026-01-17","ID","South Sulawesi","ID","East Java","Ninja Van","40613","31416.89","157588.24"
"2026-01-17","TH","BKK","TH","Nakhon Sawan","J&T","38209","27353.54","62977.28"
"2026-01-17","ID","South Sulawesi","ID","North Sumatra","Ninja Van","39707","32145.26","384384.68"
"2026-01-17","ID","Central Java","ID","South Sulawesi","Pos Indonesia","42373","34180.04","161167.11"
"2026-01-17","ID","South Sulawesi","ID","South Sulawesi","Pos Indonesia","39392","31721.11","53560.41"
"2026-01-17","ID","South Sulawesi","ID","Central Java","Ninja Van","11508","8918.45","53932.37"
"2026-01-17","ID","Central Java","ID","Central Java","Pos Indonesia","42356","31923.44","44048.3"
"2026-01-17","PH","Central Visayas","PH","Central Visayas","Ninja Van","18038","12496.23","19536.98"
"2026-01-17","PH","Central Visayas","PH","NCR","Ninja Van","38924","26414.19","103452.78"
"2026-01-17","TH","BKK","TH","Nonthaburi","J&T","20640","12493.71","20663.9"
"2026-01-17","MY","Selangor","MY","Johor","Pos Malaysia","26389","19603.7","59770.95"
"2026-01-17","PH","","PH","Northern Mindanao","J&T","30184","22910.77","138159.33"
"2026-01-17","PH","Ilocos Region","PH","Northern Mindanao","J&T","38032","30442.05","160857.72"
"2026-01-17","PH","Ilocos Region","PH","Calabarzon","Ninja Van","26041","15227.39","47981.23"
"2026-01-17","PH","Ilocos Region","PH","Central Luzon","DHL","10310","7834.02","16555.56"
"2026-01-17","PH","Ilocos Region","PH","SOCCSKSARGEN","Ninja Van","37599","27981.58","186425.24"
"2026-01-17","PH","Ilocos Region","PH","NCR","2GO Express","33118","22953.85","56759.56"
"2026-01-17","PH","Ilocos Region","PH","Ilocos Region","2GO Express","18230","17214.55","24438.0"
"2026-01-17","PH","Ilocos Region","PH","Central Visayas","J&T","26246","18410.76","101077.41"
"2026-01-17","ID","North Sumatra","ID","East Java","Ninja Van","31086","24545.13","228373.24"
"2026-01-17","ID","North Sumatra","ID","Riau","J&T","9407","7159.99","24826.91"
"2026-01-17","TH","Surat Thani","TH","Nakhon Sawan","DHL","19456","14018.96","68067.12"
"2026-01-17","ID","North Sumatra","ID","North Sumatra","J&T","32308","24483.1","38941.45"
"2026-01-17","ID","North Sumatra","ID","West Java","Pos Indonesia","14941","9026.49","97027.4"
"2026-01-17","ID","North Sumatra","ID","Banten","J&T","17079","11625.97","98088.44"
"2026-01-17","MY","Pahang","MY","Sabah","J&T","28129","24205.67","161553.99"
"2026-01-17","MY","Negeri Sembilan","MY","Kuala Lumpur","Pos Malaysia","24847","18660.47","43411.23"
"2026-01-17","TH","Surat Thani","TH","Chonburi","J&T","20173","13798.44","55864.54"
"2026-01-17","MY","Negeri Sembilan","MY","Perak","Pos Malaysia","19945","18345.62","46755.54"
"2026-01-17","MY","Negeri Sembilan","MY","Pahang","Pos Malaysia","26409","21675.76","60066.32"
"2026-01-17","MY","Negeri Sembilan","MY","Johor","Ninja Van","36003","25202.87","73066.06"
"2026-01-17","ID","North Sumatra","ID","Bali","Pos Indonesia","42567","33537.97","383869.85"
"2026-01-17","TH","Nakhon Sawan","TH","Nonthaburi","DHL","26469","16688.78","49792.81"
"2026-01-17","TH","Nakhon Sawan","TH","Chiang Mai","Kerry Express","30597","27490.07","91868.44"
"2026-01-17","TH","Nakhon Sawan","TH","Korat","Ninja Van","32960","19244.32","68647.18"
"2026-01-17","TH","Nakhon Sawan","TH","Surat Thani","Kerry Express","19262","17090.4","88741.04"
"2026-01-17","TH","Nakhon Sawan","TH","Khon Kaen","Ninja Van","9687","8067.67","22750.68"
"2026-01-17","MY","Negeri Sembilan","MY","Penang","Pos Malaysia","31361","22317.41","89135.28"
"2026-01-17","TH","Surat Thani","TH","Surat Thani","Kerry Express","26077","23360.14","43562.41"
"2026-01-17","TH","Surat Thani","TH","Phuket","Ninja Van","21485","13962.75","35801.93"
"2026-01-17","TH","Surat Thani","TH","Khon Kaen","Ninja Van","27286","23678.19","114684.04"
"2026-01-17","TH","Surat Thani","TH","Songkhla","Kerry Express","26821","23848.06","66836.33"
"2026-01-17","TH","Nonthaburi","TH","Korat","J&T","9748","5609.64","15436.51"
"2026-01-17","PH","Central Visayas","PH","SOCCSKSARGEN","Ninja Van","14461","10416.41","32352.28"
"2026-01-17","ID","South Sulawesi","ID","Banten","Pos Indonesia","37592","26594.52","227735.23"
"2026-01-17","TH","BKK","TH","Songkhla","J&T","36498","28214.04","114672.56"
"2026-01-17","TH","BKK","TH","Chonburi","Kerry Express","38227","27309.1","57500.07"
"2026-01-17","ID","South Sulawesi","ID","Riau","J&T","32616","23324.32","265493.29"
"2026-01-17","MY","Kuala Lumpur","MY","Sabah","Pos Malaysia","34344","29488.15","248533.11"
"2026-01-17","MY","Kuala Lumpur","MY","Johor","J&T","36475","25376.62","64702.45"
"2026-01-17","MY","Kuala Lumpur","MY","Penang","Pos Malaysia","17453","12463.63","38545.51"
"2026-01-17","PH","Northern Mindanao","PH","Central Luzon","Ninja Van","20903","15892.99","85839.22"
"2026-01-17","PH","Northern Mindanao","PH","Calabarzon","2GO Express","23123","13737.18","86412.79"
"2026-01-17","PH","Northern Mindanao","PH","Bicol Region","LBC Express","24674","23501.4","101032.59"
"2026-01-17","MY","Kuala Lumpur","MY","Negeri Sembilan","Pos Malaysia","17591","14263.65","23850.12"
"2026-01-17","PH","Uknown","PH",,"DHL","36394","26372.19","164783.58"
"2026-01-17","TH","Nonthaburi","TH","Nakhon Sawan","FedEx","22731","16799.3","35199.2"
"2026-01-17","MY","Selangor","MY","Kuala Lumpur","Ninja Van","36886","26900.16","37806.01"
"2026-01-17","MY","Selangor","MY","Perak","Pos Malaysia","11996","11109.91","21117.79"
"2026-01-17","MY","Selangor","MY","Sarawak","Pos Malaysia","29467","26630.79","145996.08"
"2026-01-17","MY","Selangor","MY","Selangor","J&T","16648","11386.52","18379.27"
"2026-01-17","MY","Selangor","MY","Penang","Pos Malaysia","33890","24648.5","79649.18"
"2026-01-17","MY","Selangor","MY","Sabah","J&T","38671","32910.21","217971.77"
"2026-01-17","MY","Kuala Lumpur","MY","Pahang","Pos Malaysia","16386","13361.62","30331.47"
"2026-01-17","MY","Kedah","MY","Kuala Lumpur","J&T","34837","26064.47","79398.97"
"2026-01-17","TH","Phuket","TH","Nonthaburi","Kerry Express","23772","16303.51","91853.41"
"2026-01-17","MY","Kedah","MY","Penang","J&T","35097","26114.76","48406.72"
"2026-01-17","MY","Kedah","MY","Johor","Pos Malaysia","26784","21315.79","104526.52"
"2026-01-17","TH","Phuket","TH","BKK","Ninja Van","20459","12500.63","58365.88"
"2026-01-17","TH","Phuket","TH","Korat","Kerry Express","26496","15531.92","115038.64"
"2026-01-17","TH","Phuket","TH","Chonburi","J&T","29347","19110.86","80340.9"
"2026-01-17","MY","Kedah","MY","Perak","Pos Malaysia","9221","8736.53","19813.26"
"2026-01-17","TH","Phuket","TH","Khon Kaen","DHL","13949","10731.44","54638.66"
"2026-01-17","TH","Phuket","TH","Chiang Mai","J&T","11878","9372.43","53480.04"
"2026-01-17","MY","Kedah","MY","Selangor","J&T","17768","12444.6","39168.76"
"2026-01-17","MY","Kedah","MY","Kedah","FedEx","33218","26950.44","41354.49"
"2026-01-17","TH","Phuket","TH","Nakhon Sawan","Ninja Van","17768","12334.84","63496.32"
"2026-01-17","MY","Kedah","MY","Sarawak","Pos Malaysia","18401","17145.17","116616.18"
"2026-01-17","TH","Phuket","TH","Phuket","Ninja Van","29142","17870.19","9892.36"
"2026-01-17","MY","Kedah","MY","Negeri Sembilan","J&T","33330","26679.93","82948.29"
"2026-01-17","MY","Penang","MY","Kuala Lumpur","Pos Malaysia","34626","26948.04","74807.77"
"2026-01-17","MY","Penang","MY","Johor","J&T","22465","16286.63","60193.9"
"2026-01-17","ID","East Java","ID","Central Java","Pos Indonesia","41836","31258.69","72360.81"
"2026-01-17","ID","East Java","ID","South Sulawesi","SiCepat","37603","29305.91","154439.82"
"2026-01-17","MY","Penang","MY","Selangor","J&T","27281","18515.62","50070.95"
"2026-01-17","ID","East Java","ID","Riau","Pos Indonesia","29389","23260.24","157883.19"
"2026-01-17","MY","Penang","MY","Penang","Ninja Van","16081","11259.26","17513.7"
"2026-01-17","ID","East Java","ID","Banten","Pos Indonesia","38691","27862.84","114285.34"
"2026-01-17","MY","Penang","MY","Negeri Sembilan","Ninja Van","12354","9688.88","23724.98"
"2026-01-17","MY","Penang","MY","Perak","Pos Malaysia","36731","34249.06","58627.73"
"2026-01-17","TH","Chonburi","TH","Nonthaburi","Kerry Express","29619","20013.25","42665.69"
"2026-01-17","TH","Chonburi","TH","BKK","DHL","18689","11203.02","20829.58"
"2026-01-17","TH","Chonburi","TH","Songkhla","J&T","14441","11484.38","41434.44"
"2026-01-17","TH","Chonburi","TH","Chiang Mai","DHL","33942","28955.36","91819.74"
"2026-01-17","PH","Calabarzon","PH","Calabarzon","LBC Express","25973","15955.26","36853.01"
"2026-01-17","ID","Banten","ID","North Sumatra","DHL","34479","25913.09","164557.34"
"2026-01-17","PH","Ilocos Region","PH","Bicol Region","Ninja Van","29384","25709.35","74065.35"
"2026-01-17","MY","Sabah","MY","Sarawak","Pos Malaysia","22189","19860.89","110310.59"
"2026-01-17","MY","Sabah","MY","Perak","J&T","31586","28556.21","225741.32"
"2026-01-17","MY","Sabah","MY","Penang","Ninja Van","35059","24378.24","260187.77"
"2026-01-17","MY","Sabah","MY","Sabah","Pos Malaysia","12202","10572.57","19705.86"
"2026-01-17","MY","Sabah","MY","Selangor","Ninja Van","25301","17362.86","171234.71"
"2026-01-17","MY","Sabah","MY","Johor","Pos Malaysia","22738","16882.63","175804.62"
"2026-01-17","MY","Sabah","MY","Kuala Lumpur","J&T","38350","28605.18","267072.76"
"2026-01-17","MY","Sabah","MY","Pahang","J&T","34672","27486.62","208209.51"
"2026-01-17","MY","Sarawak","MY","Kuala Lumpur","Pos Malaysia","28757","21581.86","154080.61"
"2026-01-17","PH","NCR","PH","Calabarzon","J&T","16497","9188.89","17906.43"
"2026-01-17","PH","NCR","PH","Central Luzon","DHL","18021","12989.63","21217.6"
"2026-01-17","PH","NCR","PH","SOCCSKSARGEN","Ninja Van","32935","25208.91","121518.38"
"2026-01-17","PH","NCR","PH","West Visayas","DHL","36559","20953.17","84768.23"
"2026-01-17","PH","NCR","PH","Bicol Region","DHL","40733","34646.38","70443.39"
"2026-01-17","PH","NCR","PH","NCR","J&T","37078","24495.26","39467.52"
"2026-01-17","PH","NCR","PH","Central Visayas","2GO Express","39080","28238.82","95550.31"
"2026-01-17","ID","West Java","ID","North Sumatra","Ninja Van","24123","19958.16","127006.64"
"2026-01-17","ID","West Java","ID","Bali","Pos Indonesia","41714","33211.15","145882.77"
"2026-01-17","ID","West Java","ID","South Sulawesi","Pos Indonesia","27484","21990.59","134647.0"
"2026-01-17","ID","West Java","ID","Central Java","Pos Indonesia","18565","14589.48","33796.77"
"2026-01-17","ID","West Java","ID","West Java","J&T","32485","19867.95","33935.49"
"2026-01-17","TH","Chiang Mai","TH","Nonthaburi","Kerry Express","20689","14121.78","73649.52"
"2026-01-17","ID","West Java","ID","Riau","Ninja Van","42583","32919.03","481793.71"
"2026-01-17","TH","","TH","Uknown","J&T","37555","21601.34","174617.3"
"2026-01-17","ID","West Java","ID","Banten","SiCepat","44025","30429.4","81344.38"
"2026-01-17","TH","Nakhon Sawan","TH","Nakhon Sawan","Kerry Express","20158","15885.77","33089.87"
"2026-01-17","ID","Bali","ID","North Sumatra","Pos Indonesia","24690","20304.95","209505.2"
"2026-01-17","PH","Northern Mindanao","PH","NCR","LBC Express","29521","22099.06","143763.45"
"2026-01-17","TH","Nonthaburi","TH","Phuket","Ninja Van","8326","5385.23","25561.69"
"2026-01-17","TH","Nakhon Sawan","TH","Songkhla","Kerry Express","35449","31139.06","197031.47"
"2026-01-17","MY","Negeri Sembilan","MY","Negeri Sembilan","Ninja Van","15065","11544.84","19430.78"
"2026-01-17","MY","Negeri Sembilan","MY","Kedah","J&T","17962","14481.35","46549.52"
"2026-01-17","MY","Negeri Sembilan","MY","Selangor","Pos Malaysia","19993","13915.9","32591.6"
"2026-01-17","MY","Negeri Sembilan","MY","Sabah","Ninja Van","33272","27254.82","216097.83"
"2026-01-17","MY","Negeri Sembilan","MY","Sarawak","Ninja Van","17685","15601.83","78889.38"
"2026-01-17","TH","Songkhla","TH","Chonburi","J&T","12213","8125.19","37227.38"
"2026-01-17","MY","","MY","Sarawak","J&T","38398","33861.29","179011.37"
"2026-01-17","TH","Songkhla","TH","Phuket","J&T","28172","17995.72","50384.9"
"2026-01-17","TH","Songkhla","TH","Surat Thani","Kerry Express","33907","31043.76","81518.83"
"2026-01-17","ID","Banten","ID","Jakarta","Pos Indonesia","30773","19628.25","37830.37"
"2026-01-17","ID","Banten","ID","Central Java","DHL","27658","20197.46","62716.03"
"2026-01-17","ID","Banten","ID","West Java","Pos Indonesia","13969","8565.92","20682.94"
"2026-01-17","ID","Banten","ID","Banten","SiCepat","25619","17583.89","33893.69"
"2026-01-17","ID","Banten","ID","Bali","J&T","32498","23987.89","129441.81"
"2026-01-17","PH","West Visayas","PH","SOCCSKSARGEN","J&T","34603","24762.05","86410.82"
"2026-01-17","PH","West Visayas","PH","Bicol Region","Ninja Van","24986","21537.32","47733.17"
"2026-01-17","ID","Uknown","ID","North Sumatra","Pos Indonesia","20340","16554.16","91107.64"
"2026-01-17","ID","Banten","ID","East Java","Pos Indonesia","13279","10199.97","38897.81"
"2026-01-17","PH","Northern Mindanao","PH","Northern Mindanao","2GO Express","38311","31153.61","51760.53"
"2026-01-17","PH","West Visayas","PH","Northern Mindanao","Ninja Van","21961","17808.07","43438.57"
"2026-01-17","TH","Nakhon Sawan","TH","BKK","FedEx","31117","18876.7","59473.49"
"2026-01-17","PH","West Visayas","PH","West Visayas","J&T","34904","20449.02","34946.79"
"2026-01-17","TH","Chiang Mai","TH","Chonburi","Ninja Van","25481","17748.37","78440.84"
"2026-01-17","TH","Chiang Mai","TH","BKK","Ninja Van","30429","18914.88","94598.22"
"2026-01-17","TH","Chiang Mai","TH","Nakhon Sawan","Kerry Express","32214","24641.41","91442.33"
"2026-01-17","TH","Chiang Mai","TH","Phuket","Ninja Van","34607","22636.73","168601.68"
"2026-01-17","TH","Chiang Mai","TH","Chiang Mai","Ninja Van","13335","11174.72","15433.91"
"2026-01-17","TH","Chiang Mai","TH","Korat","J&T","15841","8872.52","47389.76"
"2026-01-17","TH","Chiang Mai","TH","Songkhla","Ninja Van","26433","21439.73","144543.18"
"2026-01-17","TH","Chiang Mai","TH","Khon Kaen","DHL","19084","16081.9","48659.7"
"2026-01-17","PH","West Visayas","PH","Central Luzon","2GO Express","19638","15239.61","47310.31"
"2026-01-17","MY","Sarawak","MY","Selangor","Pos Malaysia","23219","16921.91","120308.2"
"2026-01-17","MY","Sarawak","MY","Pahang","Ninja Van","29741","24372.24","108184.75"
"2026-01-17","ID","Riau","ID","Banten","Pos Indonesia","25875","19390.98","106284.72"
"2026-01-17","ID","Riau","ID","Central Java","Pos Indonesia","41594","32595.93","227932.43"
"2026-01-17","MY","Sabah","MY","Negeri Sembilan","Ninja Van","16228","13364.34","107294.83"
"2026-01-17","MY","Perak","MY","Johor","Ninja Van","13789","10459.71","34332.98"
"2026-01-17","TH","Nonthaburi","TH","Khon Kaen","J&T","32292","26742.56","66239.62"
"2026-01-17","TH","Nakhon Sawan","TH","Chonburi","Kerry Express","29841","22641.83","77646.02"
"2026-01-17","MY","Kuala Lumpur","MY","Sarawak","Pos Malaysia","29076","26090.98","133795.87"
"2026-01-17","PH","Northern Mindanao","PH","SOCCSKSARGEN","J&T","36077","25780.73","72030.38"
"2026-01-17","MY","Kuala Lumpur","MY","Kedah","J&T","16671","13447.84","32764.7"
"2026-01-17","MY","Kuala Lumpur","MY","Selangor","Pos Malaysia","16050","11176.74","20165.62"
"2026-01-17","TH","Nonthaburi","TH","Chonburi","Kerry Express","26208","19301.07","36968.83"
"2026-01-17","PH","Northern Mindanao","PH","West Visayas","J&T","16878","9791.03","38873.91"
"2026-01-17","TH","Nonthaburi","TH","BKK","Kerry Express","23392","15527.1","30443.26"
"2026-01-17","PH","Northern Mindanao","PH","Central Visayas","2GO Express","35756","27843.13","68821.45"
"2026-01-17","MY","Kuala Lumpur","MY","Kuala Lumpur","J&T","14475","10257.93","15467.63"
"2026-01-17","TH","Nonthaburi","TH","Nonthaburi","Kerry Express","32179","21886.86","42718.45"
"2026-01-17","PH","Northern Mindanao","PH","Ilocos Region","Ninja Van","33204","29050.97","145143.43"
"2026-01-17","TH","Nonthaburi","TH","Surat Thani","Kerry Express","10499","9429.31","33254.67"
"2026-01-17","PH","West Visayas","PH","Calabarzon","J&T","10164","5886.75","22351.56"
"2026-01-17","MY","Pahang","MY","Selangor","Ninja Van","16810","11778.88","28943.47"
"2026-01-17","MY","Pahang","MY","Johor","Pos Malaysia","32595","25878.1","74934.62"
"2026-01-17","MY","Pahang","MY","Sarawak","J&T","29783","26265.37","108096.74"
"2026-01-17","MY","Pahang","MY","Penang","Pos Malaysia","13500","9876.51","37085.53"
"2026-01-17","MY","Pahang","MY","Negeri Sembilan","Ninja Van","13266","10483.83","22211.61"
"2026-01-17","ID","Riau","ID","Bali","Pos Indonesia","28242","22400.25","210226.66"
"2026-01-17","PH","West Visayas","PH","Ilocos Region","2GO Express","42107","38446.96","118734.9"
"2026-01-17","PH","Bicol Region","PH","Northern Mindanao","2GO Express","33840","26730.56","105746.3"
"2026-01-17","PH","Bicol Region","PH","Central Visayas","LBC Express","22074","16514.35","62382.42"
"2026-01-17","PH","Calabarzon","PH","Northern Mindanao","2GO Express","22904","18669.33","67195.92"
"2026-01-17","PH","Calabarzon","PH","NCR","2GO Express","32973","22905.71","34579.37"
"2026-01-17","PH","Central Luzon","PH","SOCCSKSARGEN","J&T","38405","27816.85","143540.51"
"2026-01-17","PH","Central Luzon","PH","West Visayas","LBC Express","22475","14097.29","71206.59"
"2026-01-17","MY","Sarawak","MY","Penang","Ninja Van","13179","9026.1","65177.77"
"2026-01-17","PH","Uknown","PH","Ilocos Region","Ninja Van","18780","16030.41","80813.83"
"2026-01-17","MY","Sarawak","MY","Sabah","FedEx","15109","11565.83","55332.41"
"2026-01-17","ID","Riau","ID","Jakarta","DHL","28646","16656.66","131196.27"
"2026-01-17","ID","Riau","ID","South Sulawesi","Pos Indonesia","34780","28206.8","304039.19"
"2026-01-17","ID","Riau","ID","East Java","J&T","22127","16233.82","145744.88"
"2026-01-17","MY","Sarawak","MY","Kedah","J&T","35761","28536.7","172366.54"
"2026-01-17","ID","Bali","ID","Bali","J&T","30513","24214.89","37760.4"
"2026-01-17","TH","Korat","TH","Surat Thani","J&T","11631","9600.46","35978.55"
"2026-01-17","MY","Johor","MY","Johor","Ninja Van","16700","11901.0","16712.76"
"2026-01-17","TH","Korat","TH","Korat","Ninja Van","28263","16685.3","32366.79"
"2026-01-17","ID","Bali","ID","West Java","J&T","39007","23565.17","147117.34"
"2026-01-17","ID","Bali","ID","Banten","Pos Indonesia","23837","18850.24","105721.12"
"2026-01-17","TH","Korat","TH","Khon Kaen","Ninja Van","30067","25067.99","46238.0"
"2026-01-17","ID","Bali","ID","Central Java","Pos Indonesia","29506","23268.95","85188.84"
"2026-01-17","MY","Johor","MY","Kedah","Pos Malaysia","20076","16869.92","68193.03"
"2026-01-17","TH","Korat","TH","Chonburi","Kerry Express","32821","24243.44","63362.82"
"2026-01-17","ID","Bali","ID","East Java","SiCepat","31681","23597.84","88559.94"
"2026-01-17","MY","Johor","MY","Penang","Ninja Van","23265","16554.48","62669.77"
"2026-01-17","MY","Johor","MY","Sarawak","J&T","16811","14288.14","48760.92"
"2026-01-17","ID","Bali","ID","Riau","SiCepat","27398","21485.24","249845.29"
"2026-01-17","ID","Bali","ID","South Sulawesi","Pos Indonesia","12524","10240.86","38970.33"
"2026-01-17","TH","Korat","TH","BKK","Ninja Van","10591","6675.16","16513.71"
"2026-01-17","MY","Johor","MY","Selangor","Ninja Van","35108","23549.67","27824.69"
"2026-01-17","MY","Johor","MY","Negeri Sembilan","Ninja Van","29213","23077.36","49880.48"
"2026-01-17","MY","Johor","MY","Perak","J&T","32867","27882.17","75138.01"
"2026-01-17","MY","Johor","MY","Sabah","Ninja Van","25802","21880.25","133745.17"
"2026-01-17","PH","West Visayas","PH","Central Visayas","DHL","40236","27955.53","53768.98"
"2026-01-17","TH","Korat","TH","Phuket","J&T","24196","15849.64","87791.21"
"2026-01-17","TH","Korat","TH","Nonthaburi","Ninja Van","18748","12250.1","30303.51"
"2026-01-17","TH","Korat","TH","Unknown","J&T","0","0.0","0.0"
"2026-01-17","MY","Johor","MY","Pahang","Ninja Van","38736","30565.86","63713.19"
"2026-01-17","TH","Korat","TH","Chiang Mai","J&T","38544","32946.23","96588.77"
"2026-01-18","MY","Perak","MY","Sabah","J&T","10769","9066.53","68619.77"
"2026-01-18","MY","Perak","MY","Pahang","Pos Malaysia","10202","8340.09","24560.86"
"2026-01-18","MY","Penang","MY","Negeri Sembilan","Pos Malaysia","12110","9844.93","28842.38"
"2026-01-18","ID","East Java","ID","South Sulawesi","Pos Indonesia","10440","9169.01","33439.01"
"2026-01-18","MY","Penang","MY","Kuala Lumpur","Pos Malaysia","35157","25709.88","82552.82"
"2026-01-18","ID","Riau","ID","North Sumatra","SiCepat","14211","10464.42","52752.09"
"2026-01-18","MY","Sarawak","MY","Sarawak","Pos Malaysia","30466","24293.66","49350.99"
"2026-01-18","ID","Riau","ID","West Java","Ninja Van","27023","17486.08","129484.5"
"2026-01-18","TH","Khon Kaen","TH","Nonthaburi","Ninja Van","33896","22082.9","75181.09"
"2026-01-18","TH","Khon Kaen","TH","Phuket","Kerry Express","30040","20487.47","163612.09"
"2026-01-18","PH","SOCCSKSARGEN","PH","Central Visayas","Ninja Van","37864","27750.15","106730.44"
"2026-01-18","PH","Bicol Region","PH","NCR","DHL","31687","19163.04","66393.05"
"2026-01-18","TH","Khon Kaen","TH","BKK","Kerry Express","13211","9179.3","40117.35"
"2026-01-18","PH","Bicol Region","PH","Calabarzon","Ninja Van","22729","13248.28","46359.15"
"2026-01-18","PH","Bicol Region","PH","Ilocos Region","2GO Express","23800","19492.44","60285.57"
"2026-01-18","PH","Bicol Region","PH","SOCCSKSARGEN","Ninja Van","25556","19119.97","98569.23"
"2026-01-18","PH","Bicol Region","PH","Central Luzon","LBC Express","34818","25727.52","103610.07"
"2026-01-18","PH","Bicol Region","PH","Bicol Region","J&T","23572","19675.1","30725.8"
"2026-01-18","PH","Bicol Region","PH","Central Visayas","2GO Express","23916","18130.65","52107.83"
"2026-01-18","PH","SOCCSKSARGEN","PH","Ilocos Region","LBC Express","19929","16965.93","133121.7"
"2026-01-18","PH",,"PH","","LBC Express","21698","14501.83","128303.33"
"2026-01-18","TH","Khon Kaen","TH","Chiang Mai","Kerry Express","28531","26715.48","98768.39"
"2026-01-18","TH","Khon Kaen","TH","Korat","Kerry Express","17850","11615.72","38949.63"
"2026-01-18","PH","SOCCSKSARGEN","PH","SOCCSKSARGEN","2GO Express","30243","22755.38","43178.02"
"2026-01-18","PH","SOCCSKSARGEN","PH","Calabarzon","Ninja Van","22110","13289.17","96309.3"
"2026-01-18","MY","Perak","MY","Penang","Ninja Van","28703","21549.81","43936.92"
"2026-01-18","PH","SOCCSKSARGEN","PH","Central Luzon","DHL","24831","17015.54","124514.81"
"2026-01-18","TH","Khon Kaen","TH","Chonburi","Kerry Express","21843","15898.19","66983.04"
"2026-01-18","TH","Khon Kaen","TH","Nakhon Sawan","Ninja Van","32607","24254.37","67445.33"
"2026-01-18","PH","SOCCSKSARGEN","PH","West Visayas","LBC Express","23793","14264.86","88182.87"
"2026-01-18","PH","SOCCSKSARGEN","PH","NCR","Ninja Van","12423","7868.74","59980.59"
"2026-01-18","PH","SOCCSKSARGEN","PH","Northern Mindanao","Ninja Van","35067","27955.74","70174.0"
"2026-01-18","PH","Unknown","PH","Unknown","Ninja Van","9994","7955.01","46315.15"
"2026-01-18","TH","Khon Kaen","TH","Songkhla","Kerry Express","31819","27218.26","185287.16"
"2026-01-18","TH","BKK","TH","BKK","J&T","30750","18274.03","33597.08"
"2026-01-18","ID","South Sulawesi","ID","South Sulawesi","J&T","38428","30675.37","52268.87"
"2026-01-18","PH","Central Luzon","PH","NCR","2GO Express","35649","23437.0","38920.98"
"2026-01-18","PH","Central Luzon","PH","Ilocos Region","2GO Express","34543","30364.03","45038.8"
"2026-01-18","PH","Calabarzon","PH","NCR","LBC Express","22764","15581.86","32409.1"
"2026-01-18","PH","Central Luzon","PH","Central Visayas","2GO Express","18117","13651.83","48374.06"
"2026-01-18","PH","Central Luzon","PH","SOCCSKSARGEN","LBC Express","23098","18239.85","116372.35"
"2026-01-18","PH","Central Luzon","PH","Northern Mindanao","DHL","22943","18072.3","79018.34"
"2026-01-18","PH","Central Luzon","PH","West Visayas","Ninja Van","36598","21696.49","85463.46"
"2026-01-18","PH","Calabarzon","PH","Northern Mindanao","Ninja Van","21450","17986.28","65408.8"
"2026-01-18","ID","Central Java","ID","Unknown","Pos Indonesia","36302","24212.94","155361.92"
"2026-01-18","TH","Chonburi","TH","Khon Kaen","Ninja Van","12602","11143.9","24982.39"
"2026-01-18","TH","Chonburi","TH","Phuket","Kerry Express","17990","12752.04","63597.66"
"2026-01-18","TH","Chonburi","TH","Korat","J&T","27330","16667.68","43921.41"
"2026-01-18","TH","Uknown","TH","Unknown","Kerry Express","18976","15634.84","102178.99"
"2026-01-18","MY","Pahang","MY","Penang","Pos Malaysia","24791","18508.78","68237.34"
"2026-01-18","MY","Pahang","MY","Sarawak","Pos Malaysia","18759","16092.93","82990.14"
"2026-01-18","ID","Jakarta","ID","Riau","Ninja Van","31115","24392.9","115480.32"
"2026-01-18","ID","South Sulawesi","ID","East Java","Pos Indonesia","14998","10804.16","54506.3"
"2026-01-18","ID","Jakarta","ID","West Java","Pos Indonesia","27380","18017.91","34693.62"
"2026-01-18","TH","Songkhla","TH","Korat","J&T","9628","5652.46","34917.06"
"2026-01-18","TH","Songkhla","TH","Songkhla","Ninja Van","31847","24764.47","36848.41"
"2026-01-18","ID","Jakarta","ID","Banten","Pos Indonesia","39582","28858.42","48665.65"
"2026-01-18","TH","Songkhla","TH","BKK","Ninja Van","8965","5653.7","30806.62"
"2026-01-18","TH","Songkhla","TH","Khon Kaen","Kerry Express","12462","11280.15","64581.34"
"2026-01-18","TH","Songkhla","TH","Chiang Mai","Ninja Van","34743","31241.98","172615.71"
"2026-01-18","ID","Jakarta","ID","Central Java","Pos Indonesia","37919","28779.86","78085.02"
"2026-01-18","MY","Pahang","MY","Selangor","Pos Malaysia","30196","21440.89","68567.54"
"2026-01-18","PH","Calabarzon","PH","Central Luzon","Ninja Van","21372","16599.62","26695.27"
"2026-01-18","PH","Bicol Region","PH","West Visayas","2GO Express","19008","11190.04","41482.19"
"2026-01-18","MY","Pahang","MY","Pahang","Pos Malaysia","9292","7576.48","13070.11"
"2026-01-18","MY","Pahang","MY","Sabah","Ninja Van","25263","21322.34","146153.29"
"2026-01-18","PH","Central Visayas","PH","Central Luzon","Ninja Van","12223","8800.95","32717.43"
"2026-01-18","ID","Central Java","ID","Banten","Ninja Van","11670","8197.29","26290.2"
"2026-01-18","MY","Pahang","MY","Johor","J&T","11256","8356.64","21779.89"
"2026-01-18","TH","Surat Thani","TH","Chonburi","Kerry Express","34662","25112.86","128088.87"
"2026-01-18","TH","Surat Thani","TH","Nonthaburi","FedEx","33580","21482.26","97790.41"
"2026-01-18","ID","Central Java","ID","West Java","Pos Indonesia","40465","25212.32","76504.2"
"2026-01-18","ID","South Sulawesi","ID","Banten","Pos Indonesia","36497","25159.59","215832.95"
"2026-01-18","PH","Central Visayas","PH","Northern Mindanao","LBC Express","37332","31043.07","78288.04"
"2026-01-18","TH","BKK","TH","Nonthaburi","DHL","37856","23812.39","38917.74"
"2026-01-18","TH","BKK","TH","Phuket","Kerry Express","37928","25191.89","132769.0"
"2026-01-18","ID","Central Java","ID","East Java","Pos Indonesia","43400","32157.53","77048.76"
"2026-01-18","PH","Central Visayas","PH","Calabarzon","J&T","38433","21436.51","96067.16"
"2026-01-18","TH","BKK","TH","Chiang Mai","J&T","14829","12611.5","38479.22"
"2026-01-18","ID","South Sulawesi","ID","North Sumatra","Pos Indonesia","35600","26818.93","344626.75"
"2026-01-18","TH","BKK","TH","Nakhon Sawan","Ninja Van","22567","16834.98","35821.92"
"2026-01-18","ID","Central Java","ID","South Sulawesi","DHL","28518","23994.67","107331.18"
"2026-01-18","ID","South Sulawesi","ID","Central Java","SiCepat","33747","22949.66","207135.53"
"2026-01-18","TH","BKK","TH","Korat","J&T","22210","13152.69","36034.29"
"2026-01-18","PH","Central Visayas","PH","Central Visayas","J&T","22884","15760.27","24090.06"
"2026-01-18","ID","Central Java","ID","Jakarta","Pos Indonesia","40041","24058.94","80492.3"
"2026-01-18","ID","South Sulawesi","ID","West Java","Pos Indonesia","33805","20707.09","195400.98"
"2026-01-18","PH","Central Visayas","PH","NCR","2GO Express","13782","8788.64","36260.45"
"2026-01-18","PH","Central Visayas","PH","Bicol Region","LBC Express","33390","30220.3","82883.55"
"2026-01-18","MY","Selangor","MY","Johor","Pos Malaysia","33451","24859.77","76418.08"
"2026-01-18","PH","NCR","PH","Calabarzon","J&T","39807","22968.69","42618.61"
"2026-01-18","PH","Ilocos Region","PH","Northern Mindanao","2GO Express","40095","33473.48","170203.52"
"2026-01-18","PH","Ilocos Region","PH","Calabarzon","Ninja Van","25578","16215.99","46741.79"
"2026-01-18","MY","Unknown","MY","Uknown","Pos Malaysia","29472","17308.61","162715.18"
"2026-01-18","PH","Ilocos Region","PH","Central Luzon","2GO Express","20285","15235.99","33223.76"
"2026-01-18","PH","Ilocos Region","PH","Ilocos Region","J&T","17061","14041.92","22464.0"
"2026-01-18","PH","Ilocos Region","PH","Central Visayas","Ninja Van","14369","10845.66","50789.82"
"2026-01-18","PH","Ilocos Region","PH","NCR","Ninja Van","39823","26212.36","68414.04"
"2026-01-18","ID","North Sumatra","ID","East Java","Pos Indonesia","40123","30229.49","306523.85"
"2026-01-18","ID","North Sumatra","ID","North Sumatra","Pos Indonesia","30932","23387.03","42154.04"
"2026-01-18","ID","North Sumatra","ID","Riau","Pos Indonesia","12569","9934.21","33676.61"
"2026-01-18","ID","North Sumatra","ID","Bali","Ninja Van","18161","13704.51","157281.74"
"2026-01-18","ID","North Sumatra","ID","Banten","DHL","38735","25234.88","223815.39"
"2026-01-18","TH","Nakhon Sawan","TH","BKK","Ninja Van","30015","18948.43","58778.65"
"2026-01-18","TH","Nakhon Sawan","TH","Chonburi","Ninja Van","24109","16536.75","53612.27"
"2026-01-18","TH","Nakhon Sawan","TH","Surat Thani","DHL","26879","21555.94","102817.49"
"2026-01-18","TH","Nakhon Sawan","TH","Khon Kaen","Ninja Van","11636","9825.17","26748.92"
"2026-01-18","TH","Nakhon Sawan","TH","Nonthaburi","Ninja Van","17533","11164.87","32296.81"
"2026-01-18","MY","Negeri Sembilan","MY","Penang","J&T","22994","16419.09","52348.88"
"2026-01-18","MY","Negeri Sembilan","MY","Perak","Pos Malaysia","24981","21162.17","59053.41"
"2026-01-18","MY","Negeri Sembilan","MY","Pahang","Ninja Van","15318","11767.28","239598.89"
"2026-01-18","MY","Kuala Lumpur","MY","Penang","Pos Malaysia","24299","18360.58","55801.35"
"2026-01-18","TH","Surat Thani","TH","BKK","Kerry Express","26826","17869.9","98749.78"
"2026-01-18","TH","Surat Thani","TH","Chiang Mai","Kerry Express","18836","17924.66","110726.93"
"2026-01-18","MY","Negeri Sembilan","MY","Kuala Lumpur","DHL","20447","12455.01","27569.3"
"2026-01-18","MY","Negeri Sembilan","MY","Johor","Pos Malaysia","26239","19514.57","62501.53"
"2026-01-18","ID","North Sumatra","ID","West Java","Pos Indonesia","16705","10563.72","103213.39"
"2026-01-18","PH","Northern Mindanao","PH","Calabarzon","2GO Express","9590","6226.88","36659.98"
"2026-01-18","TH","Surat Thani","TH","Nakhon Sawan","Kerry Express","19501","15880.08","92222.65"
"2026-01-18","TH","Nonthaburi","TH","Korat","Kerry Express","29338","18977.14","58599.09"
"2026-01-18","TH","Surat Thani","TH","Khon Kaen","J&T","33378","28350.76","142038.4"
"2026-01-18","TH","Surat Thani","TH","Surat Thani","DHL","35093","28311.67","48466.35"
"2026-01-18","TH","Surat Thani","TH","Phuket","Kerry Express","11124","7980.72","24516.99"
"2026-01-18","TH","Surat Thani","TH","Songkhla","Kerry Express","22452","18821.37","58510.13"
"2026-01-18","MY","Kuala Lumpur","MY","Negeri Sembilan","J&T","13572","10050.76","15104.35"
"2026-01-18","MY","Kuala Lumpur","MY","Johor","Pos Malaysia","24483","18496.76","55070.52"
"2026-01-18","MY","Kuala Lumpur","MY","Pahang","Ninja Van","10628","8570.94","16477.29"
"2026-01-18","TH","Nonthaburi","TH","Nakhon Sawan","J&T","16790","12260.01","26313.97"
"2026-01-18","MY","Kuala Lumpur","MY","Sabah","Ninja Van","34684","29050.95","191545.79"
"2026-01-18","PH","Northern Mindanao","PH","Bicol Region","Ninja Van","36136","32043.82","112104.04"
"2026-01-18","TH","BKK","TH","Chonburi","J&T","24012","15674.86","28837.97"
"2026-01-18","ID","South Sulawesi","ID","Riau","J&T","23316","17277.59","193412.42"
"2026-01-18","PH","Central Visayas","PH","SOCCSKSARGEN","Ninja Van","17771","12995.83","38987.59"
"2026-01-18","TH","BKK","TH","Khon Kaen","J&T","25412","20513.11","51251.04"
"2026-01-18","TH","BKK","TH","Songkhla","Ninja Van","27711","21024.06","82185.41"
"2026-01-18","PH","Northern Mindanao","PH","Central Luzon","LBC Express","37494","28956.54","202729.33"
"2026-01-18","PH","Uknown","PH","Uknown","Ninja Van","34573","23041.29","163123.05"
"2026-01-18","MY","Selangor","MY","Perak","Pos Malaysia","17848","16302.41","32276.38"
"2026-01-18","MY","Selangor","MY","Kuala Lumpur","Pos Malaysia","27626","19982.89","34687.78"
"2026-01-18","MY","Selangor","MY","Sarawak","Ninja Van","20933","16278.39","76992.16"
"2026-01-18","MY","Selangor","MY","Penang","Ninja Van","41096","28828.46","601595.86"
"2026-01-18","MY","Selangor","MY","Selangor","Pos Malaysia","12180","8718.11","15938.31"
"2026-01-18","TH","Phuket","TH","Korat","J&T","14474","8195.51","48175.4"
"2026-01-18","MY","Kedah","MY","Johor","J&T","35242","25866.4","113693.52"
"2026-01-18","MY","Kedah","MY","Selangor","Pos Malaysia","21534","15617.97","60668.87"
"2026-01-18","TH","Phuket","TH","Chonburi","Kerry Express","9862","6777.73","33688.81"
"2026-01-18","TH","Phuket","TH","BKK","J&T","26423","15257.38","77845.26"
"2026-01-18","TH","Phuket","TH","Phuket","J&T","30867","18569.78","34908.56"
"2026-01-18","MY","Kedah","MY","Kedah","Pos Malaysia","33357","32058.67","52331.61"
"2026-01-18","MY","Kedah","MY","Perak","Pos Malaysia","36693","32868.88","73928.14"
"2026-01-18","TH","Phuket","TH","Nonthaburi","Ninja Van","19694","12155.59","56163.66"
"2026-01-18","MY","Kedah","MY","Kuala Lumpur","Pos Malaysia","32261","23298.09","94410.63"
"2026-01-18","TH","Phuket","TH","Khon Kaen","Ninja Van","30142","24297.56","426683.14"
"2026-01-18","TH","Phuket","TH","Chiang Mai","Kerry Express","30122","28108.87","158936.92"
"2026-01-18","MY","Kedah","MY","Sarawak","FedEx","30174","24140.85","147255.38"
"2026-01-18","MY","Kedah","MY","Penang","J&T","0","0.0","0.0"
"2026-01-18","TH","Phuket","TH","Nakhon Sawan","Ninja Van","11875","8600.0","42738.05"
"2026-01-18","MY","Kedah","MY","Negeri Sembilan","Pos Malaysia","38536","32382.18","115713.01"
"2026-01-18","MY","Penang","MY","Johor","J&T","25882","18395.49","69386.67"
"2026-01-18","ID","East Java","ID","Central Java","DHL","19122","12242.13","33407.96"
"2026-01-18","ID","East Java","ID","East Java","SiCepat","32073","21941.2","45860.82"
"2026-01-18","MY","Penang","MY","Penang","J&T","29637","21009.82","33472.28"
"2026-01-18","ID","East Java","ID","Jakarta","Ninja Van","43419","26924.21","123439.78"
"2026-01-18","ID","East Java","ID","Riau","Pos Indonesia","21426","15902.92","112724.96"
"2026-01-18","ID","East Java","ID","Banten","Pos Indonesia","10594","7275.11","32965.77"
"2026-01-18","MY","Penang","MY","Pahang","Pos Malaysia","10190","8648.96","26393.39"
"2026-01-18","MY","Penang","MY","Perak","Pos Malaysia","12735","11089.58","21515.07"
"2026-01-18","MY","Penang","MY","Sarawak","Ninja Van","14350","11274.91","63241.53"
"2026-01-18","MY","Penang","MY","Selangor","Pos Malaysia","12285","8621.83","28408.65"
"2026-01-18","PH","Northern Mindanao","PH","Northern Mindanao","J&T","34532","28290.35","47140.39"
"2026-01-18","TH","Chonburi","TH","Nonthaburi","Kerry Express","24715","16680.48","36429.61"
"2026-01-18","TH","Chonburi","TH","BKK","Kerry Express","29029","19488.92","43200.15"
"2026-01-18","TH","Chonburi","TH","Songkhla","Kerry Express","16526","13716.55","59533.73"
"2026-01-18","TH","Chonburi","TH","Chiang Mai","J&T","12532","11378.26","36187.34"
"2026-01-18","ID","Banten","ID","North Sumatra","Pos Indonesia","8719","6440.12","42317.47"
"2026-01-18","PH","Ilocos Region","PH","Bicol Region","DHL","35506","30783.67","90040.44"
"2026-01-18","MY","Sabah","MY","Penang","Ninja Van","9243","6481.83","66500.65"
"2026-01-18","MY","Sabah","MY","Pahang","Ninja Van","26568","21424.37","161671.97"
"2026-01-18","MY","Sabah","MY","Negeri Sembilan","Pos Malaysia","22154","17466.45","186542.56"
"2026-01-18","MY","Sabah","MY","Johor","Pos Malaysia","10109","7424.07","76180.65"
"2026-01-18","MY","Sabah","MY","Selangor","Ninja Van","35308","23487.2","234137.08"
"2026-01-18","TH","Unknown","TH","Korat","Ninja Van","0","0.0","0.0"
"2026-01-18","MY","Sabah","MY","Kuala Lumpur","J&T","10265","6932.9","69215.29"
"2026-01-18","MY","Sabah","MY","Sarawak","J&T","34634","27345.27","135155.61"
"2026-01-18","MY","Sabah","MY","Perak","Pos Malaysia","11126","9667.81","97172.97"
"2026-01-18","PH","NCR","PH","Central Luzon","Ninja Van","10843","8304.14","12384.74"
"2026-01-18","PH","NCR","PH","Bicol Region","LBC Express","33252","30903.16","71358.01"
"2026-01-18","PH","NCR","PH","NCR","2GO Express","36758","24709.11","40097.79"
"2026-01-18","PH","NCR","PH","West Visayas","J&T","16384","9583.42","38464.14"
"2026-01-18","PH","NCR","PH","SOCCSKSARGEN","LBC Express","19509","15411.49","94859.93"
"2026-01-18","PH","NCR","PH","Central Visayas","2GO Express","35979","27090.42","88583.9"
"2026-01-18","ID","West Java","ID","Bali","Pos Indonesia","12798","9671.55","43896.34"
"2026-01-18","ID","West Java","ID","North Sumatra","SiCepat","40336","29632.92","268826.91"
"2026-01-18","ID","West Java","ID","West Java","Pos Indonesia","16786","10322.65","17200.52"
"2026-01-18","ID","West Java","ID","Banten","SiCepat","35968","24461.01","71992.06"
"2026-01-18","ID","West Java","ID","South Sulawesi","SiCepat","18738","15330.13","109089.37"
"2026-01-18","TH","","TH","Unknown","Kerry Express","12708","8400.34","68446.42"
"2026-01-18","ID","Unknown","ID","Uknown","SiCepat","38130","19555.32","220229.86"
"2026-01-18","TH","Chiang Mai","TH","Nonthaburi","FedEx","35457","21904.23","100787.46"
"2026-01-18","ID","West Java","ID","Riau","J&T","41949","30251.81","168863.5"
"2026-01-18","ID","Bali","ID","North Sumatra","Ninja Van","27766","21585.45","242572.41"
"2026-01-18","PH","West Visayas","PH","SOCCSKSARGEN","Ninja Van","19474","15276.36","46122.33"
"2026-01-18","PH","West Visayas","PH","Calabarzon","2GO Express","34280","20963.66","70099.57"
"2026-01-18","TH","Nakhon Sawan","TH","Songkhla","J&T","24795","18941.13","113971.14"
"2026-01-18","TH","Nakhon Sawan","TH","Nakhon Sawan","J&T","11780","9084.76","15040.56"
"2026-01-18","PH","West Visayas","PH","Bicol Region","LBC Express","38416","37300.99","86419.16"
"2026-01-18","MY","Negeri Sembilan","MY","Sarawak","Ninja Van","23256","17687.03","98028.38"
"2026-01-18","MY","Negeri Sembilan","MY","Negeri Sembilan","DHL","29667","20371.55","35452.72"
"2026-01-18","MY","Negeri Sembilan","MY","Sabah","Pos Malaysia","19801","17343.43","164165.99"
"2026-01-18","MY","Negeri Sembilan","MY","Kedah","Pos Malaysia","33068","29109.04","106496.34"
"2026-01-18","MY","Negeri Sembilan","MY","Selangor","Ninja Van","16447","11065.88","9089.97"
"2026-01-18","PH","West Visayas","PH","Ilocos Region","J&T","14100","11674.42","39635.38"
"2026-01-18","PH","West Visayas","PH","Central Visayas","LBC Express","38752","29899.59","66073.4"
"2026-01-18","PH","West Visayas","PH","West Visayas","J&T","28953","17055.09","30759.4"
"2026-01-18","PH","West Visayas","PH","Northern Mindanao","2GO Express","24133","21086.46","46524.86"
"2026-01-18","ID","Banten","ID","Bali","Pos Indonesia","29618","23447.75","115795.94"
"2026-01-18","ID","Banten","ID","West Java","J&T","17870","10572.25","27312.47"
"2026-01-18","ID","Banten","ID","Jakarta","J&T","11764","6676.0","14420.09"
"2026-01-18","ID","Banten","ID","East Java","J&T","34364","23598.98","104897.97"
"2026-01-18","ID","Banten","ID","Banten","SiCepat","24135","16606.96","34873.02"
"2026-01-18","TH","Songkhla","TH","Phuket","J&T","34668","21664.19","66746.37"
"2026-01-18","TH","Songkhla","TH","Surat Thani","Kerry Express","32057","28677.38","78271.98"
"2026-01-18","ID","Banten","ID","Central Java","J&T","34638","23009.8","83484.53"
"2026-01-18","PH","West Visayas","PH","Central Luzon","LBC Express","33444","25921.33","103701.47"
"2026-01-18","ID","Uknown","ID","Unknown","DHL","39657","20738.39","178579.52"
"2026-01-18","PH","Uknown","PH","Unknown","J&T","37205","24622.72","169605.16"
"2026-01-18","TH","Nakhon Sawan","TH","Chiang Mai","J&T","32428","28347.37","83684.75"
"2026-01-18","TH","Chiang Mai","TH","Songkhla","J&T","28257","22400.86","157015.12"
"2026-01-18","TH","Chiang Mai","TH","BKK","J&T","23478","14599.65","68559.8"
"2026-01-18","TH","Chiang Mai","TH","Khon Kaen","FedEx","34061","28669.4","90323.01"
"2026-01-18","TH","Chiang Mai","TH","Phuket","J&T","31128","19285.16","151228.38"
"2026-01-18","TH","Chiang Mai","TH","Chiang Mai","Ninja Van","16789","15049.63","21749.89"
"2026-01-18","TH","Chiang Mai","TH","Korat","FedEx","11752","7036.2","34851.09"
"2026-01-18","TH","Chiang Mai","TH","Nakhon Sawan","Ninja Van","21864","17083.42","52486.79"
"2026-01-18","TH","Chiang Mai","TH","Chonburi","Ninja Van","30751","21618.18","94022.69"
"2026-01-18","MY","Sarawak","MY","Sabah","Pos Malaysia","19136","16438.11","88871.48"
"2026-01-18","ID","Riau","ID","Banten","J&T","34362","24718.27","141270.68"
"2026-01-18","ID","Riau","ID","South Sulawesi","Pos Indonesia","32840","28785.75","279055.88"
"2026-01-18","TH","Nonthaburi","TH","Khon Kaen","Ninja Van","32875","27377.12","66492.88"
"2026-01-18","PH","Northern Mindanao","PH","SOCCSKSARGEN","Ninja Van","16652","12710.6","32414.78"
"2026-01-18","TH","Nonthaburi","TH","Chonburi","J&T","24945","16728.89","30103.37"
"2026-01-18","TH","Nonthaburi","TH","Surat Thani","Ninja Van","19220","15688.57","47564.91"
"2026-01-18","MY","Sarawak","MY","Selangor","J&T","35860","23192.98","158187.32"
"2026-01-18","TH","Nonthaburi","TH","BKK","DHL","31826","19405.89","33395.19"
"2026-01-18","PH","Northern Mindanao","PH","Central Visayas","LBC Express","12612","9840.29","30370.62"
"2026-01-18","MY","Sarawak","MY","Kedah","J&T","24116","20410.58","121176.4"
"2026-01-18","PH","Northern Mindanao","PH","NCR","Ninja Van","10639","7041.25","42289.27"
"2026-01-18","TH","Nonthaburi","TH","Phuket","J&T","29030","18947.01","88466.07"
"2026-01-18","MY","Kuala Lumpur","MY","Kedah","Pos Malaysia","16786","15047.36","42476.86"
"2026-01-18","MY","Kuala Lumpur","MY","Sarawak","Pos Malaysia","31488","25273.16","151304.76"
"2026-01-18","ID","Riau","ID","Jakarta","J&T","33114","19406.98","151935.17"
"2026-01-18","ID","Riau","ID","East Java","SiCepat","31154","22043.8","258271.39"
"2026-01-18","MY","Kuala Lumpur","MY","Selangor","Pos Malaysia","31414","21599.31","42005.66"
"2026-01-18","MY","Kuala Lumpur","MY","Kuala Lumpur","Ninja Van","30467","20842.79","32427.4"
"2026-01-18","MY","Perak","MY","Johor","J&T","12215","8768.18","30246.38"
"2026-01-18","MY","Perak","MY","Kuala Lumpur","J&T","21307","14650.9","33643.74"
"2026-01-18","MY","Perak","MY","Selangor","Ninja Van","25604","17228.79","42612.18"
"2026-01-18","TH","Nonthaburi","TH","Songkhla","Ninja Van","32169","26647.11","95749.67"
"2026-01-18","PH","Northern Mindanao","PH","West Visayas","Ninja Van","29566","17827.7","72468.13"
"2026-01-18","MY","Sarawak","MY","Kuala Lumpur","J&T","20769","13912.03","88291.12"
"2026-01-18","ID","Jakarta","ID","South Sulawesi","J&T","35948","30102.31","172915.37"
"2026-01-18","MY","Pahang","MY","Kedah","Pos Malaysia","10822","10065.34","32263.15"
"2026-01-18","MY","Pahang","MY","Perak","Pos Malaysia","27717","24117.41","67047.02"
"2026-01-18","ID","Jakarta","ID","Jakarta","Ninja Van","22699","14706.45","24781.8"
"2026-01-18","ID","Jakarta","ID","North Sumatra","Pos Indonesia","29365","22450.99","146561.26"
"2026-01-18","MY","Pahang","MY","Negeri Sembilan","Ninja Van","33016","25200.67","52521.82"
"2026-01-18","PH","Central Luzon","PH","Bicol Region","J&T","40088","34150.16","79032.05"
"2026-01-18","PH","Calabarzon","PH","Ilocos Region","2GO Express","30831","26842.24","46382.69"
"2026-01-18","PH","Northern Mindanao","PH","Ilocos Region","2GO Express","39567","35244.45","179362.91"
"2026-01-18","PH","Bicol Region","PH","Northern Mindanao","DHL","32117","24379.72","92816.4"
"2026-01-18","ID","Riau","ID","Bali","Pos Indonesia","24339","18687.33","182446.82"
"2026-01-18","MY","Sarawak","MY","Penang","Pos Malaysia","24563","17516.63","151983.13"
"2026-01-18","MY","Sarawak","MY","Pahang","Ninja Van","16917","13024.14","62389.89"
"2026-01-18","ID","Riau","ID","Central Java","Pos Indonesia","33409","23659.12","197001.46"
"2026-01-18","MY","Sabah","MY","Sabah","Pos Malaysia","19364","16851.8","32088.89"
"2026-01-18","TH","Korat","TH","Nonthaburi","Kerry Express","19169","12933.96","35930.17"
"2026-01-18","ID","Bali","ID","Bali","Ninja Van","11837","9200.22","13818.44"
"2026-01-18","TH","Korat","TH","Surat Thani","J&T","36129","29136.74","106006.3"
"2026-01-18","ID","Bali","ID","Central Java","J&T","32594","22056.76","93402.27"
"2026-01-18","TH","Korat","TH","BKK","FedEx","24437","15107.79","37663.35"
"2026-01-18","TH","Korat","TH","Chonburi","J&T","28071","18476.42","42756.93"
"2026-01-18","ID","Bali","ID","East Java","Pos Indonesia","31173","23324.76","62436.85"
"2026-01-18","MY","Johor","MY","Penang","Pos Malaysia","19181","13842.76","60908.86"
"2026-01-18","ID","Bali","ID","Riau","DHL","37055","27188.24","253997.75"
"2026-01-18","ID","Bali","ID","Banten","Pos Indonesia","10952","7724.18","47725.72"
"2026-01-18","ID","Bali","ID","West Java","J&T","26453","16035.83","102605.14"
"2026-01-18","MY","Johor","MY","Negeri Sembilan","J&T","31707","23376.14","52011.04"
"2026-01-18","MY","Johor","MY","Kedah","Ninja Van","37405","31651.28","107790.04"
"2026-01-18","TH","Korat","TH","Khon Kaen","Kerry Express","34579","31314.37","65819.46"
"2026-01-18","TH","Korat","TH","Phuket","J&T","20487","13242.99","69607.71"
"2026-01-18","MY","Johor","MY","Perak","FedEx","18281","13878.57","41902.05"
"2026-01-18","MY","Johor","MY","Sarawak","Pos Malaysia","30747","24304.15","122021.31"
"2026-01-18","MY","Johor","MY","Pahang","J&T","22884","17078.47","40845.02"
"2026-01-18","MY","Johor","MY","Sabah","J&T","32077","26573.41","163458.51"
"2026-01-18","MY","Johor","MY","Selangor","FedEx","31676","19258.87","56404.54"
"2026-01-18","TH","Korat","TH","Korat","J&T","17020","10290.06","17493.71"
"2026-01-18","TH","Korat","TH","Chiang Mai","Ninja Van","30753","28108.77","80028.7"
"2026-01-18","MY","Johor","MY","Johor","Pos Malaysia","37215","27873.6","49342.15"
"2026-01-18","ID","Bali","ID","South Sulawesi","Ninja Van","36809","33026.64","107723.46"
"2026-01-18","TH","Korat","TH","Songkhla","J&T","27320","21176.88","95022.44"
"2026-01-19","MY","Perak","MY","Kuala Lumpur","Pos Malaysia","21076","17610.29","51781.16"
"2026-01-19","MY","Perak","MY","Pahang","Pos Malaysia","7134","7555.38","20708.25"
"2026-01-19","PH","Bicol Region","PH","Ilocos Region","LBC Express","8634","9032.83","31899.32"
"2026-01-19","PH","SOCCSKSARGEN","PH","Ilocos Region","2GO Express","26780","28157.66","164250.57"
"2026-01-19","TH","Khon Kaen","TH","Phuket","DHL","20551","15262.09","115772.16"
"2026-01-19","MY","Sarawak","MY","Sarawak","Ninja Van","10513","10414.52","14596.12"
"2026-01-19","ID","Riau","ID","North Sumatra","Ninja Van","12730","12661.12","40556.26"
"2026-01-19","MY","Sarawak","MY","Kuala Lumpur","Pos Malaysia","12539","9990.44","80189.62"
"2026-01-19","TH","Khon Kaen","TH","BKK","J&T","12699","9074.77","34186.38"
"2026-01-19","TH","Khon Kaen","TH","Songkhla","Kerry Express","14110","14324.46","90490.69"
"2026-01-19","TH","Khon Kaen","TH","Chiang Mai","J&T","11130","10835.18","34533.68"
"2026-01-19","PH","SOCCSKSARGEN","PH","West Visayas","J&T","17260","11510.53","64188.05"
"2026-01-19","ID","","ID","Unknown","Pos Indonesia","26801","18865.95","144428.91"
"2026-01-19","TH","Khon Kaen","TH","Korat","J&T","7911","5716.14","15371.25"
"2026-01-19","PH","SOCCSKSARGEN","PH","Central Luzon","2GO Express","20880","17925.9","125789.27"
"2026-01-19","MY","Perak","MY","Sabah","J&T","23476","23271.67","183335.33"
"2026-01-19","PH","SOCCSKSARGEN","PH","Calabarzon","J&T","16344","10915.09","84954.87"
"2026-01-19","TH","Khon Kaen","TH","Chonburi","DHL","21399","17855.09","62939.45"
"2026-01-19","PH","SOCCSKSARGEN","PH","SOCCSKSARGEN","Ninja Van","8166","7151.6","12652.2"
"2026-01-19","TH","Khon Kaen","TH","Nakhon Sawan","Ninja Van","15864","14957.24","39995.32"
"2026-01-19","PH","SOCCSKSARGEN","PH","NCR","Ninja Van","28229","21006.75","163036.5"
"2026-01-19","PH","SOCCSKSARGEN","PH","Northern Mindanao","Ninja Van","23217","21203.47","55892.5"
"2026-01-19","PH","Bicol Region","PH","Central Visayas","J&T","21781","17858.22","58441.44"
"2026-01-19","PH","Bicol Region","PH","West Visayas","2GO Express","19223","12752.59","48316.39"
"2026-01-19","PH","Bicol Region","PH","NCR","LBC Express","13918","10799.04","44879.68"
"2026-01-19","PH","Bicol Region","PH","Northern Mindanao","DHL","24291","21701.76","83843.42"
"2026-01-19","PH","Bicol Region","PH","Calabarzon","2GO Express","9911","6837.64","22540.23"
"2026-01-19","PH","Bicol Region","PH","Central Luzon","LBC Express","24519","21030.33","84064.04"
"2026-01-19","PH","Bicol Region","PH","SOCCSKSARGEN","2GO Express","22933","20247.56","96122.13"
"2026-01-19","PH","Bicol Region","PH","Bicol Region","J&T","25767","25321.63","35741.54"
"2026-01-19","MY","Uknown","MY","Johor","FedEx","11432","9015.45","59680.63"
"2026-01-19","PH","Central Luzon","PH","Ilocos Region","2GO Express","26406","28001.86","39579.14"
"2026-01-19","PH","Central Luzon","PH","SOCCSKSARGEN","Ninja Van","23786","22535.85","108484.82"
"2026-01-19","PH","Calabarzon","PH","NCR","J&T","10622","8302.26","13496.03"
"2026-01-19","PH","Calabarzon","PH","West Visayas","J&T","27568","18213.59","72148.47"
"2026-01-19","PH","Central Luzon","PH","Bicol Region","LBC Express","12492","13846.24","37585.49"
"2026-01-19","PH","Central Luzon","PH","Unknown","DHL","23938","19098.91","126181.79"
"2026-01-19","PH","Calabarzon","PH","Northern Mindanao","Ninja Van","29081","28060.87","448633.29"
"2026-01-19","PH","Central Luzon","PH","Northern Mindanao","J&T","28392","26445.71","106872.9"
"2026-01-19","ID","East Java","ID","Banten","Pos Indonesia","18773","15372.43","64487.77"
"2026-01-19","TH","Chonburi","TH","Khon Kaen","Kerry Express","7871","8505.25","25420.06"
"2026-01-19","TH","Chonburi","TH","Korat","Ninja Van","19557","14453.9","37296.62"
"2026-01-19","TH","Chonburi","TH","Phuket","Kerry Express","9443","7679.74","41565.07"
"2026-01-19","TH","Khon Kaen","TH","Nonthaburi","Ninja Van","9356","6942.58","26119.5"
"2026-01-19","ID","South Sulawesi","ID","Riau","J&T","27189","22592.56","262658.95"
"2026-01-19","TH","Songkhla","TH","Korat","Ninja Van","9387","6988.29","40577.25"
"2026-01-19","TH","Songkhla","TH","Chiang Mai","Kerry Express","9600","10048.77","71173.2"
"2026-01-19","TH","Songkhla","TH","Khon Kaen","Kerry Express","8640","8979.74","53036.84"
"2026-01-19","TH","Songkhla","TH","BKK","Kerry Express","14398","10547.51","72158.91"
"2026-01-19","TH","Songkhla","TH","Songkhla","Ninja Van","23555","22439.55","33831.9"
"2026-01-19","PH","Calabarzon","PH","Calabarzon","DHL","18749","13049.57","24863.41"
"2026-01-19","PH","Central Luzon","PH","Central Luzon","LBC Express","27510","24629.98","44799.55"
"2026-01-19","PH","Calabarzon","PH","Central Luzon","DHL","21609","18152.15","32428.25"
"2026-01-19","ID","Jakarta","ID","North Sumatra","DHL","14008","12859.24","81383.74"
"2026-01-19","ID","Jakarta","ID","Riau","J&T","15102","13309.63","64826.74"
"2026-01-19","MY","Pahang","MY","Perak","Pos Malaysia","7447","8171.05","21482.26"
"2026-01-19","MY","Pahang","MY","Johor","Pos Malaysia","16316","14919.92","43857.87"
"2026-01-19","MY","Pahang","MY","Sabah","Pos Malaysia","12733","13931.35","100271.14"
"2026-01-19","MY","Pahang","MY","Penang","Pos Malaysia","17845","15592.61","59516.37"
"2026-01-19","ID","Jakarta","ID","South Sulawesi","Pos Indonesia","27228","26414.96","150008.85"
"2026-01-19","ID","Jakarta","ID","Banten","Pos Indonesia","9426","8504.81","13569.14"
"2026-01-19","TH","BKK","TH","Korat","Kerry Express","23737","18185.51","56377.82"
"2026-01-19","TH","BKK","TH","Chiang Mai","Kerry Express","25400","26171.3","97600.15"
"2026-01-19","ID","South Sulawesi","ID","West Java","Ninja Van","26792","20936.07","181635.96"
"2026-01-19","ID","Central Java","ID","South Sulawesi","Pos Indonesia","16426","15368.96","72203.78"
"2026-01-19","MY","Negeri Sembilan","MY","Kuala Lumpur","J&T","20045","15574.5","30088.04"
"2026-01-19","TH","BKK","TH","Phuket","Ninja Van","14558","10749.03","49541.61"
"2026-01-19","ID","Central Java","ID","West Java","J&T","10679","7870.58","23307.09"
"2026-01-19","TH","BKK","TH","Songkhla","Ninja Van","23247","21805.73","84328.08"
"2026-01-19","ID","South Sulawesi","ID","North Sumatra","Pos Indonesia","11219","10280.47","128399.04"
"2026-01-19","TH","BKK","TH","Nakhon Sawan","Ninja Van","20097","17662.67","36651.76"
"2026-01-19","PH","Central Visayas","PH","Bicol Region","Ninja Van","19017","19478.9","43192.41"
"2026-01-19","PH","Central Visayas","PH","Central Visayas","LBC Express","20056","17876.6","32501.23"
"2026-01-19","TH","BKK","TH","BKK","Kerry Express","16593","12207.69","26339.0"
"2026-01-19","ID","South Sulawesi","ID","Central Java","Ninja Van","23006","18598.11","131557.81"
"2026-01-19","ID","Central Java","ID","Central Java","J&T","30433","24076.5","40202.49"
"2026-01-19","ID","South Sulawesi","ID","South Sulawesi","DHL","11875","10472.36","17810.08"
"2026-01-19","PH","Central Visayas","PH","NCR","Ninja Van","20589","14963.1","63272.94"
"2026-01-19","ID","Central Java","ID","East Java","Pos Indonesia","19795","17697.07","38405.37"
"2026-01-19","ID","South Sulawesi","ID","East Java","Pos Indonesia","20467","18037.26","94145.08"
"2026-01-19","PH","Central Visayas","PH","Northern Mindanao","Ninja Van","7525","6797.32","14223.88"
"2026-01-19","TH","BKK","TH","Nonthaburi","Ninja Van","24440","18385.14","28905.46"
"2026-01-19","PH","Central Visayas","PH","Calabarzon","LBC Express","27894","20583.61","98896.08"
"2026-01-19","PH","Central Visayas","PH","Central Luzon","Ninja Van","27534","22968.46","91331.42"
"2026-01-19","MY","Selangor","MY","Johor","Pos Malaysia","11868","10408.45","31491.75"
"2026-01-19","PH","Ilocos Region","PH","Northern Mindanao","Ninja Van","20193","19558.36","108072.19"
"2026-01-19","PH","Ilocos Region","PH","SOCCSKSARGEN","Ninja Van","21240","19422.96","134630.68"
"2026-01-19","PH","Ilocos Region","PH","Ilocos Region","J&T","13004","13179.16","21517.49"
"2026-01-19","PH","Ilocos Region","PH","Central Luzon","2GO Express","25430","22532.41","47759.88"
"2026-01-19","PH","Ilocos Region","PH","Calabarzon","LBC Express","10754","8132.29","30623.22"
"2026-01-19","PH","Ilocos Region","PH","NCR","Ninja Van","25873","20033.81","55680.73"
"2026-01-19","PH","","PH","Uknown","2GO Express","17999","13446.73","99222.6"
"2026-01-19","PH","Ilocos Region","PH","Central Visayas","LBC Express","14541","13651.26","79342.99"
"2026-01-19","ID","North Sumatra","ID","Riau","Pos Indonesia","27622","25641.0","85175.02"
"2026-01-19","ID","North Sumatra","ID","North Sumatra","SiCepat","18581","16358.14","33695.62"
"2026-01-19","ID","North Sumatra","ID","Banten","Ninja Van","18508","15328.09","122604.66"
"2026-01-19","ID","North Sumatra","ID","Bali","J&T","20670","19165.2","213091.19"
"2026-01-19","PH","Northern Mindanao","PH","Calabarzon","LBC Express","26104","19722.05","146535.91"
"2026-01-19","PH","Northern Mindanao","PH","Central Luzon","Ninja Van","20416","17644.4","101103.44"
"2026-01-19","MY","Kuala Lumpur","MY","Johor","Pos Malaysia","18703","16242.17","51360.91"
"2026-01-19","TH","Nonthaburi","TH","Korat","Kerry Express","21718","16983.61","52200.72"
"2026-01-19","MY","Kuala Lumpur","MY","Negeri Sembilan","Ninja Van","19566","15915.32","25059.97"
"2026-01-19","TH","Nonthaburi","TH","Nakhon Sawan","DHL","11151","9868.61","20813.04"
"2026-01-19","PH","Northern Mindanao","PH","Bicol Region","2GO Express","9302","9934.47","36343.95"
"2026-01-19","TH","Nakhon Sawan","TH","Chonburi","Kerry Express","13161","12026.44","42399.96"
"2026-01-19","TH","Nakhon Sawan","TH","Chiang Mai","Kerry Express","19171","20329.89","71364.92"
"2026-01-19","TH","Nakhon Sawan","TH","Surat Thani","Ninja Van","7746","7563.45","33955.64"
"2026-01-19","TH","Nakhon Sawan","TH","Khon Kaen","Ninja Van","18417","18666.28","50562.48"
"2026-01-19","TH","Nakhon Sawan","TH","Nonthaburi","Kerry Express","22423","18128.68","60811.97"
"2026-01-19","MY","Kuala Lumpur","MY","Pahang","Pos Malaysia","8924","9140.69","20999.43"
"2026-01-19","TH","Nonthaburi","TH","Unknown","Ninja Van","15619","11503.1","85320.37"
"2026-01-19","PH","Calabarzon","PH","Ilocos Region","J&T","15942","16119.45","29828.5"
"2026-01-19","MY","Kuala Lumpur","MY","Sabah","J&T","23633","24025.75","148276.69"
"2026-01-19","TH","Surat Thani","TH","Surat Thani","Kerry Express","23019","24395.83","46226.72"
"2026-01-19","TH","Surat Thani","TH","Khon Kaen","Ninja Van","20169","21024.22","96550.2"
"2026-01-19","TH","Surat Thani","TH","Songkhla","Kerry Express","17743","18276.88","54718.83"
"2026-01-19","TH","Surat Thani","TH","Phuket","Ninja Van","20298","16761.32","41730.15"
"2026-01-19","MY","Negeri Sembilan","MY","Perak","J&T","20151","20392.75","44773.5"
"2026-01-19","TH","Surat Thani","TH","Chiang Mai","Ninja Van","16218","16393.68","90544.87"
"2026-01-19","TH","Surat Thani","TH","BKK","Kerry Express","11004","8743.05","49304.43"
"2026-01-19","ID","South Sulawesi","ID","Banten","Pos Indonesia","20225","16841.52","144147.34"
"2026-01-19","ID","Central Java","ID","Banten","Pos Indonesia","16049","13229.24","43794.81"
"2026-01-19","ID","Central Java","ID","Jakarta","Pos Indonesia","28743","20935.01","72982.24"
"2026-01-19","TH","BKK","TH","Chonburi","Kerry Express","7986","7012.5","14357.59"
"2026-01-19","ID","South Sulawesi","ID","Jakarta","Ninja Van","9982","7170.22","70560.87"
"2026-01-19","PH","Central Visayas","PH","SOCCSKSARGEN","LBC Express","23165","21482.92","78602.03"
"2026-01-19","TH","BKK","TH","Khon Kaen","J&T","22757","21277.81","57106.01"
"2026-01-19","TH","Surat Thani","TH","Nakhon Sawan","DHL","23351","21173.61","102413.63"
"2026-01-19","TH","Surat Thani","TH","Nonthaburi","J&T","13960","10267.01","51806.44"
"2026-01-19","MY","Negeri Sembilan","MY","Penang","Ninja Van","22401","17882.18","60264.7"
"2026-01-19","MY","Selangor","MY","Perak","Ninja Van","10661","11174.72","18777.42"
"2026-01-19","TH","Surat Thani","TH","Chonburi","Kerry Express","16789","15892.29","69379.83"
"2026-01-19","MY","Selangor","MY","Sarawak","Ninja Van","21402","21780.36","98526.69"
"2026-01-19","MY","Kedah","MY","Kuala Lumpur","DHL","9338","6933.33","24745.32"
"2026-01-19","MY","Selangor","MY","Sabah","Pos Malaysia","24126","24939.15","209819.08"
"2026-01-19","TH","Nakhon Sawan","TH","Songkhla","DHL","8063","7678.15","44754.69"
"2026-01-19","MY","Selangor","MY","Penang","J&T","12416","10208.82","24976.93"
"2026-01-19","MY","Selangor","MY","Selangor","FedEx","24456","18575.88","31569.78"
"2026-01-19","TH","Phuket","TH","Nonthaburi","J&T","19637","13788.52","68939.66"
"2026-01-19","TH","Phuket","TH","Phuket","J&T","13080","9443.13","15702.63"
"2026-01-19","TH","Phuket","TH","Chonburi","Ninja Van","18040","14932.64","59613.37"
"2026-01-19","MY","Kedah","MY","Penang","FedEx","15622","12375.29","23746.33"
"2026-01-19","TH","Phuket","TH","BKK","Kerry Express","19386","14682.89","82864.38"
"2026-01-19","MY","Kedah","MY","Selangor","Ninja Van","20344","16814.08","53219.12"
"2026-01-19","MY","Kedah","MY","Perak","J&T","15967","17286.61","32661.88"
"2026-01-19","TH","Phuket","TH","Khon Kaen","Ninja Van","18053","17841.35","81261.27"
"2026-01-19","TH","Phuket","TH","Chiang Mai","J&T","11083","10896.63","57676.34"
"2026-01-19","MY","Kedah","MY","Sarawak","Pos Malaysia","17266","19274.84","122254.87"
"2026-01-19","MY","Kedah","MY","Negeri Sembilan","J&T","11272","10053.22","33214.61"
"2026-01-19","TH","Phuket","TH","Nakhon Sawan","Ninja Van","18400","15954.86","72708.04"
"2026-01-19","MY","Perak","MY","Selangor","Ninja Van","12913","10332.62","26247.94"
"2026-01-19","MY","Kedah","MY","Johor","Ninja Van","14462","12669.72","52105.13"
"2026-01-19","TH","Phuket","TH","Korat","FedEx","18124","12786.55","72087.31"
"2026-01-19","MY","Penang","MY","Perak","J&T","9910","10328.26","15774.37"
"2026-01-19","MY","Penang","MY","Kuala Lumpur","Pos Malaysia","8853","7316.84","22559.87"
"2026-01-19","ID","East Java","ID","South Sulawesi","J&T","23915","20972.42","90680.94"
"2026-01-19","ID","East Java","ID","Riau","Pos Indonesia","32259","28152.07","191074.24"
"2026-01-19","MY","Penang","MY","Sarawak","Pos Malaysia","10364","11056.67","63252.11"
"2026-01-19","MY","Penang","MY","Penang","Pos Malaysia","7043","6114.64","11517.91"
"2026-01-19","MY","Penang","MY","Negeri Sembilan","Ninja Van","24321","20388.2","56602.07"
"2026-01-19","ID","East Java","ID","Jakarta","Pos Indonesia","8999","6493.44","29271.02"
"2026-01-19","ID","East Java","ID","Central Java","Pos Indonesia","8283","6619.23","16484.57"
"2026-01-19","MY","Penang","MY","Pahang","Pos Malaysia","18982","19955.27","56931.89"
"2026-01-19","MY","Penang","MY","Selangor","J&T","8002","6337.46","17417.71"
"2026-01-19","MY","Penang","MY","Johor","Pos Malaysia","13919","13013.38","53480.07"
"2026-01-19","MY","Negeri Sembilan","MY","Johor","J&T","11407","9433.49","25738.73"
"2026-01-19","TH","Chonburi","TH","BKK","J&T","6921","4901.74","9530.38"
"2026-01-19","TH","Chonburi","TH","Songkhla","J&T","10267","9547.04","33689.43"
"2026-01-19","TH","Chonburi","TH","Chiang Mai","Kerry Express","16154","17053.22","67730.47"
"2026-01-19","TH","Chonburi","TH","Nonthaburi","J&T","19704","14255.74","26623.97"
"2026-01-19","ID","Banten","ID","North Sumatra","Pos Indonesia","14377","13503.23","83644.64"
"2026-01-19","PH","Ilocos Region","PH","Bicol Region","2GO Express","25133","26743.79","78598.97"
"2026-01-19","MY","Sabah","MY","Perak","Pos Malaysia","24039","26106.35","249676.9"
"2026-01-19","MY","Sabah","MY","Sarawak","Pos Malaysia","22171","23631.39","132845.16"
"2026-01-19","MY","Sabah","MY","Sabah","J&T","13469","13719.39","20305.98"
"2026-01-19","MY","Sabah","MY","Kuala Lumpur","Pos Malaysia","15387","12568.27","158292.36"
"2026-01-19","MY","Sabah","MY","Penang","Pos Malaysia","22031","19711.97","228496.42"
"2026-01-19","MY","Sabah","MY","Negeri Sembilan","Ninja Van","10157","8520.75","78976.11"
"2026-01-19","MY","Sabah","MY","Johor","J&T","17520","14617.83","136220.06"
"2026-01-19","MY","Sabah","MY","Pahang","J&T","24695","24067.93","179962.26"
"2026-01-19","TH","Unknown","TH","Korat","Ninja Van","19408","14201.65","106589.9"
"2026-01-19","MY","Sabah","MY","Selangor","Pos Malaysia","13077","10656.36","131098.6"
"2026-01-19","ID","Riau","ID","West Java","Pos Indonesia","25370","19954.64","150848.72"
"2026-01-19","PH","NCR","PH","NCR","LBC Express","7913","6244.15","12077.78"
"2026-01-19","PH","NCR","PH","SOCCSKSARGEN","DHL","15318","13790.73","64877.73"
"2026-01-19","PH","NCR","PH","Bicol Region","2GO Express","10671","11274.08","23328.08"
"2026-01-19","PH","NCR","PH","West Visayas","2GO Express","16245","11363.95","44758.31"
"2026-01-19","PH","NCR","PH","Central Visayas","Ninja Van","12327","10985.43","36065.11"
"2026-01-19","PH","NCR","PH","Calabarzon","LBC Express","28344","21270.51","45237.27"
"2026-01-19","PH","West Visayas","PH","Bicol Region","2GO Express","10739","11520.22","23897.17"
"2026-01-19","PH","SOCCSKSARGEN","PH","Central Visayas","Ninja Van","15932","13983.23","50690.52"
"2026-01-19","ID","West Java","ID","Bali","Pos Indonesia","31495","30827.37","128193.5"
"2026-01-19","ID","West Java","ID","North Sumatra","Pos Indonesia","15038","14714.65","93231.78"
"2026-01-19","ID","West Java","ID","West Java","J&T","27282","20917.94","36194.91"
"2026-01-19","ID","West Java","ID","Central Java","Ninja Van","19900","16366.81","42706.33"
"2026-01-19","ID","West Java","ID","South Sulawesi","Pos Indonesia","27791","26150.29","148580.26"
"2026-01-19","PH","West Visayas","PH","SOCCSKSARGEN","LBC Express","26422","24850.34","99262.64"
"2026-01-19","PH","West Visayas","PH","Calabarzon","2GO Express","15353","11228.19","37219.9"
"2026-01-19","ID","Unknown","ID",,"SiCepat","0","0.0","0.0"
"2026-01-19","ID","Unknown","ID","Uknown","Pos Indonesia","7765","6966.23","41064.26"
"2026-01-19","TH","Chiang Mai","TH","Nonthaburi","Ninja Van","21001","16065.43","71182.41"
"2026-01-19","PH","West Visayas","PH","Ilocos Region","Ninja Van","23516","25349.23","76334.0"
"2026-01-19","PH","West Visayas","PH","Central Luzon","J&T","21648","17994.16","59205.79"
"2026-01-19","ID","West Java","ID","Banten","Pos Indonesia","10083","8332.17","16958.58"
"2026-01-19","ID","West Java","ID","Riau","Ninja Van","20554","18660.26","99990.27"
"2026-01-19","ID","Bali","ID","North Sumatra","Pos Indonesia","11367","10874.92","116799.02"
"2026-01-19","ID","North Sumatra","ID","East Java","Pos Indonesia","28110","25464.91","266649.66"
"2026-01-19","MY","Kedah","MY","Kedah","DHL","9949","10150.77","14342.59"
"2026-01-19","MY","Negeri Sembilan","MY","Selangor","Pos Malaysia","13831","11064.3","28940.57"
"2026-01-19","MY","Negeri Sembilan","MY","Sarawak","Pos Malaysia","8643","9486.1","53505.13"
"2026-01-19","MY","Negeri Sembilan","MY","Negeri Sembilan","J&T","12736","10288.74","18146.43"
"2026-01-19","MY","Negeri Sembilan","MY","Pahang","Pos Malaysia","21448","21289.61","56452.84"
"2026-01-19","MY","Negeri Sembilan","MY","Sabah","Ninja Van","10524","10957.41","80674.33"
"2026-01-19","MY","Negeri Sembilan","MY","Kedah","Pos Malaysia","13708","14229.13","53070.0"
"2026-01-19","PH","West Visayas","PH","West Visayas","DHL","12601","8914.04","15806.46"
"2026-01-19","TH","Nakhon Sawan","TH","Nakhon Sawan","J&T","11587","10304.91","17550.35"
"2026-01-19","ID","Banten","ID","East Java","Ninja Van","25380","23706.2","90235.93"
"2026-01-19","PH","West Visayas","PH","Central Visayas","2GO Express","25738","23814.54","44270.21"
"2026-01-19","ID","Banten","ID","Central Java","DHL","22746","17083.89","60296.35"
"2026-01-19","PH","West Visayas","PH","Northern Mindanao","Ninja Van","14396","13671.54","32215.36"
"2026-01-19","ID","Banten","ID","Bali","SiCepat","10504","10051.59","64698.5"
"2026-01-19","ID","Banten","ID","Banten","Pos Indonesia","16932","14033.67","22107.36"
"2026-01-19","ID","Banten","ID","West Java","Ninja Van","19612","15518.53","35551.75"
"2026-01-19","TH","Songkhla","TH","Phuket","Ninja Van","17869","13637.12","40302.91"
"2026-01-19","TH","Songkhla","TH","Surat Thani","Kerry Express","21716","22233.2","60802.12"
"2026-01-19","TH","Songkhla","TH","Chonburi","J&T","24898","20449.9","91692.6"
"2026-01-19","ID","Banten","ID","Jakarta","DHL","19300","13018.88","27857.25"
"2026-01-19","MY","Selangor","MY","Kuala Lumpur","J&T","8553","6872.02","10129.53"
"2026-01-19","ID","Uknown","ID","","Pos Indonesia","9482","6422.58","52044.31"
"2026-01-19","TH","Nakhon Sawan","TH","BKK","J&T","12506","8735.95","28371.92"
"2026-01-19","TH","Chiang Mai","TH","Chonburi","J&T","12169","10353.11","43618.23"
"2026-01-19","TH","Chiang Mai","TH","BKK","Ninja Van","21455","14870.78","72553.75"
"2026-01-19","TH","Chiang Mai","TH","Phuket","Kerry Express","8807","7307.98","67631.83"
"2026-01-19","TH","Chiang Mai","TH","Korat","J&T","16041","11546.2","55057.81"
"2026-01-19","TH","Chiang Mai","TH","Chiang Mai","Kerry Express","8859","9423.84","15936.73"
"2026-01-19","TH","Chiang Mai","TH","Songkhla","J&T","18212","16823.33","109683.05"
"2026-01-19","TH","Chiang Mai","TH","Nakhon Sawan","Ninja Van","14174","12787.68","39026.6"
"2026-01-19","TH","Chiang Mai","TH","Khon Kaen","Ninja Van","16762","17095.97","50888.46"
"2026-01-19","PH","Northern Mindanao","PH","West Visayas","J&T","24461","16173.26","67564.07"
"2026-01-19","PH","Northern Mindanao","PH","SOCCSKSARGEN","J&T","25008","22679.22","61084.55"
"2026-01-19","TH","Nonthaburi","TH","Khon Kaen","Kerry Express","19941","21458.32","60606.77"
"2026-01-19","MY","Kuala Lumpur","MY","Penang","DHL","14071","10283.2","28976.68"
"2026-01-19","TH","Nonthaburi","TH","Chonburi","J&T","12745","10770.92","18546.1"
"2026-01-19","PH","Northern Mindanao","PH","Central Visayas","2GO Express","10690","9612.6","25615.31"
"2026-01-19","TH","Nonthaburi","TH","BKK","Kerry Express","22363","16803.21","33202.41"
"2026-01-19","PH","Northern Mindanao","PH","NCR","Ninja Van","23162","17707.67","107376.14"
"2026-01-19","MY","Kuala Lumpur","MY","Kedah","Ninja Van","15547","15495.63","36305.14"
"2026-01-19","TH","Nonthaburi","TH","Songkhla","J&T","11650","10769.84","40963.46"
"2026-01-19","PH","Northern Mindanao","PH","Northern Mindanao","2GO Express","19735","19269.38","30009.08"
"2026-01-19","MY","Kuala Lumpur","MY","Kuala Lumpur","Pos Malaysia","8560","7127.0","14418.67"
"2026-01-19","TH","Nonthaburi","TH","Nonthaburi","Ninja Van","21656","16134.86","28775.91"
"2026-01-19","PH","Northern Mindanao","PH","Ilocos Region","2GO Express","8057","8625.42","45150.49"
"2026-01-19","MY","Kuala Lumpur","MY","Selangor","J&T","7338","5577.96","8793.81"
"2026-01-19","TH","Nonthaburi","TH","Surat Thani","J&T","7247","7051.87","22304.17"
"2026-01-19","MY","Kuala Lumpur","MY","Sarawak","Pos Malaysia","23703","24609.25","124974.48"
"2026-01-19","MY","Perak","MY","Penang","J&T","21306","17917.94","36534.96"
"2026-01-19","MY","Perak","MY","Johor","Ninja Van","22926","19548.48","66798.47"
"2026-01-19","ID","Riau","ID","East Java","Pos Indonesia","15574","14495.41","113548.96"
"2026-01-19","MY","Sarawak","MY","Penang","Ninja Van","19718","15934.27","115300.74"
"2026-01-19","MY","Sarawak","MY","Unknown","Ninja Van","12316","8880.48","72827.81"
"2026-01-19","ID","Riau","ID","South Sulawesi","Pos Indonesia","27140","26793.03","275299.83"
"2026-01-19","MY","Sarawak","MY","Kedah","Ninja Van","17735","17613.89","12820.92"
"2026-01-19","ID","Riau","ID","Bali","SiCepat","10746","10168.25","120938.21"
"2026-01-19","MY","Sarawak","MY","Sabah","Pos Malaysia","16644","17463.98","85682.16"
"2026-01-19","MY","Pahang","MY","Pahang","FedEx","14182","12909.41","20008.27"
"2026-01-19","ID","Jakarta","ID","Jakarta","Pos Indonesia","24180","17968.63","31109.55"
"2026-01-19","MY","Pahang","MY","Selangor","Pos Malaysia","11749","10319.44","29366.04"
"2026-01-19","MY","Pahang","MY","Kedah","Pos Malaysia","17643","18817.67","59320.86"
"2026-01-19","MY","Pahang","MY","Sarawak","Ninja Van","18118","19114.4","75651.63"
"2026-01-19","MY","Pahang","MY","Negeri Sembilan","FedEx","16235","12985.36","31186.31"
"2026-01-19","PH","Central Luzon","PH","NCR","2GO Express","19545","15557.36","25576.69"
"2026-01-19","PH","Central Luzon","PH","West Visayas","Ninja Van","16386","11318.45","46840.71"
"2026-01-19","ID","Riau","ID","Central Java","J&T","24767","19538.98","165351.52"
"2026-01-19","MY","Sarawak","MY","Selangor","J&T","24551","19127.32","120015.27"
"2026-01-19","TH","Korat","TH","Surat Thani","Ninja Van","17203","17123.79","59246.91"
"2026-01-19","ID","Bali","ID","East Java","Pos Indonesia","18249","16961.91","46239.51"
"2026-01-19","ID","Riau","ID","Jakarta","Pos Indonesia","15542","11423.47","83078.51"
"2026-01-19","TH","Korat","TH","Khon Kaen","J&T","14392","14395.55","24148.8"
"2026-01-19","ID","Riau","ID","Banten","J&T","22793","18349.43","111956.61"
"2026-01-19","TH","Korat","TH","BKK","Ninja Van","20942","14990.79","37664.18"
"2026-01-19","ID","Bali","ID","Central Java","Pos Indonesia","13715","11514.52","45375.75"
"2026-01-19","ID","Bali","ID","South Sulawesi","J&T","25972","23722.15","94413.88"
"2026-01-19","TH","Korat","TH","Chonburi","DHL","24026","20102.71","42995.3"
"2026-01-19","MY","Johor","MY","Sarawak","Pos Malaysia","19297","20009.26","88296.55"
"2026-01-19","ID","Bali","ID","Riau","Pos Indonesia","24524","22875.73","192801.12"
"2026-01-19","ID","Bali","ID","Banten","Pos Indonesia","7325","6312.46","39308.97"
"2026-01-19","ID","Bali","ID","West Java","Pos Indonesia","26599","21862.59","126434.7"
"2026-01-19","MY","Johor","MY","Penang","Pos Malaysia","19079","16107.57","69643.49"
"2026-01-19","MY","Johor","MY","Kedah","J&T","20856","21250.72","66324.6"
"2026-01-19","TH","Korat","TH","Phuket","FedEx","19920","14926.27","82719.02"
"2026-01-19","MY","Johor","MY","Negeri Sembilan","Ninja Van","23125","18702.42","46501.79"
"2026-01-19","MY","Johor","MY","Perak","Pos Malaysia","12823","13901.09","44114.63"
"2026-01-19","MY","Johor","MY","Sabah","Pos Malaysia","10582","11157.83","80755.67"
"2026-01-19","MY","Johor","MY","Selangor","J&T","18682","14213.34","41303.33"
"2026-01-19","MY","Johor","MY","Pahang","Pos Malaysia","18462","18750.73","45824.94"
"2026-01-19","TH","Korat","TH","Nonthaburi","Kerry Express","15863","12982.83","37143.32"
"2026-01-19","TH","Korat","TH","Korat","J&T","23443","17597.16","30120.14"
"2026-01-19","ID","Bali","ID","Bali","J&T","9912","9756.8","14360.97"
"2026-01-19","TH","Korat","TH","Chiang Mai","Kerry Express","24985","27155.92","90923.43"
"2026-01-19","TH","Korat","TH","Songkhla","Ninja Van","15136","15542.88","58608.31"
"2026-01-20","TH","Korat","TH","Chiang Mai","J&T","16057","15302.07","42480.04"
"2026-01-20","PH","Central Luzon","PH","Central Visayas","LBC Express","22490","18564.45","86546.82"
"2026-01-20","TH","Khon Kaen","TH","Songkhla","Ninja Van","13739","11250.05","65592.62"
"2026-01-20","MY","Perak","MY","Pahang","Pos Malaysia","14739","13395.26","39937.81"
"2026-01-20","PH","SOCCSKSARGEN","PH","Northern Mindanao","Ninja Van","26802","23613.66","60059.53"
"2026-01-20","MY","Perak","MY","Kuala Lumpur","Pos Malaysia","17666","14303.32","41459.66"
"2026-01-20","MY","Perak","MY","Penang","FedEx","27667","19347.28","43195.54"
"2026-01-20","MY","Perak","MY","Selangor","Ninja Van","21410","16782.4","38457.61"
"2026-01-20","MY","Perak","MY","Johor","Pos Malaysia","8055","6338.83","28320.17"
"2026-01-20","TH","Khon Kaen","TH","Nakhon Sawan","Ninja Van","19845","16570.34","43599.58"
"2026-01-20","TH","Khon Kaen","TH","Nonthaburi","Ninja Van","14405","10612.24","35616.81"
"2026-01-20","PH","SOCCSKSARGEN","PH","NCR","LBC Express","22446","16308.07","138385.09"
"2026-01-20","TH","Khon Kaen","TH","BKK","Ninja Van","20526","13925.84","55642.98"
"2026-01-20","PH","SOCCSKSARGEN","PH","Central Visayas","J&T","23166","17240.47","71150.5"
"2026-01-20","PH","SOCCSKSARGEN","PH","West Visayas","LBC Express","29252","19559.65","22346.83"
"2026-01-20","TH","Khon Kaen","TH","Chiang Mai","J&T","13537","12481.69","41098.8"
"2026-01-20","TH","Khon Kaen","TH","Korat","J&T","17607","11745.21","31544.96"
"2026-01-20","MY","Johor","MY","Perak","Ninja Van","25036","24138.6","59905.21"
"2026-01-20","TH","Korat","TH","Songkhla","Kerry Express","26657","23518.02","119527.94"
"2026-01-20","PH","Central Luzon","PH","","LBC Express","21520","14141.11","130242.28"
"2026-01-20","PH","SOCCSKSARGEN","PH","Central Luzon","J&T","30111","23816.92","164305.69"
"2026-01-20","TH","Khon Kaen","TH","Chonburi","J&T","10246","7524.69","25480.13"
"2026-01-20","PH","SOCCSKSARGEN","PH","SOCCSKSARGEN","Ninja Van","14115","10473.38","20069.93"
"2026-01-20","TH","Khon Kaen","TH","Phuket","Ninja Van","18974","13027.43","97624.64"
"2026-01-20","MY","Sarawak","MY","Kuala Lumpur","Ninja Van","12392","9898.29","57430.98"
"2026-01-20","ID","Riau","ID","West Java","DHL","29304","19485.31","153406.66"
"2026-01-20","MY","Sarawak","MY","Sarawak","J&T","27413","25934.27","33979.42"
"2026-01-20","PH","Bicol Region","PH","West Visayas","2GO Express","19686","12185.39","49032.32"
"2026-01-20","PH","Bicol Region","PH","SOCCSKSARGEN","J&T","9691","6936.03","38884.28"
"2026-01-20","PH","Central Luzon","PH","SOCCSKSARGEN","2GO Express","24950","19156.89","104842.24"
"2026-01-20","PH","Bicol Region","PH","Central Visayas","J&T","16252","12124.39","42502.56"
"2026-01-20","PH","Bicol Region","PH","Bicol Region","Ninja Van","16017","13685.73","21104.91"
"2026-01-20","PH","Bicol Region","PH",,"2GO Express","0","0.0","0.0"
"2026-01-20","PH","Bicol Region","PH","Northern Mindanao","J&T","28646","24102.06","93645.31"
"2026-01-20","PH","Bicol Region","PH","Ilocos Region","2GO Express","26763","26231.68","74431.99"
"2026-01-20","PH","Bicol Region","PH","Central Luzon","J&T","26708","20899.65","63525.55"
"2026-01-20","PH","Calabarzon","PH","West Visayas","J&T","18907","11725.16","42536.97"
"2026-01-20","PH","Calabarzon","PH","Ilocos Region","LBC Express","22277","23062.82","49567.58"
"2026-01-20","PH","Central Luzon","PH","West Visayas","DHL","14170","8705.15","38633.11"
"2026-01-20","PH","Central Luzon","PH","Bicol Region","J&T","28571","25269.5","58392.3"
"2026-01-20","PH","Central Luzon","PH","NCR","LBC Express","12076","9011.9","18394.9"
"2026-01-20","PH","Calabarzon","PH","NCR","J&T","18313","12992.29","22515.17"
"2026-01-20","PH","Central Luzon","PH","Northern Mindanao","Ninja Van","18175","16456.15","69384.87"
"2026-01-20","PH","Calabarzon","PH","Northern Mindanao","J&T","30755","27342.9","104222.03"
"2026-01-20","TH","Chonburi","TH","Khon Kaen","Ninja Van","11064","10758.95","24852.12"
"2026-01-20","TH","Chonburi","TH","Phuket","Kerry Express","8790","6304.83","35117.86"
"2026-01-20","TH","Songkhla","TH","Songkhla","J&T","7326","5892.35","9351.12"
"2026-01-20","TH","Songkhla","TH","Khon Kaen","Ninja Van","17163","16624.33","82248.3"
"2026-01-20","TH","Songkhla","TH","Chiang Mai","J&T","25928","24441.87","145026.33"
"2026-01-20","PH","Calabarzon","PH","Calabarzon","Ninja Van","12289","9054.44","14603.21"
"2026-01-20","PH","Calabarzon","PH","Central Luzon","Ninja Van","10669","9077.76","14990.06"
"2026-01-20","PH","Central Luzon","PH","Central Luzon","2GO Express","22496","19301.09","26618.55"
"2026-01-20","PH","SOCCSKSARGEN","PH","Ilocos Region","LBC Express","25948","25268.77","183862.05"
"2026-01-20","ID","Jakarta","ID","West Java","SiCepat","26799","18442.55","46969.37"
"2026-01-20","MY","Pahang","MY","Perak","Pos Malaysia","15046","15072.93","40153.93"
"2026-01-20","MY","Pahang","MY","Sarawak","DHL","10160","8950.06","39416.57"
"2026-01-20","ID","Jakarta","ID","Riau","Pos Indonesia","9975","8723.74","38182.35"
"2026-01-20","PH","Bicol Region","PH","NCR","LBC Express","16068","11755.32","44670.51"
"2026-01-20","MY","Johor","MY","Pahang","Pos Malaysia","10120","9287.68","23925.31"
"2026-01-20","ID","Jakarta","ID","South Sulawesi","J&T","18179","16215.89","101519.78"
"2026-01-20","MY","Pahang","MY","Johor","Pos Malaysia","25673","21126.4","64362.37"
"2026-01-20","PH","Central Visayas","PH","Central Visayas","J&T","29376","21584.24","32596.91"
"2026-01-20","ID","Central Java","ID","East Java","DHL","32910","26795.71","59860.19"
"2026-01-20","MY","Negeri Sembilan","MY","Kuala Lumpur","Pos Malaysia","12396","9925.81","21881.78"
"2026-01-20","ID","South Sulawesi","ID","East Java","SiCepat","20507","16209.43","106905.54"
"2026-01-20","PH","Central Visayas","PH","Central Luzon","J&T","29739","23153.59","88275.54"
"2026-01-20","ID","South Sulawesi","ID","West Java","Pos Indonesia","24987","17133.52","155599.17"
"2026-01-20","ID","Central Java","ID","West Java","Pos Indonesia","22598","15607.89","43832.3"
"2026-01-20","ID","Central Java","ID","Jakarta","Pos Indonesia","32191","21802.09","71300.37"
"2026-01-20","ID","South Sulawesi","ID","Jakarta","Ninja Van","27185","17841.98","168947.46"
"2026-01-20","TH","BKK","TH","Phuket","J&T","29150","18874.47","93036.6"
"2026-01-20","ID","South Sulawesi","ID","North Sumatra","Ninja Van","27621","23516.27","292703.8"
"2026-01-20","TH","BKK","TH","Nakhon Sawan","Ninja Van","24712","21105.42","43598.74"
"2026-01-20","PH","Central Visayas","PH","Bicol Region","2GO Express","22246","20192.67","49059.98"
"2026-01-20","TH","BKK","TH","Korat","J&T","11841","7722.7","20564.14"
"2026-01-20","ID","South Sulawesi","ID","Central Java","SiCepat","17742","13767.34","119804.78"
"2026-01-20","ID","South Sulawesi","ID","South Sulawesi","SiCepat","24047","20800.37","44745.75"
"2026-01-20","ID","Central Java","ID","Central Java","SiCepat","26693","20867.58","40590.19"
"2026-01-20","ID","Central Java","ID","South Sulawesi","SiCepat","32249","27891.12","177129.2"
"2026-01-20","PH","Central Visayas","PH","NCR","2GO Express","24738","17570.03","66149.26"
"2026-01-20","TH","BKK","TH","BKK","Kerry Express","24356","16978.1","36325.35"
"2026-01-20","TH","BKK","TH","Nonthaburi","Ninja Van","14755","10661.86","16173.54"
"2026-01-20","PH","Central Visayas","PH","Northern Mindanao","2GO Express","10361","9536.99","18203.32"
"2026-01-20","ID","Jakarta","ID","Banten","DHL","28938","19553.32","38803.32"
"2026-01-20","MY","Pahang","MY","Selangor","Ninja Van","19404","14950.95","37669.07"
"2026-01-20","ID","Bali","ID","Banten","J&T","28175","19034.85","137407.56"
"2026-01-20","MY","Selangor","MY","Johor","Ninja Van","11479","8808.45","22007.05"
"2026-01-20","PH","NCR","PH","Unknown","LBC Express","9314","5701.51","60236.65"
"2026-01-20","MY","Pahang","MY","Sabah","J&T","25866","23214.02","152474.29"
"2026-01-20","PH","Central Visayas","PH","Calabarzon","J&T","10276","6930.27","27975.26"
"2026-01-20","PH","Ilocos Region","PH","NCR","LBC Express","16435","12324.48","39312.09"
"2026-01-20","PH","Ilocos Region","PH","Central Visayas","2GO Express","16445","13254.11","63416.67"
"2026-01-20","PH","","PH","West Visayas","J&T","27849","16674.74","143839.0"
"2026-01-20","MY","Unknown","MY","Kuala Lumpur","Ninja Van","27015","21378.07","132352.23"
"2026-01-20","PH","Ilocos Region","PH","Northern Mindanao","LBC Express","12968","12866.02","77282.0"
"2026-01-20","PH","Ilocos Region","PH","SOCCSKSARGEN","Ninja Van","28226","21463.38","165183.54"
"2026-01-20","PH","Ilocos Region","PH","Calabarzon","LBC Express","21002","15994.99","53543.39"
"2026-01-20","PH","Ilocos Region","PH","Central Luzon","J&T","29686","25534.49","52790.34"
"2026-01-20","PH","Ilocos Region","PH","Ilocos Region","J&T","27122","25578.53","37978.7"
"2026-01-20","ID","North Sumatra","ID","East Java","Ninja Van","19570","16122.12","159981.71"
"2026-01-20","ID","North Sumatra","ID","Riau","Pos Indonesia","16342","13706.45","49867.37"
"2026-01-20","MY","Kuala Lumpur","MY","Pahang","Ninja Van","11067","9392.48","18531.69"
"2026-01-20","MY","Kuala Lumpur","MY","Penang","Pos Malaysia","18293","14151.85","44322.35"
"2026-01-20","PH","Northern Mindanao","PH","Central Luzon","2GO Express","17821","15456.36","82557.18"
"2026-01-20","PH","Northern Mindanao","PH","Calabarzon","J&T","16723","11974.28","69455.77"
"2026-01-20","ID","North Sumatra","ID","West Java","Ninja Van","17779","13086.26","123648.54"
"2026-01-20","ID","North Sumatra","ID","North Sumatra","DHL","26449","20459.37","37443.79"
"2026-01-20","ID","North Sumatra","ID","Bali","Pos Indonesia","7750","6089.21","74322.28"
"2026-01-20","TH","Nonthaburi","TH","Nakhon Sawan","Ninja Van","15797","13351.57","28062.08"
"2026-01-20","MY","Kuala Lumpur","MY","Negeri Sembilan","Pos Malaysia","11372","9851.88","17227.53"
"2026-01-20","PH","Northern Mindanao","PH","Bicol Region","LBC Express","22279","20525.16","98704.1"
"2026-01-20","TH","Nakhon Sawan","TH","Chonburi","Ninja Van","7919","5854.27","18251.0"
"2026-01-20","TH","Nakhon Sawan","TH","BKK","Ninja Van","18620","12617.08","41549.29"
"2026-01-20","TH","Nakhon Sawan","TH","Korat","J&T","15038","10051.98","31814.99"
"2026-01-20","TH","Nakhon Sawan","TH","Chiang Mai","Kerry Express","12760","13035.54","42747.65"
"2026-01-20","TH","Nakhon Sawan","TH","Surat Thani","Ninja Van","20719","18614.29","83131.73"
"2026-01-20","TH","Nakhon Sawan","TH","Nonthaburi","DHL","22450","16101.81","49260.49"
"2026-01-20","TH","Nakhon Sawan","TH","Khon Kaen","J&T","9777","9081.42","23872.0"
"2026-01-20","TH","Korat","TH","Surat Thani","Ninja Van","27246","24190.81","89928.41"
"2026-01-20","TH","Surat Thani","TH","Songkhla","Ninja Van","8836","7519.21","20093.63"
"2026-01-20","TH","Surat Thani","TH","Surat Thani","FedEx","23727","20668.92","32789.9"
"2026-01-20","TH","Surat Thani","TH","Khon Kaen","Ninja Van","9532","9314.69","45846.21"
"2026-01-20","TH","BKK","TH","Chiang Mai","J&T","23584","22522.16","70275.08"
"2026-01-20","MY","Negeri Sembilan","MY","Johor","Pos Malaysia","8049","6287.36","22549.23"
"2026-01-20","TH","BKK","TH","Khon Kaen","J&T","28884","26005.88","68291.28"
"2026-01-20","PH","Central Visayas","PH","SOCCSKSARGEN","Ninja Van","20017","14459.74","48886.97"
"2026-01-20","ID","South Sulawesi","ID","Banten","SiCepat","21899","14364.21","197529.93"
"2026-01-20","ID","Central Java","ID","Banten","Pos Indonesia","32879","22530.0","82149.7"
"2026-01-20","ID","South Sulawesi","ID","Riau","Ninja Van","30235","25426.73","274953.96"
"2026-01-20","TH","BKK","TH","Songkhla","Kerry Express","11993","10203.31","50098.8"
"2026-01-20","TH","BKK","TH","Chonburi","J&T","17552","12468.32","21618.63"
"2026-01-20","ID","North Sumatra","ID","Banten","Pos Indonesia","27081","18796.13","161947.71"
"2026-01-20","MY","Negeri Sembilan","MY","Pahang","Pos Malaysia","24382","22173.53","62807.13"
"2026-01-20","MY","Negeri Sembilan","MY","Sabah","Pos Malaysia","24646","23882.14","231435.05"
"2026-01-20","MY","Negeri Sembilan","MY","Penang","Ninja Van","21294","15817.17","52728.36"
"2026-01-20","TH","Phuket","TH","Nonthaburi","J&T","18438","12612.66","58202.87"
"2026-01-20","TH","Surat Thani","TH","Chiang Mai","Ninja Van","20115","19541.86","105215.35"
"2026-01-20","MY","Kedah","MY","Kuala Lumpur","Pos Malaysia","20405","17011.46","62383.93"
"2026-01-20","TH","Phuket","TH","BKK","Ninja Van","8814","5728.43","27481.49"
"2026-01-20","TH","Phuket","TH","Chonburi","J&T","7246","5166.71","22656.66"
"2026-01-20","MY","Kedah","MY","Johor","Ninja Van","13888","10944.78","47846.07"
"2026-01-20","TH","Phuket","TH","Korat","J&T","21131","13451.0","81335.33"
"2026-01-20","TH","Phuket","TH","Khon Kaen","Kerry Express","15221","14633.48","84638.34"
"2026-01-20","TH","Phuket","TH","Chiang Mai","Kerry Express","10739","10302.77","65292.52"
"2026-01-20","MY","Kedah","MY","Penang","J&T","24298","19005.16","36840.71"
"2026-01-20","MY","Kedah","MY","Selangor","Pos Malaysia","15269","12547.81","47022.39"
"2026-01-20","MY","Selangor","MY","Kuala Lumpur","FedEx","27651","19718.28","32421.27"
"2026-01-20","MY","Selangor","MY","Selangor","Pos Malaysia","12916","10421.47","18573.64"
"2026-01-20","MY","Kedah","MY","Kedah","J&T","14261","13034.97","18406.66"
"2026-01-20","MY","Selangor","MY","Penang","DHL","20531","14254.33","42166.91"
"2026-01-20","MY","Selangor","MY","Sarawak","Ninja Van","17487","16435.56","69666.87"
"2026-01-20","MY","Kedah","MY","Sarawak","Pos Malaysia","22440","24411.14","149521.33"
"2026-01-20","MY","Selangor","MY","Perak","Pos Malaysia","14218","14190.32","29454.51"
"2026-01-20","MY","Selangor","MY","Sabah","Pos Malaysia","14334","13336.91","111714.45"
"2026-01-20","TH","Phuket","TH","Phuket","Kerry Express","7569","5258.24","11146.5"
"2026-01-20","TH","Phuket","TH","Nakhon Sawan","DHL","14323","11169.94","54850.11"
"2026-01-20","MY","Kedah","MY","Negeri Sembilan","J&T","23800","20789.69","64106.87"
"2026-01-20","MY","Kedah","MY","Perak","DHL","9135","8239.81","16283.71"
"2026-01-20","TH","Nakhon Sawan","TH","Songkhla","Ninja Van","18902","15700.33","90872.49"
"2026-01-20","TH","Nakhon Sawan","TH","Nakhon Sawan","Kerry Express","24141","21452.05","44100.02"
"2026-01-20","PH","West Visayas","PH","Bicol Region","2GO Express","30607","27320.49","59326.74"
"2026-01-20","TH","Surat Thani","TH","Nonthaburi","Ninja Van","7306","5393.07","23813.04"
"2026-01-20","TH","Surat Thani","TH","Phuket","J&T","12152","8150.68","23292.12"
"2026-01-20","TH","Surat Thani","TH","Nakhon Sawan","Kerry Express","18753","17588.95","92786.81"
"2026-01-20","MY","Penang","MY","Uknown","Pos Malaysia","24780","20693.54","148531.2"
"2026-01-20","ID","East Java","ID","South Sulawesi","DHL","12718","10632.32","43652.26"
"2026-01-20","MY","Penang","MY","Kuala Lumpur","J&T","26696","20710.6","53968.77"
"2026-01-20","MY","Penang","MY","Johor","Pos Malaysia","10816","8768.99","37994.88"
"2026-01-20","ID","East Java","ID","Central Java","SiCepat","25527","20167.5","64287.88"
"2026-01-20","MY","Penang","MY","Pahang","FedEx","21299","17248.04","48437.42"
"2026-01-20","ID","East Java","ID","Jakarta","Pos Indonesia","18244","12171.1","59279.87"
"2026-01-20","MY","Penang","MY","Selangor","Ninja Van","13477","10515.33","26593.13"
"2026-01-20","MY","Penang","MY","Perak","Pos Malaysia","21663","21558.17","37992.66"
"2026-01-20","MY","Penang","MY","Penang","J&T","8315","6216.87","10043.77"
"2026-01-20","ID","East Java","ID","East Java","J&T","8714","6827.12","10217.04"
"2026-01-20","ID","East Java","ID","Riau","J&T","22522","17837.45","132195.83"
"2026-01-20","ID","East Java","ID","Banten","SiCepat","31905","21403.52","137906.5"
"2026-01-20","MY","Penang","MY","Negeri Sembilan","DHL","13020","10184.28","27101.34"
"2026-01-20","TH","Surat Thani","TH","Chonburi","Kerry Express","18231","14361.72","68732.11"
"2026-01-20","TH","Chonburi","TH","BKK","Kerry Express","25868","18690.59","40410.56"
"2026-01-20","TH","Chonburi","TH","Nonthaburi","Ninja Van","16928","12328.27","21430.66"
"2026-01-20","TH","Chonburi","TH","Korat","Kerry Express","14231","10489.96","30228.82"
"2026-01-20","TH","Chonburi","TH","Songkhla","FedEx","13897","11398.11","45774.91"
"2026-01-20","TH","Chonburi","TH","Chiang Mai","Kerry Express","23388","23558.42","85271.33"
"2026-01-20","ID","Uknown","ID","Central Java","J&T","23463","18754.97","110036.07"
"2026-01-20","ID","Banten","ID","North Sumatra","Pos Indonesia","14555","11754.18","79921.4"
"2026-01-20","TH","Surat Thani","TH","BKK","J&T","16700","11081.98","52630.6"
"2026-01-20","MY","Sabah","MY","Penang","J&T","26491","20092.15","200741.58"
"2026-01-20","PH","Ilocos Region","PH","Bicol Region","2GO Express","12719","11508.67","38396.35"
"2026-01-20","MY","Sabah","MY","Sarawak","J&T","26140","24986.28","112299.1"
"2026-01-20","MY","Sabah","MY","Pahang","Pos Malaysia","14498","13198.13","125574.67"
"2026-01-20","MY","Sabah","MY","Selangor","Pos Malaysia","15545","13034.7","147805.62"
"2026-01-20","MY","Sabah","MY","Johor","J&T","28795","21385.7","194633.69"
"2026-01-20","MY","Sabah","MY","Negeri Sembilan","DHL","19943","15948.3","144323.06"
"2026-01-20","MY","Sabah","MY","Perak","FedEx","8268","7201.83","62622.8"
"2026-01-20","MY","Sabah","MY","Sabah","Pos Malaysia","25281","23953.81","47628.18"
"2026-01-20","PH","West Visayas","PH","Ilocos Region","Ninja Van","29486","28686.33","91260.2"
"2026-01-20","PH","West Visayas","PH","Central Visayas","2GO Express","13580","11023.66","19720.85"
"2026-01-20","PH","West Visayas","PH","SOCCSKSARGEN","2GO Express","10382","8246.82","28736.17"
"2026-01-20","PH","West Visayas","PH","Northern Mindanao","2GO Express","9070","8529.59","18420.93"
"2026-01-20","PH","NCR","PH","Central Luzon","2GO Express","15987","13690.68","20678.96"
"2026-01-20","PH","NCR","PH","Calabarzon","LBC Express","22336","17008.28","34825.78"
"2026-01-20","PH","NCR","PH","SOCCSKSARGEN","J&T","9908","7562.98","40876.43"
"2026-01-20","PH","NCR","PH","West Visayas","Ninja Van","26603","16608.22","67074.32"
"2026-01-20","PH","NCR","PH","Central Visayas","2GO Express","12137","9677.23","32961.6"
"2026-01-20","PH","NCR","PH","NCR","J&T","10755","7399.86","11794.21"
"2026-01-20","MY","Sarawak","MY","Sabah","Pos Malaysia","10841","9900.16","56935.39"
"2026-01-20","PH","West Visayas","PH","Central Luzon","Ninja Van","24055","20861.35","62306.48"
"2026-01-20","ID","West Java","ID","North Sumatra","J&T","29173","22932.03","172690.66"
"2026-01-20","TH","","TH","","Kerry Express","10488","9082.95","62390.4"
"2026-01-20","ID","West Java","ID","Unknown","SiCepat","29268","18832.95","186869.55"
"2026-01-20","ID","West Java","ID","Central Java","Pos Indonesia","28118","23057.39","55553.13"
"2026-01-20","ID","West Java","ID","South Sulawesi","SiCepat","12179","10958.42","80696.58"
"2026-01-20","PH","West Visayas","PH","Calabarzon","J&T","21865","16432.61","49763.14"
"2026-01-20","TH","Chiang Mai","TH","Nonthaburi","FedEx","7241","5176.31","23689.45"
"2026-01-20","ID","West Java","ID","Bali","Pos Indonesia","15854","12770.18","61280.66"
"2026-01-20","ID","West Java","ID","Riau","Pos Indonesia","22839","19059.88","99680.36"
"2026-01-20","TH","","TH","Khon Kaen","Kerry Express","27250","27124.9","168846.62"
"2026-01-20","ID","West Java","ID","Banten","Ninja Van","12459","8692.68","19683.02"
"2026-01-20","ID","Bali","ID","North Sumatra","Pos Indonesia","28361","23669.06","268130.42"
"2026-01-20","ID","Banten","ID","Bali","Ninja Van","8837","7060.55","38382.16"
"2026-01-20","ID","Banten","ID","Central Java","J&T","8788","6876.9","22362.59"
"2026-01-20","ID","Banten","ID","Banten","Ninja Van","20923","15276.18","24645.21"
"2026-01-20","ID","Banten","ID","Jakarta","Pos Indonesia","13134","8752.67","16603.51"
"2026-01-20","MY","Negeri Sembilan","MY","Sarawak","Pos Malaysia","16006","15430.77","94402.42"
"2026-01-20","MY","Negeri Sembilan","MY","Negeri Sembilan","Pos Malaysia","12132","10643.47","20324.71"
"2026-01-20","MY","Negeri Sembilan","MY","Kedah","J&T","21576","18161.69","57539.94"
"2026-01-20","MY","Negeri Sembilan","MY","Selangor","DHL","8606","5936.96","13069.69"
"2026-01-20","MY","Negeri Sembilan","MY","Perak","Pos Malaysia","12312","11885.21","31133.55"
"2026-01-20","ID","Banten","ID","East Java","DHL","24934","19897.54","84046.31"
"2026-01-20","PH","SOCCSKSARGEN","PH","Calabarzon","Ninja Van","16576","11888.89","82987.96"
"2026-01-20","TH","Songkhla","TH","Uknown","Ninja Van","0","0.0","0.0"
"2026-01-20","TH","Songkhla","TH","BKK","J&T","12371","8223.4","44527.09"
"2026-01-20","TH","Songkhla","TH","Surat Thani","Kerry Express","16533","14869.76","42457.61"
"2026-01-20","TH","Songkhla","TH","Chonburi","Kerry Express","20580","16699.26","93111.36"
"2026-01-20","TH","Songkhla","TH","Phuket","J&T","9472","6349.6","19416.76"
"2026-01-20","ID","Riau","ID","North Sumatra","J&T","10167","8649.56","30655.25"
"2026-01-20","ID","Banten","ID","West Java","Pos Indonesia","8794","6109.89","14449.95"
"2026-01-20","TH","Chiang Mai","TH","Chonburi","FedEx","22863","16386.25","82320.75"
"2026-01-20","TH","Chiang Mai","TH","BKK","Kerry Express","21873","16168.49","91241.88"
"2026-01-20","TH","Chiang Mai","TH","Korat","J&T","15292","10624.21","48545.69"
"2026-01-20","TH","Chiang Mai","TH","Chiang Mai","Kerry Express","15081","15211.23","26577.26"
"2026-01-20","TH","Chiang Mai","TH","Phuket","Ninja Van","23720","15976.27","132048.56"
"2026-01-20","TH","Chiang Mai","TH","Nakhon Sawan","J&T","22936","18864.48","58852.91"
"2026-01-20","TH","Chiang Mai","TH","Songkhla","Ninja Van","13534","11313.61","77546.98"
"2026-01-20","TH","Chiang Mai","TH","Khon Kaen","J&T","25836","23953.92","75427.34"
"2026-01-20","TH","Nonthaburi","TH","Songkhla","Kerry Express","18155","15803.67","74556.76"
"2026-01-20","MY","Kuala Lumpur","MY","Sarawak","Pos Malaysia","15727","15754.3","77884.37"
"2026-01-20","PH","Northern Mindanao","PH","SOCCSKSARGEN","Ninja Van","17366","13211.93","36990.4"
"2026-01-20","MY","Kuala Lumpur","MY","Selangor","J&T","14780","11173.28","17279.04"
"2026-01-20","MY","Kuala Lumpur","MY","Kedah","Pos Malaysia","10142","9167.52","26795.26"
"2026-01-20","TH","Nonthaburi","TH","Chonburi","J&T","26742","19999.1","34324.42"
"2026-01-20","MY","Kuala Lumpur","MY","Sabah","Pos Malaysia","10265","9412.85","81248.9"
"2026-01-20","PH","Northern Mindanao","PH","Central Visayas","DHL","20748","16661.9","45036.61"
"2026-01-20","PH","Northern Mindanao","PH","West Visayas","2GO Express","24120","15468.68","61117.41"
"2026-01-20","PH","Northern Mindanao","PH","NCR","LBC Express","22029","16808.86","123395.62"
"2026-01-20","TH","Nonthaburi","TH","BKK","J&T","22015","14347.42","24913.75"
"2026-01-20","TH","Nonthaburi","TH","Nonthaburi","Kerry Express","21036","16557.38","31306.99"
"2026-01-20","PH","Northern Mindanao","PH","Northern Mindanao","LBC Express","15156","14860.64","27168.37"
"2026-01-20","MY","Kuala Lumpur","MY","Kuala Lumpur","Pos Malaysia","11523","9101.65","16926.81"
"2026-01-20","PH","Northern Mindanao","PH","Ilocos Region","LBC Express","10644","10809.11","67870.11"
"2026-01-20","TH","Nonthaburi","TH","Korat","J&T","14638","10016.71","25417.84"
"2026-01-20","MY","Kuala Lumpur","MY","Johor","Pos Malaysia","15796","12197.21","37893.31"
"2026-01-20","TH","Nonthaburi","TH","Surat Thani","Kerry Express","20948","19087.54","68391.29"
"2026-01-20","MY","Perak","MY","Sabah","Pos Malaysia","21430","20281.85","184885.24"
"2026-01-20","ID","Riau","ID","Jakarta","DHL","14907","9739.11","75360.56"
"2026-01-20","MY","Sarawak","MY","Pahang","Ninja Van","9675","8458.54","39398.96"
"2026-01-20","MY","Pahang","MY","Pahang","J&T","10382","9337.07","12823.64"
"2026-01-20","ID","Jakarta","ID","Jakarta","Ninja Van","27599","18885.55","31184.79"
"2026-01-20","TH","Korat","TH","Korat","Ninja Van","15009","10561.31","17879.94"
"2026-01-20","ID","Jakarta","ID","Central Java","Ninja Van","13798","11859.06","31903.89"
"2026-01-20","MY","Pahang","MY","Penang","Pos Malaysia","16312","13162.12","47970.92"
"2026-01-20","ID","Riau","ID","Banten","DHL","10653","6984.54","48426.17"
"2026-01-20","ID","Riau","ID","Bali","SiCepat","29196","23084.02","318315.86"
"2026-01-20","ID","Bali","ID","Riau","J&T","15204","12399.8","113041.51"
"2026-01-20","MY","Pahang","MY","Kedah","Ninja Van","16786","14925.57","42010.82"
"2026-01-20","MY","Johor","MY","Selangor","Ninja Van","27338","20862.96","55491.48"
"2026-01-20","ID","Jakarta","ID","North Sumatra","Pos Indonesia","32635","27294.14","170415.77"
"2026-01-20","MY","Pahang","MY","Negeri Sembilan","J&T","25404","21504.47","45142.14"
"2026-01-20","ID","Riau","ID","East Java","SiCepat","16927","14130.58","160876.01"
"2026-01-20","MY","Johor","MY","Penang","J&T","21698","15566.83","62585.22"
"2026-01-20","MY","Johor","MY","Sarawak","Pos Malaysia","27100","26049.25","117517.66"
"2026-01-20","ID","Bali","ID","West Java","J&T","29050","20059.1","126146.08"
"2026-01-20","ID","Riau","ID","South Sulawesi","Ninja Van","16599","16408.73","150558.45"
"2026-01-20","TH","Korat","TH","Khon Kaen","Ninja Van","16297","15869.53","27381.35"
"2026-01-20","TH","Korat","TH","BKK","Ninja Van","25238","18034.88","12524.78"
"2026-01-20","MY","Johor","MY","Kedah","Pos Malaysia","28130","25721.46","111169.37"
"2026-01-20","ID","Bali","ID","East Java","Pos Indonesia","15149","12756.11","36301.36"
"2026-01-20","ID","Bali","ID","South Sulawesi","Pos Indonesia","18945","17920.92","59996.32"
"2026-01-20","TH","Korat","TH","Chonburi","J&T","13054","9713.77","23505.86"
"2026-01-20","MY","Johor","MY","Negeri Sembilan","J&T","28705","24128.16","49610.28"
"2026-01-20","MY","Sarawak","MY","Selangor","Pos Malaysia","13538","10822.5","79052.3"
"2026-01-20","MY","Johor","MY","Johor","Pos Malaysia","27429","22518.96","41241.73"
"2026-01-20","ID","Riau","ID","Central Java","Pos Indonesia","21867","18298.26","134590.38"
"2026-01-20","MY","Sarawak","MY","Penang","Ninja Van","14269","10450.59","74825.91"
"2026-01-20","ID","Bali","ID","Bali","J&T","7608","5869.67","9783.31"
"2026-01-20","TH","Korat","TH","Phuket","Ninja Van","22223","15431.32","88236.74"
"2026-01-20","MY","Sarawak","MY","Kedah","Pos Malaysia","18977","17217.83","135569.84"
"2026-01-20","TH","Korat","TH","Nonthaburi","Ninja Van","21222","15575.27","35977.05"
"2026-01-20","MY","Johor","MY","Sabah","Ninja Van","27078","23535.15","463927.29"
"2026-01-21","ID","","ID","Central Java","Pos Indonesia","20793","16203.7","94744.36"
"2026-01-21","TH","Khon Kaen","TH","BKK","Kerry Express","30270","18890.65","90114.91"
"2026-01-21","PH","SOCCSKSARGEN","PH","West Visayas","J&T","20855","11309.74","64497.55"
"2026-01-21","TH","Khon Kaen","TH","Chiang Mai","J&T","10511","8801.66","28022.23"
"2026-01-21","TH","Khon Kaen","TH","Korat","Ninja Van","17573","11495.42","28618.19"
"2026-01-21","TH","Khon Kaen","TH","Chonburi","Ninja Van","8055","5567.32","18887.44"
"2026-01-21","PH","SOCCSKSARGEN","PH","Calabarzon","J&T","20135","12274.96","87090.17"
"2026-01-21","PH","SOCCSKSARGEN","PH","Central Luzon","DHL","23127","15612.12","110481.56"
"2026-01-21","PH","SOCCSKSARGEN","PH","SOCCSKSARGEN","Ninja Van","21703","15570.8","26953.71"
"2026-01-21","TH","Khon Kaen","TH","Nakhon Sawan","Ninja Van","7546","5155.66","15555.22"
"2026-01-21","MY","Perak","MY","Selangor","Pos Malaysia","14580","10685.16","31754.49"
"2026-01-21","MY","Sarawak","MY","Sarawak","Pos Malaysia","25848","22688.45","39616.68"
"2026-01-21","ID","Riau","ID","North Sumatra","SiCepat","14383","10972.72","51629.73"
"2026-01-21","PH","SOCCSKSARGEN","PH","NCR","J&T","18244","10783.79","85085.3"
"2026-01-21","TH","Korat","TH","Chiang Mai","J&T","14853","12558.93","35066.25"
"2026-01-21","ID","Bali","ID","Bali","Ninja Van","23438","19057.2","26789.44"
"2026-01-21","TH","Korat","TH","Songkhla","FedEx","23115","20746.9","81132.5"
"2026-01-21","PH","Bicol Region","PH","NCR","LBC Express","15808","10133.01","42556.38"
"2026-01-21","PH","Bicol Region","PH","Bicol Region","J&T","25926","22560.68","32600.45"
"2026-01-21","PH","Bicol Region","PH","Central Visayas","Ninja Van","30673","20244.97","68604.41"
"2026-01-21","PH","Bicol Region","PH","Northern Mindanao","DHL","14869","10573.68","46798.21"
"2026-01-21","PH","Bicol Region","PH","SOCCSKSARGEN","LBC Express","16663","12127.57","81578.97"
"2026-01-21","PH","Bicol Region","PH","Calabarzon","J&T","29585","18148.98","55640.24"
"2026-01-21","PH","Bicol Region","PH","Central Luzon","Ninja Van","19806","14423.32","45517.58"
"2026-01-21","MY","Johor","MY","Sabah","FedEx","26678","21059.72","141060.59"
"2026-01-21","MY","Johor","MY","Pahang","Ninja Van","12675","9677.35","22494.51"
"2026-01-21","TH","Korat","TH","Korat","J&T","22199","14693.82","22311.25"
"2026-01-21","MY","Uknown","MY","Uknown","FedEx","19487","13154.27","86111.36"
"2026-01-21","MY","Johor","MY","Negeri Sembilan","Pos Malaysia","20828","14827.32","42932.77"
"2026-01-21","MY","Uknown","MY",,"Pos Malaysia","32251","24844.24","189047.06"
"2026-01-21","PH","Unknown","PH","Uknown","J&T","25253","17773.35","109878.41"
"2026-01-21","TH","Korat","TH","Phuket","J&T","22510","14149.09","79357.51"
"2026-01-21","ID","Bali","ID","West Java","Pos Indonesia","27062","17659.34","109087.42"
"2026-01-21","MY","Johor","MY","Sarawak","Ninja Van","27724","23365.56","87271.79"
"2026-01-21","MY","Perak","MY","Sabah","J&T","13534","11721.92","82822.49"
"2026-01-21","ID","Bali","ID","Banten","J&T","22219","14941.86","103081.52"
"2026-01-21","MY","Johor","MY","Penang","Pos Malaysia","10670","7244.49","33488.49"
"2026-01-21","PH","Bicol Region","PH","West Visayas","LBC Express","9096","5367.92","23757.84"
"2026-01-21","MY","Perak","MY","Pahang","Pos Malaysia","8490","7256.89","19649.73"
"2026-01-21","PH","Calabarzon","PH","Calabarzon","J&T","25444","15731.0","27286.66"
"2026-01-21","PH","Central Luzon","PH","West Visayas","Ninja Van","17506","10557.5","42470.7"
"2026-01-21","PH","Central Luzon","PH","SOCCSKSARGEN","LBC Express","15086","11837.58","77915.98"
"2026-01-21","PH","Calabarzon","PH","Ilocos Region","2GO Express","12035","11618.68","18504.54"
"2026-01-21","PH","Central Luzon","PH","Ilocos Region","Ninja Van","10959","10144.23","14966.32"
"2026-01-21","PH","Central Luzon","PH","Central Luzon","J&T","33078","23563.08","33660.61"
"2026-01-21","PH","Calabarzon","PH","Central Luzon","Ninja Van","31014","22822.3","39897.16"
"2026-01-21","PH","Calabarzon","PH","NCR","2GO Express","35983","23419.56","37289.76"
"2026-01-21","PH","Central Luzon","PH","NCR","J&T","17370","10865.9","20498.54"
"2026-01-21","PH","Central Luzon","PH","Central Visayas","LBC Express","12740","9245.71","44963.08"
"2026-01-21","PH","Calabarzon","PH","West Visayas","2GO Express","27459","16746.8","58497.4"
"2026-01-21","PH","Calabarzon","PH","Northern Mindanao","Ninja Van","31223","23972.98","91229.23"
"2026-01-21","PH","Central Luzon","PH","Northern Mindanao","DHL","21511","16037.8","74192.11"
"2026-01-21","TH","Chonburi","TH","Korat","J&T","29229","18581.74","46296.46"
"2026-01-21","TH","Chonburi","TH","Phuket","J&T","13507","8517.93","37700.29"
"2026-01-21","TH","Chonburi","TH","Khon Kaen","Ninja Van","21268","18633.57","43771.05"
"2026-01-21","ID","Bali","ID","Riau","DHL","9102","6719.61","62766.4"
"2026-01-21","TH","Korat","TH","Khon Kaen","Kerry Express","24403","21582.98","43559.81"
"2026-01-21","MY","Johor","MY","Selangor","J&T","23488","16101.95","43305.97"
"2026-01-21","TH","Songkhla","TH","BKK","J&T","12341","7222.32","39161.03"
"2026-01-21","TH","Songkhla","TH","Khon Kaen","FedEx","22870","19221.11","98031.83"
"2026-01-21","TH","Songkhla","TH","Songkhla","Kerry Express","15092","13524.97","21353.29"
"2026-01-21","MY","","MY","Unknown","Ninja Van","15785","11124.59","68704.93"
"2026-01-21","TH","Songkhla","TH","Chiang Mai","Kerry Express","11323","10294.17","72789.46"
"2026-01-21","TH","Korat","TH","Chonburi","J&T","22000","14657.02","33236.09"
"2026-01-21","ID","Bali","ID","Central Java","J&T","11451","8496.93","32477.01"
"2026-01-21","MY","Johor","MY","Perak","J&T","28267","24050.12","64856.29"
"2026-01-21","PH","Central Luzon","PH","Bicol Region","DHL","28175","25226.37","53540.23"
"2026-01-21","TH","Surat Thani","TH","Chiang Mai","J&T","19131","16506.33","89643.28"
"2026-01-21","TH","Surat Thani","TH","BKK","Ninja Van","15241","9290.41","43953.78"
"2026-01-21","MY","Negeri Sembilan","MY","Penang","Ninja Van","21900","14297.83","52941.28"
"2026-01-21","MY","Negeri Sembilan","MY","Perak","Ninja Van","15546","13596.91","29653.13"
"2026-01-21","PH","Central Visayas","PH","Northern Mindanao","J&T","11950","8489.62","19731.25"
"2026-01-21","TH","BKK","TH","Nonthaburi","Kerry Express","33312","20895.28","43326.13"
"2026-01-21","TH","BKK","TH","Phuket","Kerry Express","28129","19532.61","104087.56"
"2026-01-21","ID","South Sulawesi","ID","West Java","Pos Indonesia","8590","5323.75","47724.2"
"2026-01-21","ID","Central Java","ID","West Java","Pos Indonesia","27372","17427.68","51130.59"
"2026-01-21","TH","BKK","TH","Chiang Mai","FedEx","21862","18002.31","57243.05"
"2026-01-21","ID","South Sulawesi","ID","North Sumatra","SiCepat","26565","19611.15","332236.75"
"2026-01-21","TH","BKK","TH","Nakhon Sawan","Kerry Express","10593","7716.36","20761.54"
"2026-01-21","PH","Central Visayas","PH","Bicol Region","LBC Express","29844","28288.35","74047.94"
"2026-01-21","ID","Central Java","ID","Central Java","J&T","32047","23663.31","34695.95"
"2026-01-21","TH","BKK","TH","Korat","J&T","26721","16364.99","40796.42"
"2026-01-21","ID","South Sulawesi","ID","South Sulawesi","J&T","13082","9865.4","17031.15"
"2026-01-21","ID","South Sulawesi","ID","Central Java","Pos Indonesia","12019","9120.78","54857.0"
"2026-01-21","TH","BKK","TH","BKK","J&T","32024","17824.58","34147.64"
"2026-01-21","PH","Central Visayas","PH","NCR","DHL","13381","7922.3","34112.85"
"2026-01-21","ID","Central Java","ID","East Java","DHL","13309","9553.73","22459.16"
"2026-01-21","ID","South Sulawesi","ID","East Java","Pos Indonesia","10186","7782.68","38409.79"
"2026-01-21","MY","Selangor","MY","Johor","Pos Malaysia","21310","15936.86","50919.95"
"2026-01-21","PH","NCR","PH","Calabarzon","Ninja Van","24330","15722.79","27539.29"
"2026-01-21","PH","NCR","PH","Central Luzon","J&T","22259","15761.31","24239.26"
"2026-01-21","ID","Jakarta","ID",,"Pos Indonesia","34462","25424.9","148016.0"
"2026-01-21","MY","Pahang","MY","Perak","J&T","17902","15811.44","33878.16"
"2026-01-21","ID","Jakarta","ID","North Sumatra","Pos Indonesia","12782","10455.75","62795.02"
"2026-01-21","MY","Pahang","MY","Selangor","Pos Malaysia","18373","13465.85","40172.72"
"2026-01-21","MY","Kuala Lumpur","MY","Johor","Pos Malaysia","10291","7434.19","23591.78"
"2026-01-21","ID","Central Java","ID","South Sulawesi","SiCepat","30377","23774.0","152611.53"
"2026-01-21","MY","Kuala Lumpur","MY","Negeri Sembilan","J&T","21537","14748.49","23155.25"
"2026-01-21","MY","Pahang","MY","Pahang","Ninja Van","15034","12251.0","16595.96"
"2026-01-21","PH","Northern Mindanao","PH","Calabarzon","LBC Express","27230","18549.4","132335.52"
"2026-01-21","MY","Pahang","MY","Penang","Pos Malaysia","15288","10797.78","43579.78"
"2026-01-21","MY","Pahang","MY","Sabah","FedEx","21248","17014.37","119275.66"
"2026-01-21","ID","Jakarta","ID","Jakarta","Pos Indonesia","30913","20187.94","33518.36"
"2026-01-21","PH","Northern Mindanao","PH","Central Luzon","2GO Express","29583","22149.98","121099.61"
"2026-01-21","PH","Ilocos Region","PH","NCR","Ninja Van","15513","9961.87","26943.62"
"2026-01-21","PH","Ilocos Region","PH","Northern Mindanao","2GO Express","27687","21689.54","128711.27"
"2026-01-21","PH","Ilocos Region","PH","SOCCSKSARGEN","LBC Express","14227","10731.62","94986.91"
"2026-01-21","PH","Ilocos Region","PH","Ilocos Region","DHL","26864","23937.78","33889.29"
"2026-01-21","PH","Ilocos Region","PH","Calabarzon","J&T","26908","16811.93","51543.2"
"2026-01-21","PH","Ilocos Region","PH","Central Luzon","2GO Express","22368","16723.22","37274.61"
"2026-01-21","PH","Ilocos Region","PH","Central Visayas","2GO Express","7978","5615.82","29356.6"
"2026-01-21","TH","Nonthaburi","TH","Korat","Kerry Express","23532","16678.77","43854.71"
"2026-01-21","PH","","PH","Uknown","J&T","21128","11142.55","99799.38"
"2026-01-21","TH","Nonthaburi","TH","Nakhon Sawan","J&T","9587","6373.17","14761.5"
"2026-01-21","PH","Northern Mindanao","PH","Bicol Region","J&T","17754","16249.74","58810.09"
"2026-01-21","MY","Pahang","MY","Kedah","J&T","18768","16320.14","43185.2"
"2026-01-21","MY","Kuala Lumpur","MY","Sabah","Ninja Van","20869","17492.16","117351.94"
"2026-01-21","TH","Nonthaburi","TH","Unknown","Ninja Van","22140","15706.28","96996.85"
"2026-01-21","PH","Central Visayas","PH","Central Visayas","LBC Express","18793","12734.26","24770.74"
"2026-01-21","ID","North Sumatra","ID","Riau","Pos Indonesia","28145","21178.92","79122.89"
"2026-01-21","ID","North Sumatra","ID","North Sumatra","J&T","9080","6886.74","11362.38"
"2026-01-21","ID","North Sumatra","ID","East Java","J&T","20976","15089.79","162423.22"
"2026-01-21","MY","Kuala Lumpur","MY","Pahang","Pos Malaysia","20186","16307.07","36781.21"
"2026-01-21","ID","North Sumatra","ID","Bali","Ninja Van","23142","18217.56","194027.76"
"2026-01-21","ID","North Sumatra","ID","Banten","SiCepat","22178","14342.46","156607.73"
"2026-01-21","ID","North Sumatra","ID","West Java","J&T","28911","17237.82","178512.58"
"2026-01-21","PH","Central Visayas","PH","Central Luzon","Ninja Van","16922","12542.89","45295.58"
"2026-01-21","TH","Nakhon Sawan","TH","Chonburi","Ninja Van","26880","18394.08","22234.48"
"2026-01-21","TH","Nakhon Sawan","TH","BKK","Kerry Express","21503","14278.05","55267.38"
"2026-01-21","TH","Nakhon Sawan","TH","Korat","Kerry Express","26225","18563.92","64678.68"
"2026-01-21","TH","Nakhon Sawan","TH","Chiang Mai","Ninja Van","9063","7897.18","22768.95"
"2026-01-21","TH","Nakhon Sawan","TH","Khon Kaen","Ninja Van","7638","6563.17","17321.51"
"2026-01-21","TH","Nakhon Sawan","TH","Nonthaburi","Ninja Van","26247","16139.94","51655.38"
"2026-01-21","TH","Nakhon Sawan","TH","Surat Thani","J&T","18142","14634.65","70340.77"
"2026-01-21","ID","Jakarta","ID","Riau","Ninja Van","28275","22251.49","106242.43"
"2026-01-21","TH","Surat Thani","TH","Surat Thani","J&T","14027","10838.16","17922.13"
"2026-01-21","TH","Surat Thani","TH","Phuket","J&T","10963","6985.1","20026.11"
"2026-01-21","TH","Surat Thani","TH","Khon Kaen","J&T","15702","13174.08","64571.41"
"2026-01-21","TH","Surat Thani","TH","Songkhla","Ninja Van","24448","21509.31","51607.08"
"2026-01-21","PH","Central Visayas","PH","Calabarzon","J&T","31015","19231.91","72956.91"
"2026-01-21","PH","Central Visayas","PH","SOCCSKSARGEN","LBC Express","33450","24149.98","93269.93"
"2026-01-21","TH","BKK","TH","Songkhla","Kerry Express","22060","19178.6","81209.12"
"2026-01-21","TH","BKK","TH","Chonburi","Kerry Express","10317","7116.55","14593.59"
"2026-01-21","ID","South Sulawesi","ID","Banten","Ninja Van","32229","21640.82","189477.92"
"2026-01-21","ID","Central Java","ID","Banten","SiCepat","26736","17810.6","76845.83"
"2026-01-21","ID","Central Java","ID","Jakarta","Pos Indonesia","31955","20472.48","65803.65"
"2026-01-21","ID","South Sulawesi","ID","Riau","Pos Indonesia","26153","19697.76","207821.91"
"2026-01-21","TH","BKK","TH","Khon Kaen","J&T","14228","11220.83","28852.24"
"2026-01-21","ID","South Sulawesi","ID","Jakarta","DHL","23350","13571.95","132585.65"
"2026-01-21","MY","Kedah","MY","Johor","Pos Malaysia","23213","17720.68","94145.84"
"2026-01-21","TH","Phuket","TH","Korat","Ninja Van","23116","14272.46","83184.41"
"2026-01-21","TH","Phuket","TH","Chonburi","DHL","18362","11505.02","52871.62"
"2026-01-21","MY","Kedah","MY","Penang","Pos Malaysia","8422","6209.97","14699.14"
"2026-01-21","TH","Phuket","TH","BKK","Kerry Express","20053","12045.38","71345.56"
"2026-01-21","TH","Phuket","TH","Phuket","FedEx","17386","10612.73","19467.51"
"2026-01-21","MY","Kedah","MY","Perak","Ninja Van","13940","12589.67","23315.33"
"2026-01-21","MY","Kedah","MY","Kedah","Ninja Van","8624","7697.06","10343.75"
"2026-01-21","TH","Phuket","TH","Nonthaburi","Ninja Van","17517","10590.3","52608.72"
"2026-01-21","MY","Kedah","MY","Kuala Lumpur","J&T","26894","18923.28","62654.42"
"2026-01-21","TH","Phuket","TH","Khon Kaen","Ninja Van","15749","12563.72","65030.71"
"2026-01-21","TH","Phuket","TH","Chiang Mai","J&T","13926","11201.86","58768.28"
"2026-01-21","MY","Kedah","MY","Selangor","FedEx","28244","18924.43","62836.19"
"2026-01-21","MY","Kedah","MY","Sarawak","Pos Malaysia","20486","19707.34","128566.28"
"2026-01-21","MY","Kedah","MY","Negeri Sembilan","Pos Malaysia","28827","21967.27","90748.0"
"2026-01-21","TH","Phuket","TH","Nakhon Sawan","Ninja Van","13493","8841.06","48240.29"
"2026-01-21","MY","Selangor","MY","Perak","J&T","11046","9591.61","15498.49"
"2026-01-21","MY","Selangor","MY","Selangor","Ninja Van","33292","23543.4","38145.28"
"2026-01-21","MY","Selangor","MY","Sabah","Pos Malaysia","10798","10114.56","77259.4"
"2026-01-21","MY","Selangor","MY","Kuala Lumpur","Pos Malaysia","23879","17449.03","29971.01"
"2026-01-21","MY","Selangor","MY","Sarawak","Pos Malaysia","10725","9461.45","52007.86"
"2026-01-21","TH","Nakhon Sawan","TH","Songkhla","J&T","7276","6073.78","33734.08"
"2026-01-21","TH","Nakhon Sawan","TH","Nakhon Sawan","Ninja Van","21285","14560.38","29243.79"
"2026-01-21","MY","Negeri Sembilan","MY","Johor","J&T","16936","12390.07","33971.57"
"2026-01-21","MY","Negeri Sembilan","MY","Kuala Lumpur","J&T","23634","15718.59","32752.3"
"2026-01-21","ID","East Java","ID","South Sulawesi","Pos Indonesia","23632","18873.12","76694.72"
"2026-01-21","ID","East Java","ID","East Java","Pos Indonesia","18234","13367.58","20146.49"
"2026-01-21","ID","East Java","ID","Banten","Pos Indonesia","30612","20534.14","93902.51"
"2026-01-21","MY","Penang","MY","Johor","Ninja Van","15359","11120.35","41469.62"
"2026-01-21","ID","East Java","ID","Central Java","Ninja Van","27589","21400.03","48502.58"
"2026-01-21","MY","Penang","MY","Selangor","Pos Malaysia","19425","14009.24","44034.56"
"2026-01-21","MY","Penang","MY","Kuala Lumpur","Pos Malaysia","20444","14778.3","44820.03"
"2026-01-21","MY","Penang","MY","Sarawak","Pos Malaysia","11733","10496.98","62109.75"
"2026-01-21","ID","East Java","ID","Riau","Ninja Van","11773","8852.28","63799.27"
"2026-01-21","MY","Penang","MY","Penang","Pos Malaysia","11113","7820.79","14709.17"
"2026-01-21","MY","Penang","MY","Negeri Sembilan","FedEx","13342","8801.47","26641.0"
"2026-01-21","MY","Penang","MY","Pahang","J&T","27416","22222.18","56839.74"
"2026-01-21","ID","East Java","ID","Jakarta","DHL","18620","11265.92","52655.69"
"2026-01-21","MY","Penang","MY","Perak","Ninja Van","28425","25320.56","38959.65"
"2026-01-21","PH","West Visayas","PH","Bicol Region","J&T","11044","10072.2","20033.25"
"2026-01-21","TH","Chonburi","TH","Nonthaburi","Ninja Van","28056","17900.56","33310.34"
"2026-01-21","PH","West Visayas","PH","Northern Mindanao","LBC Express","9362","7624.1","22301.09"
"2026-01-21","TH","Surat Thani","TH","Nonthaburi","Ninja Van","22061","14070.88","63577.06"
"2026-01-21","TH","Chonburi","TH","BKK","Kerry Express","9351","5891.27","13645.93"
"2026-01-21","TH","Chonburi","TH","Songkhla","J&T","20263","16649.93","59695.36"
"2026-01-21","TH","Chonburi","TH","Chiang Mai","FedEx","18130","15333.68","51789.31"
"2026-01-21","PH","West Visayas","PH","West Visayas","Ninja Van","12549","7581.87","13827.75"
"2026-01-21","ID","Banten","ID","North Sumatra","Ninja Van","28295","21922.37","139006.39"
"2026-01-21","PH","West Visayas","PH","Central Luzon","J&T","33390","23622.04","83635.13"
"2026-01-21","PH","West Visayas","PH","SOCCSKSARGEN","Ninja Van","19565","14126.32","49713.0"
"2026-01-21","PH","West Visayas","PH","Central Visayas","J&T","26721","17857.24","35740.46"
"2026-01-21","PH","Ilocos Region","PH","Bicol Region","2GO Express","15701","14925.06","42282.39"
"2026-01-21","MY","Sabah","MY","Sarawak","Ninja Van","12371","10785.28","48801.93"
"2026-01-21","MY","Sabah","MY","Sabah","Pos Malaysia","19426","17314.03","30362.33"
"2026-01-21","PH","West Visayas","PH","Ilocos Region","2GO Express","9918","9387.14","26947.69"
"2026-01-21","MY","Sabah","MY","Perak","J&T","21965","19326.64","154318.79"
"2026-01-21","MY","Sabah","MY","Kuala Lumpur","Pos Malaysia","16040","11517.7","138946.78"
"2026-01-21","MY","Sabah","MY","Penang","Pos Malaysia","9551","6601.09","83369.09"
"2026-01-21","MY","Sabah","MY","Johor","FedEx","23521","15467.91","151428.7"
"2026-01-21","MY","Sabah","MY","Negeri Sembilan","Ninja Van","9023","6552.79","58991.92"
"2026-01-21","MY","Sabah","MY","Selangor","Pos Malaysia","16252","12128.5","135281.33"
"2026-01-21","TH","Surat Thani","TH","Nakhon Sawan","J&T","27579","19095.11","97623.89"
"2026-01-21","PH","NCR","PH","Central Visayas","DHL","21350","14161.88","57108.17"
"2026-01-21","PH","NCR","PH","West Visayas","LBC Express","34503","20895.56","99711.88"
"2026-01-21","PH","NCR","PH","SOCCSKSARGEN","Ninja Van","33107","24364.02","122584.99"
"2026-01-21","PH","NCR","PH","Bicol Region","J&T","28127","25519.75","50938.2"
"2026-01-21","TH","Surat Thani","TH","Chonburi","J&T","24325","16519.34","66273.84"
"2026-01-21","ID","West Java","ID","North Sumatra","J&T","35479","26183.96","186856.78"
"2026-01-21","ID","West Java","ID","Bali","DHL","24540","17903.13","85790.37"
"2026-01-21","ID","West Java","ID","Central Java","SiCepat","12336","9094.24","30207.03"
"2026-01-21","ID","West Java","ID","West Java","Ninja Van","24789","15999.57","27722.07"
"2026-01-21","TH","","TH","","Ninja Van","23319","13167.15","105147.81"
"2026-01-21","PH","West Visayas","PH","Calabarzon","J&T","20913","13710.49","45619.28"
"2026-01-21","TH","Chiang Mai","TH","Nonthaburi","J&T","9448","5920.53","27334.66"
"2026-01-21","ID","West Java","ID","Banten","DHL","22140","14012.78","33612.01"
"2026-01-21","ID","West Java","ID","Uknown","Pos Indonesia","0","0.0","0.0"
"2026-01-21","ID","West Java","ID","Riau","Pos Indonesia","34381","25876.19","143053.23"
"2026-01-21","ID","Banten","ID","Bali","Ninja Van","22339","17379.27","84145.05"
"2026-01-21","ID","Bali","ID","North Sumatra","J&T","19764","15151.25","172394.52"
"2026-01-21","ID","Banten","ID","Central Java","Ninja Van","31241","23888.23","72858.27"
"2026-01-21","ID","Banten","ID","West Java","Pos Indonesia","20820","13022.59","32356.92"
"2026-01-21","ID","Banten","ID","Jakarta","J&T","10477","6211.11","11777.7"
"2026-01-21","ID","Banten","ID","East Java","Pos Indonesia","14944","11817.5","45990.35"
"2026-01-21","MY","Negeri Sembilan","MY","Negeri Sembilan","Pos Malaysia","26088","18834.25","44679.79"
"2026-01-21","MY","Negeri Sembilan","MY","Sarawak","Pos Malaysia","11500","10102.0","61994.24"
"2026-01-21","MY","Negeri Sembilan","MY","Sabah","Ninja Van","17886","15128.88","114809.21"
"2026-01-21","MY","Negeri Sembilan","MY","Kedah","J&T","15441","13412.62","39947.72"
"2026-01-21","MY","Negeri Sembilan","MY","Selangor","J&T","22802","15181.79","31733.1"
"2026-01-21","ID","Banten","ID","Banten","J&T","25607","16668.92","28905.53"
"2026-01-21","TH","Songkhla","TH","Phuket","Ninja Van","23706","14994.44","42881.93"
"2026-01-21","TH","Songkhla","TH","Chonburi","Kerry Express","23618","16599.76","90893.73"
"2026-01-21","TH","Songkhla","TH","Surat Thani","J&T","17629","13511.16","34413.6"
"2026-01-21","PH","Northern Mindanao","PH","SOCCSKSARGEN","2GO Express","22631","17728.7","46923.19"
"2026-01-21","MY","Kuala Lumpur","MY","Penang","Pos Malaysia","24088","16344.8","51995.5"
"2026-01-21","TH","Nonthaburi","TH","Khon Kaen","J&T","11283","9252.49","23832.59"
"2026-01-21","TH","Nonthaburi","TH","Chonburi","Ninja Van","15999","10732.21","18742.96"
"2026-01-21","PH","Northern Mindanao","PH","West Visayas","Ninja Van","11191","6464.59","27898.98"
"2026-01-21","TH","Chiang Mai","TH","BKK","Ninja Van","14219","8619.85","5847.03"
"2026-01-21","TH","Chiang Mai","TH","Phuket","Kerry Express","12804","8876.35","83793.43"
"2026-01-21","PH","Northern Mindanao","PH","Central Visayas","LBC Express","22207","16730.18","57661.1"
"2026-01-21","TH","Chiang Mai","TH","Songkhla","Ninja Van","17861","15128.44","90962.7"
"2026-01-21","TH","Chiang Mai","TH","Korat","J&T","27197","17064.84","74464.96"
"2026-01-21","TH","Nonthaburi","TH","BKK","Kerry Express","16319","10317.59","20439.43"
"2026-01-21","TH","Chiang Mai","TH","Chiang Mai","Kerry Express","28840","26629.8","43844.66"
"2026-01-21","TH","Chiang Mai","TH","Nakhon Sawan","Kerry Express","8652","6233.07","24909.48"
"2026-01-21","PH","Northern Mindanao","PH","NCR","LBC Express","8180","5463.67","41435.15"
"2026-01-21","TH","Chiang Mai","TH","Chonburi","Ninja Van","12794","8516.83","39472.35"
"2026-01-21","TH","Chiang Mai","TH","Khon Kaen","Kerry Express","11720","10738.35","39465.49"
"2026-01-21","MY","Kuala Lumpur","MY","Selangor","Pos Malaysia","7695","5484.94","10229.26"
"2026-01-21","TH","Nonthaburi","TH","Phuket","Kerry Express","28797","20593.04","101736.5"
"2026-01-21","MY","Kuala Lumpur","MY","Kedah","J&T","17840","15124.15","36168.89"
"2026-01-21","PH","Northern Mindanao","PH","Ilocos Region","J&T","21877","19593.7","98309.07"
"2026-01-21","MY","Kuala Lumpur","MY","Kuala Lumpur","Ninja Van","20934","14426.45","22956.57"
"2026-01-21","PH","Northern Mindanao","PH","Northern Mindanao","LBC Express","24471","19655.51","40944.83"
"2026-01-21","TH","Nonthaburi","TH","Nonthaburi","J&T","26613","15783.62","29875.66"
"2026-01-21","MY","Kuala Lumpur","MY","Sarawak","FedEx","12327","9596.75","47332.1"
"2026-01-21","MY","Perak","MY","Penang","Pos Malaysia","11362","8064.11","20265.19"
"2026-01-21","MY","Perak","MY","Kuala Lumpur","Ninja Van","8740","6060.07","13823.47"
"2026-01-21","ID","Jakarta","ID","South Sulawesi","Pos Indonesia","25806","21336.44","126071.34"
"2026-01-21","MY","Pahang","MY","Johor","J&T","21647","15516.81","42223.46"
"2026-01-21","MY","Pahang","MY","Sarawak","DHL","25962","20818.95","92769.32"
"2026-01-21","MY","Pahang","MY","Negeri Sembilan","J&T","9833","7330.43","16072.98"
"2026-01-21","ID","Jakarta","ID","Banten","Pos Indonesia","15898","11238.76","18863.19"
"2026-01-21","ID","Riau","ID","East Java","Pos Indonesia","14771","11667.43","99050.06"
"2026-01-21","MY","Sarawak","MY","Pahang","Pos Malaysia","24092","19275.2","114669.19"
"2026-01-21","MY","Perak","MY","Johor","DHL","11025","7222.23","26687.36"
"2026-01-21","TH","Korat","TH","Surat Thani","J&T","23032","18444.44","71296.64"
"2026-01-21","TH","Korat","TH","BKK","Kerry Express","27916","17712.39","52768.22"
"2026-01-21","TH","Korat","TH","Nonthaburi","Kerry Express","13655","8876.59","27713.03"
"2026-01-21","ID","Riau","ID","Bali","Pos Indonesia","30203","24865.29","233759.32"
"2026-01-21","ID","Bali","ID","South Sulawesi","Pos Indonesia","8519","7158.87","25879.1"
"2026-01-21","ID","Bali","ID","East Java","Pos Indonesia","19955","15900.02","41466.72"
"2026-01-21","MY","Johor","MY","Kedah","J&T","25404","21939.71","69341.31"
"2026-01-21","MY","Johor","MY","Johor","J&T","22940","16290.09","23594.87"
"2026-01-21","ID","Riau","ID","South Sulawesi","Ninja Van","31743","26525.98","25070.09"
"2026-01-21","MY","Sarawak","MY","Kuala Lumpur","Ninja Van","26503","17692.89","116472.21"
"2026-01-21","ID","Riau","ID","Central Java","Pos Indonesia","9842","7646.4","57532.31"
"2026-01-21","ID","Riau","ID","Jakarta","DHL","21116","13334.5","91248.64"
"2026-01-21","ID","Riau","ID","Uknown","Pos Indonesia","10489","8215.2","58988.59"
"2026-01-21","MY","Sarawak","MY","Kedah","Pos Malaysia","16580","14579.35","102951.45"
"2026-01-21","MY","Sarawak","MY","Penang","Pos Malaysia","17088","11565.88","109872.48"
"2026-01-21","MY","Sarawak","MY","Selangor","DHL","7613","4707.42","33852.58"
"2026-01-21","ID","Riau","ID","Banten","Ninja Van","19180","13731.23","84988.39"
"2026-01-21","MY","Sarawak","MY","Sabah","Ninja Van","24574","21407.98","93327.02"
"2026-01-21","TH","Khon Kaen","TH","Phuket","Ninja Van","25369","16180.49","113277.37"
"2026-01-21","TH","Khon Kaen","TH","Songkhla","J&T","16110","13461.07","71151.23"
"2026-01-21","PH","SOCCSKSARGEN","PH","Ilocos Region","LBC Express","13434","12596.87","88031.93"
"2026-01-21","PH","SOCCSKSARGEN","PH","Central Visayas","LBC Express","26343","18872.32","89922.59"
"2026-01-21","PH","SOCCSKSARGEN","PH","Northern Mindanao","2GO Express","13194","9895.77","25652.26"
"2026-01-21","TH","Khon Kaen","TH","Nonthaburi","Ninja Van","10323","6290.5","25082.87"
"2026-01-22","MY","Perak","MY","Sabah","FedEx","23649","19467.4","150621.36"
"2026-01-22","MY","Perak","MY","Selangor","Ninja Van","9237","6853.11","15736.39"
"2026-01-22","MY","Perak","MY","Pahang","FedEx","26746","20212.23","51308.56"
"2026-01-22","ID","Riau","ID","North Sumatra","Pos Indonesia","10662","8060.64","28789.07"
"2026-01-22","ID","Riau","ID","Central Java","Pos Indonesia","18151","13487.48","98788.2"
"2026-01-22","ID","Riau","ID","South Sulawesi","DHL","9216","7755.34","74263.72"
"2026-01-22","ID","Riau","ID","Jakarta","SiCepat","12214","7915.26","69347.82"
"2026-01-22","PH","Bicol Region","PH","West Visayas","LBC Express","8755","5620.95","24118.88"
"2026-01-22","PH","Bicol Region","PH","Calabarzon","Ninja Van","12288","7867.18","23487.39"
"2026-01-22","PH","Bicol Region","PH","Ilocos Region","2GO Express","20343","17105.3","52679.67"
"2026-01-22","PH","Bicol Region","PH","Central Visayas","Ninja Van","31931","23987.95","74085.2"
"2026-01-22","PH","Bicol Region","PH","Northern Mindanao","J&T","30493","22190.39","90895.52"
"2026-01-22","PH","Bicol Region","PH","NCR","Ninja Van","15961","10149.07","33064.24"
"2026-01-22","PH","Bicol Region","PH","SOCCSKSARGEN","J&T","19953","13193.97","73423.27"
"2026-01-22","TH","Khon Kaen","TH","Songkhla","Kerry Express","11607","9945.95","66541.64"
"2026-01-22","TH","Khon Kaen","TH","BKK","J&T","24571","13921.49","58918.1"
"2026-01-22","PH","SOCCSKSARGEN","PH","Central Visayas","Ninja Van","12579","9537.57","34825.51"
"2026-01-22","MY","Uknown","MY","Kuala Lumpur","J&T","12788","8550.81","58279.04"
"2026-01-22","PH","Unknown","PH","NCR","J&T","11468","7410.18","53050.06"
"2026-01-22","MY","Perak","MY","Johor","Pos Malaysia","23403","18026.42","76328.42"
"2026-01-22","PH","Bicol Region","PH","Bicol Region","2GO Express","26118","22793.31","35079.88"
"2026-01-22","PH","Calabarzon","PH","Northern Mindanao","Ninja Van","33817","26744.12","99677.23"
"2026-01-22","PH","Central Luzon","PH","Central Visayas","2GO Express","13398","10651.98","35757.29"
"2026-01-22","PH","Central Luzon","PH","Central Luzon","2GO Express","11887","9002.87","12250.09"
"2026-01-22","PH","Calabarzon","PH","Central Luzon","LBC Express","14867","11858.66","22399.19"
"2026-01-22","PH","Central Luzon","PH","Ilocos Region","DHL","19348","15818.77","24429.74"
"2026-01-22","PH","Calabarzon","PH","Ilocos Region","J&T","34528","28600.16","52424.78"
"2026-01-22","PH","Central Luzon","PH","Bicol Region","J&T","30051","25434.03","59046.37"
"2026-01-22","PH","Calabarzon","PH","NCR","2GO Express","14361","10028.58","15214.25"
"2026-01-22","PH","Central Luzon","PH","NCR","J&T","33790","20836.86","38937.01"
"2026-01-22","PH","Central Luzon","PH","West Visayas","LBC Express","20342","13555.38","60992.16"
"2026-01-22","PH","Calabarzon","PH","West Visayas","Ninja Van","9848","6137.94","22086.86"
"2026-01-22","TH","Chonburi","TH","Phuket","Kerry Express","10956","7938.81","39014.65"
"2026-01-22","PH","Bicol Region","PH","Central Luzon","2GO Express","28732","20934.12","66333.96"
"2026-01-22","TH","Korat","TH","Chiang Mai","J&T","27865","22072.39","67103.85"
"2026-01-22","PH","Calabarzon","PH","Calabarzon","J&T","14514","9816.84","15144.55"
"2026-01-22","TH","Songkhla","TH","Korat","DHL","14533","8877.05","56800.02"
"2026-01-22","TH","Songkhla","TH","Chiang Mai","J&T","19198","14364.35","102350.48"
"2026-01-22","PH","Central Luzon","PH","Northern Mindanao","2GO Express","11864","9425.1","39928.09"
"2026-01-22","PH","Central Luzon","PH","SOCCSKSARGEN","J&T","15906","11114.99","64738.98"
"2026-01-22","ID","Bali","ID","Bali","Pos Indonesia","21367","16375.26","24894.37"
"2026-01-22","TH","Surat Thani","TH","Nonthaburi","Ninja Van","26248","17163.09","79630.01"
"2026-01-22","TH","Surat Thani","TH","Songkhla","J&T","10575","8426.88","21940.24"
"2026-01-22","TH","Surat Thani","TH","Nakhon Sawan","Ninja Van","16152","12522.59","61222.84"
"2026-01-22","TH","Surat Thani","TH","BKK","Kerry Express","23682","14862.46","90901.57"
"2026-01-22","TH","Surat Thani","TH","Chiang Mai","J&T","27368","21349.61","127676.42"
"2026-01-22","MY","Negeri Sembilan","MY","Kuala Lumpur","Pos Malaysia","9434","6710.84","16483.29"
"2026-01-22","MY","Negeri Sembilan","MY","Perak","Ninja Van","17925","14455.6","33347.85"
"2026-01-22","ID","South Sulawesi","ID","West Java","J&T","22739","14171.48","126885.38"
"2026-01-22","PH","Central Visayas","PH","Northern Mindanao","Ninja Van","26944","20333.97","43542.8"
"2026-01-22","PH","Central Visayas","PH","Calabarzon","DHL","12262","7591.0","29234.87"
"2026-01-22","TH","BKK","TH","Chiang Mai","J&T","30405","23191.84","81414.22"
"2026-01-22","TH","BKK","TH","Phuket","Ninja Van","30729","20024.61","91844.37"
"2026-01-22","TH","BKK","TH","Nakhon Sawan","Kerry Express","26734","21365.78","54442.51"
"2026-01-22","PH","Central Visayas","PH","Bicol Region","Ninja Van","32237","27518.91","64883.1"
"2026-01-22","ID","Central Java","ID","Jakarta","Pos Indonesia","18808","12387.09","38670.76"
"2026-01-22","ID","South Sulawesi","ID","Jakarta","SiCepat","10900","7056.7","81886.1"
"2026-01-22","ID","Central Java","ID","East Java","DHL","36710","24738.4","60699.46"
"2026-01-22","TH","BKK","TH","Khon Kaen","Kerry Express","31234","25422.92","78526.08"
"2026-01-22","PH","Central Visayas","PH","SOCCSKSARGEN","DHL","13611","9194.57","29096.7"
"2026-01-22","TH","BKK","TH","Uknown","Ninja Van","30395","22191.68","134582.02"
"2026-01-22","PH","Central Visayas","PH","NCR","Ninja Van","18982","12281.6","50107.08"
"2026-01-22","ID","South Sulawesi","ID","South Sulawesi","Pos Indonesia","12254","10194.1","15989.77"
"2026-01-22","ID","South Sulawesi","ID","Central Java","Pos Indonesia","19184","13481.41","88122.43"
"2026-01-22","ID","Central Java","ID","South Sulawesi","DHL","29962","24052.73","112413.99"
"2026-01-22","ID","Central Java","ID","Central Java","SiCepat","32237","22092.88","45162.4"
"2026-01-22","PH","Central Visayas","PH","Central Visayas","2GO Express","13672","10398.23","14955.51"
"2026-01-22","ID","South Sulawesi","ID","Riau","DHL","24635","19802.04","207090.59"
"2026-01-22","TH","BKK","TH",,"Ninja Van","16543","10765.51","72088.5"
"2026-01-22","MY","Selangor","MY","Johor","J&T","15204","10991.25","27706.33"
"2026-01-22","PH","NCR","PH","Central Luzon","LBC Express","8866","6979.25","12423.94"
"2026-01-22","PH","NCR","PH","Calabarzon","Ninja Van","32884","21923.73","36183.74"
"2026-01-22","MY","Kuala Lumpur","MY","Sabah","Ninja Van","24618","20895.73","138738.43"
"2026-01-22","MY","Kuala Lumpur","MY","Pahang","Pos Malaysia","19818","17017.73","38533.36"
"2026-01-22","PH","Northern Mindanao","PH","Calabarzon","LBC Express","21685","15181.55","100587.12"
"2026-01-22","TH","Nonthaburi","TH","Nakhon Sawan","Ninja Van","12209","9483.01","18489.34"
"2026-01-22","PH","Northern Mindanao","PH","Bicol Region","DHL","19494","16727.94","61983.45"
"2026-01-22","PH","Ilocos Region","PH","Ilocos Region","LBC Express","21156","19276.79","32935.81"
"2026-01-22","PH","Ilocos Region","PH","NCR","J&T","16046","9972.6","27834.34"
"2026-01-22","PH","Ilocos Region","PH","Central Visayas","DHL","28256","22281.25","101389.62"
"2026-01-22","PH","Ilocos Region","PH","Northern Mindanao","2GO Express","8279","6659.18","37906.69"
"2026-01-22","PH","Ilocos Region","PH","SOCCSKSARGEN","J&T","24590","17194.89","121897.41"
"2026-01-22","MY","Unknown","MY","Sabah","Pos Malaysia","11926","10858.11","67924.29"
"2026-01-22","PH","Ilocos Region","PH","Calabarzon","Ninja Van","30045","20721.53","60288.29"
"2026-01-22","PH","Ilocos Region","PH","Central Luzon","LBC Express","18488","14742.62","38082.57"
"2026-01-22","ID","Jakarta","ID","West Java","DHL","21902","13936.4","29857.25"
"2026-01-22","ID","Jakarta","ID","South Sulawesi","SiCepat","18176","15193.95","109898.84"
"2026-01-22","MY","Pahang","MY","Sarawak","DHL","11209","8885.13","38511.73"
"2026-01-22","ID","Jakarta","ID","Central Java","Pos Indonesia","9497","6981.59","19097.4"
"2026-01-22","ID","North Sumatra","ID","Riau","DHL","29197","22990.31","81829.95"
"2026-01-22","ID","North Sumatra","ID","East Java","Pos Indonesia","22235","15696.39","178810.94"
"2026-01-22","MY","Pahang","MY","Negeri Sembilan","Pos Malaysia","22445","17938.66","48331.79"
"2026-01-22","MY","Pahang","MY","Kedah","J&T","23803","20979.28","55506.34"
"2026-01-22","ID","North Sumatra","ID","Banten","Pos Indonesia","26008","18038.33","149602.02"
"2026-01-22","ID","North Sumatra","ID","Bali","Pos Indonesia","22199","17210.0","194865.82"
"2026-01-22","ID","North Sumatra","ID","North Sumatra","J&T","31148","21952.25","38576.18"
"2026-01-22","ID","Jakarta","ID","Banten","SiCepat","28928","19296.96","45156.49"
"2026-01-22","MY","Pahang","MY","Sabah","J&T","19616","17123.93","110284.03"
"2026-01-22","MY","Pahang","MY","Johor","Pos Malaysia","10498","7928.72","24981.02"
"2026-01-22","MY","Pahang","MY","Penang","Pos Malaysia","25938","19266.55","72033.12"
"2026-01-22","TH","Nakhon Sawan","TH","Chonburi","Ninja Van","9910","6994.06","22246.21"
"2026-01-22","PH","Uknown","PH","Central Luzon","DHL","19368","13975.23","88099.19"
"2026-01-22","TH","Nakhon Sawan","TH","Korat","J&T","8600","5342.49","17022.82"
"2026-01-22","TH","Nakhon Sawan","TH","Chiang Mai","Kerry Express","8754","7369.19","27729.02"
"2026-01-22","TH","Nakhon Sawan","TH","Khon Kaen","Kerry Express","12755","11146.25","36565.16"
"2026-01-22","TH","Nakhon Sawan","TH","Surat Thani","Kerry Express","22317","17954.51","109687.64"
"2026-01-22","TH","Nakhon Sawan","TH","BKK","Ninja Van","21919","12801.91","41378.13"
"2026-01-22","TH","Nakhon Sawan","TH","Songkhla","J&T","25691","19602.25","110464.08"
"2026-01-22","TH","Nakhon Sawan","TH","Nonthaburi","Kerry Express","16661","11416.61","39224.43"
"2026-01-22","TH","BKK","TH","Songkhla","Kerry Express","31272","25432.14","118435.54"
"2026-01-22","ID","South Sulawesi","ID","East Java","J&T","31432","21175.01","119772.04"
"2026-01-22","TH","Surat Thani","TH","Chonburi","Ninja Van","18668","13400.49","54721.71"
"2026-01-22","TH","Surat Thani","TH","Khon Kaen","Kerry Express","20463","17417.63","102394.26"
"2026-01-22","TH","Surat Thani","TH","Surat Thani","J&T","20210","14976.19","26113.43"
"2026-01-22","TH","Surat Thani","TH","Phuket","Kerry Express","26107","18248.08","57080.6"
"2026-01-22","MY","Kedah","MY","Penang","J&T","18343","13189.19","25428.35"
"2026-01-22","MY","Kedah","MY","Johor","J&T","23369","17286.31","72810.6"
"2026-01-22","TH","Phuket","TH","Chonburi","Kerry Express","12772","8659.6","47339.62"
"2026-01-22","TH","Phuket","TH","Nonthaburi","J&T","7957","4789.77","23755.12"
"2026-01-22","MY","Kedah","MY","Perak","Pos Malaysia","23759","21040.07","49231.83"
"2026-01-22","TH","BKK","TH","Nonthaburi","J&T","28702","18444.87","28756.37"
"2026-01-22","MY","Kedah","MY","Kuala Lumpur","J&T","16605","11748.96","37418.72"
"2026-01-22","TH","Phuket","TH","Khon Kaen","Kerry Express","7420","6017.42","36085.37"
"2026-01-22","TH","Phuket","TH","Chiang Mai","Ninja Van","12349","9343.23","56400.32"
"2026-01-22","TH","Phuket","TH","BKK","DHL","8679","4996.23","25153.9"
"2026-01-22","ID","Central Java","ID","Banten","Pos Indonesia","33968","23029.66","78670.19"
"2026-01-22","ID","South Sulawesi","ID","Banten","SiCepat","28809","18123.57","230342.74"
"2026-01-22","MY","Kedah","MY","Sarawak","Pos Malaysia","9718","8661.87","60508.78"
"2026-01-22","TH","Phuket","TH","Phuket","Ninja Van","19421","12171.02","19519.85"
"2026-01-22","MY","Kedah","MY","Kedah","J&T","18256","16500.06","21384.39"
"2026-01-22","TH","Phuket","TH","Nakhon Sawan","Kerry Express","22470","17604.14","98839.22"
"2026-01-22","MY","Kedah","MY","Selangor","Pos Malaysia","13991","11266.16","38536.53"
"2026-01-22","MY","Kedah","MY","Negeri Sembilan","J&T","27459","21349.29","66673.56"
"2026-01-22","ID","South Sulawesi","ID","North Sumatra","Pos Indonesia","10503","7982.07","101674.57"
"2026-01-22","ID","Central Java","ID","West Java","SiCepat","29785","18987.87","72493.4"
"2026-01-22","MY","Selangor","MY","Perak","Pos Malaysia","22210","20091.76","42754.63"
"2026-01-22","MY","Selangor","MY","Penang","J&T","27954","19486.5","47555.23"
"2026-01-22","MY","Selangor","MY","Sarawak","Pos Malaysia","8948","7846.82","42665.01"
"2026-01-22","MY","Selangor","MY","Selangor","J&T","30890","23761.98","32316.26"
"2026-01-22","MY","Selangor","MY","Sabah","J&T","21632","18780.09","122372.36"
"2026-01-22","MY","Negeri Sembilan","MY","Negeri Sembilan","Pos Malaysia","16032","12488.63","24885.78"
"2026-01-22","TH","Nakhon Sawan","TH","Nakhon Sawan","Kerry Express","12437","10025.28","20745.05"
"2026-01-22","PH","West Visayas","PH","Bicol Region","J&T","25661","22311.08","48128.14"
"2026-01-22","PH","West Visayas","PH","SOCCSKSARGEN","Ninja Van","24509","18138.77","62625.3"
"2026-01-22","MY","Negeri Sembilan","MY","Penang","J&T","24135","16465.54","56782.25"
"2026-01-22","MY","Negeri Sembilan","MY","Johor","J&T","13843","9736.3","28535.21"
"2026-01-22","MY","Negeri Sembilan","MY","Pahang","Pos Malaysia","24542","20543.89","54704.93"
"2026-01-22","PH","West Visayas","PH","Central Luzon","DHL","20114","15064.59","48011.04"
"2026-01-22","MY","Penang","MY","Selangor","J&T","13275","10009.48","22642.53"
"2026-01-22","ID","East Java","ID","Banten","DHL","34931","21691.77","102820.43"
"2026-01-22","MY","Penang","MY","Perak","Pos Malaysia","9991","8772.01","15771.77"
"2026-01-22","MY","Penang","MY","Negeri Sembilan","DHL","20272","14244.81","37614.38"
"2026-01-22","ID","East Java","ID","Riau","SiCepat","16488","13679.52","109678.77"
"2026-01-22","MY","Penang","MY","Johor","Pos Malaysia","18457","13941.12","58398.19"
"2026-01-22","MY","Penang","MY","Kuala Lumpur","Pos Malaysia","8436","5986.39","18300.56"
"2026-01-22","ID","East Java","ID","South Sulawesi","Pos Indonesia","14979","12533.39","46212.51"
"2026-01-22","ID","East Java","ID","Central Java","DHL","35921","24005.02","63685.65"
"2026-01-22","MY","Penang","MY","Sarawak","Pos Malaysia","20831","18245.73","116733.43"
"2026-01-22","ID","East Java","ID","East Java","Ninja Van","33518","24229.19","36878.01"
"2026-01-22","MY","Penang","MY","Penang","Ninja Van","27413","19529.22","28119.0"
"2026-01-22","MY","Penang","MY","Pahang","Ninja Van","10636","8732.07","22314.43"
"2026-01-22","ID","East Java","ID","Jakarta","Pos Indonesia","31837","20712.51","92679.44"
"2026-01-22","PH","West Visayas","PH","Central Visayas","LBC Express","28573","24233.17","48207.23"
"2026-01-22","TH","Chonburi","TH","Nonthaburi","Kerry Express","23217","16861.7","34908.55"
"2026-01-22","TH","Chonburi","TH","","Ninja Van","13033","8086.36","56521.58"
"2026-01-22","TH","Chonburi","TH","Khon Kaen","Ninja Van","9090","7246.17","19698.71"
"2026-01-22","PH","West Visayas","PH","Northern Mindanao","Ninja Van","10129","7959.74","19467.88"
"2026-01-22","ID",,"ID","West Java","Pos Indonesia","26548","18034.6","120884.76"
"2026-01-22","TH","Chonburi","TH","Songkhla","J&T","15196","11572.01","45792.82"
"2026-01-22","TH","Chonburi","TH","Korat","Kerry Express","29874","20109.35","59187.29"
"2026-01-22","TH","Chonburi","TH","Chiang Mai","J&T","12086","9146.45","34598.11"
"2026-01-22","PH","West Visayas","PH","Calabarzon","Ninja Van","18792","12889.19","40293.13"
"2026-01-22","ID","Banten","ID","North Sumatra","SiCepat","26329","18446.2","170523.8"
"2026-01-22","PH","West Visayas","PH","West Visayas","2GO Express","18753","11414.37","19392.7"
"2026-01-22","MY","Sabah","MY","Sarawak","Pos Malaysia","30155","27104.88","149077.26"
"2026-01-22","PH","Ilocos Region","PH","Bicol Region","Ninja Van","25523","23341.18","64766.58"
"2026-01-22","MY","Sabah","MY","Perak","Pos Malaysia","9307","8244.74","80395.57"
"2026-01-22","MY","Sabah","MY","Sabah","Pos Malaysia","9599","9062.13","16916.67"
"2026-01-22","TH","Unknown","TH","Korat","Kerry Express","30562","20453.73","177813.95"
"2026-01-22","MY","Sabah","MY","Johor","Ninja Van","20385","14691.4","128135.11"
"2026-01-22","MY","Sabah","MY","Pahang","Pos Malaysia","25774","21932.89","205945.38"
"2026-01-22","MY","Sabah","MY","Kuala Lumpur","J&T","18672","12910.72","133018.38"
"2026-01-22","MY","Sabah","MY","Selangor","DHL","23113","16675.13","164554.16"
"2026-01-22","MY","Sabah","MY","Penang","FedEx","25163","16431.67","180839.12"
"2026-01-22","MY","Sabah","MY","Negeri Sembilan","Pos Malaysia","24103","19033.93","198202.19"
"2026-01-22","PH","NCR","PH","Bicol Region","2GO Express","33139","29754.15","60696.99"
"2026-01-22","PH","NCR","PH","SOCCSKSARGEN","J&T","20019","13999.5","72756.46"
"2026-01-22","PH","NCR","PH","NCR","J&T","11443","7121.62","12246.25"
"2026-01-22","PH","NCR","PH","Central Visayas","Ninja Van","16370","12711.15","40839.26"
"2026-01-22","PH","NCR","PH","West Visayas","2GO Express","30057","18404.65","70274.38"
"2026-01-22","ID","West Java","ID","West Java","Pos Indonesia","11653","8145.11","13353.45"
"2026-01-22","ID","West Java","ID","North Sumatra","Ninja Van","21297","16360.25","116399.57"
"2026-01-22","ID","West Java","ID","South Sulawesi","Ninja Van","16392","14195.94","73036.14"
"2026-01-22","ID","West Java","ID","Central Java","Pos Indonesia","30694","21920.65","55902.54"
"2026-01-22","ID","West Java","ID","Riau","Ninja Van","30803","27186.92","125116.34"
"2026-01-22","PH","West Visayas","PH","Ilocos Region","2GO Express","34083","29928.08","93203.38"
"2026-01-22","ID","Riau","ID","West Java","J&T","20529","13777.94","96462.2"
"2026-01-22","TH","Chiang Mai","TH","Nonthaburi","Ninja Van","19912","12979.49","57809.93"
"2026-01-22","ID","Banten","ID","Banten","Pos Indonesia","27606","18582.85","30989.75"
"2026-01-22","ID","Banten","ID","Jakarta","J&T","20467","12794.43","23718.75"
"2026-01-22","ID","West Java","ID","Banten","Pos Indonesia","30432","21083.3","47075.68"
"2026-01-22","ID","West Java","ID","Bali","SiCepat","35401","26746.3","152368.93"
"2026-01-22","ID","Banten","ID","East Java","J&T","17719","12444.44","54271.54"
"2026-01-22","ID","Banten","ID","Bali","Pos Indonesia","20266","15017.52","79493.93"
"2026-01-22","MY","Johor","MY","Sarawak","J&T","29698","24686.01","86427.11"
"2026-01-22","ID","Bali","ID","Riau","Ninja Van","10946","10083.9","172444.27"
"2026-01-22","ID","Banten","ID","Central Java","J&T","13004","8883.92","29042.55"
"2026-01-22","MY","Negeri Sembilan","MY","Sarawak","Ninja Van","8287","6730.34","37038.78"
"2026-01-22","MY","Negeri Sembilan","MY","Sabah","Pos Malaysia","21161","18733.19","169760.5"
"2026-01-22","MY","Negeri Sembilan","MY","Selangor","Pos Malaysia","25942","20176.21","43749.53"
"2026-01-22","MY","Negeri Sembilan","MY","Kedah","Pos Malaysia","12424","11220.7","40142.35"
"2026-01-22","ID","Banten","ID","West Java","Ninja Van","14493","9605.25","22397.13"
"2026-01-22","TH","Songkhla","TH","Chonburi","Ninja Van","21193","14059.63","69698.2"
"2026-01-22","TH","Songkhla","TH","BKK","Kerry Express","9059","5640.08","36547.44"
"2026-01-22","TH","Songkhla","TH","Surat Thani","J&T","27367","20442.0","48572.89"
"2026-01-22","TH","Songkhla","TH","Songkhla","Kerry Express","13197","10848.18","20020.76"
"2026-01-22","TH","Songkhla","TH","Phuket","Ninja Van","19844","12843.51","36321.2"
"2026-01-22","TH","Songkhla","TH","Khon Kaen","J&T","24676","19577.11","105708.42"
"2026-01-22","MY","Kuala Lumpur","MY","Sarawak","Pos Malaysia","18462","15920.9","89711.41"
"2026-01-22","TH","Nonthaburi","TH","Khon Kaen","Ninja Van","20422","16110.4","42600.28"
"2026-01-22","PH","Northern Mindanao","PH","SOCCSKSARGEN","2GO Express","13673","10056.2","27598.12"
"2026-01-22","MY","Kuala Lumpur","MY","Penang","J&T","28490","19362.36","53076.46"
"2026-01-22","MY","Kuala Lumpur","MY","Negeri Sembilan","Pos Malaysia","8562","6876.31","11860.64"
"2026-01-22","TH","Nonthaburi","TH","BKK","Ninja Van","26825","16633.76","27307.17"
"2026-01-22","PH","Northern Mindanao","PH","Central Visayas","Ninja Van","23784","19130.65","46808.74"
"2026-01-22","MY","Kuala Lumpur","MY","Selangor","Pos Malaysia","8322","6306.27","10482.89"
"2026-01-22","MY","Kuala Lumpur","MY","Kuala Lumpur","J&T","28963","19142.47","30957.43"
"2026-01-22","TH","Nonthaburi","TH","Phuket","J&T","19828","12707.44","58555.69"
"2026-01-22","PH","Northern Mindanao","PH","Ilocos Region","2GO Express","13881","12193.69","61104.33"
"2026-01-22","MY","Kuala Lumpur","MY","Kedah","Ninja Van","24112","21885.35","49708.44"
"2026-01-22","PH","Northern Mindanao","PH","West Visayas","LBC Express","11410","7328.99","35505.16"
"2026-01-22","TH","Nonthaburi","TH","Nonthaburi","Kerry Express","20433","14277.64","26594.15"
"2026-01-22","PH","Northern Mindanao","PH","Northern Mindanao","Ninja Van","20592","16227.3","29709.2"
"2026-01-22","MY","Kuala Lumpur","MY","Johor","Ninja Van","12876","9041.34","22409.87"
"2026-01-22","TH","Nonthaburi","TH","Korat","Ninja Van","23109","14685.09","36983.63"
"2026-01-22","TH","Nonthaburi","TH","Surat Thani","FedEx","10486","7777.02","25220.17"
"2026-01-22","TH","Nonthaburi","TH","Songkhla","Ninja Van","21292","16709.96","61853.15"
"2026-01-22","TH","Nonthaburi","TH","Chonburi","DHL","16815","10898.8","20363.91"
"2026-01-22","TH","Chiang Mai","TH","Chonburi","Kerry Express","29324","20743.66","117432.69"
"2026-01-22","TH","Chiang Mai","TH","Khon Kaen","Ninja Van","15153","11898.32","41706.1"
"2026-01-22","TH","Chiang Mai","TH","BKK","Ninja Van","17360","10505.14","49647.98"
"2026-01-22","TH","Chiang Mai","TH","Korat","J&T","26454","16769.64","73730.8"
"2026-01-22","TH","Chiang Mai","TH","Songkhla","Kerry Express","28447","23632.38","193444.33"
"2026-01-22","TH","Chiang Mai","TH","Phuket","FedEx","22942","14632.19","115171.98"
"2026-01-22","TH","Chiang Mai","TH","Chiang Mai","Ninja Van","22081","18015.26","27958.62"
"2026-01-22","TH","Chiang Mai","TH","Nakhon Sawan","Ninja Van","20373","15344.77","9317.87"
"2026-01-22","MY","Perak","MY","Penang","J&T","25727","18149.47","36759.97"
"2026-01-22","MY","Pahang","MY","Selangor","Pos Malaysia","25303","19739.01","53766.95"
"2026-01-22","ID","Jakarta","ID","Jakarta","Ninja Van","30455","20856.54","32370.31"
"2026-01-22","MY","Pahang","MY","Pahang","Pos Malaysia","9055","7756.15","12556.65"
"2026-01-22","ID","Jakarta","ID","Riau","Pos Indonesia","25814","22489.19","93706.46"
"2026-01-22","MY","Pahang","MY","Perak","J&T","20545","17241.63","38210.07"
"2026-01-22","ID","Jakarta","ID","North Sumatra","Pos Indonesia","18306","14167.97","86067.98"
"2026-01-22","TH","Korat","TH","Songkhla","J&T","25156","20249.42","89389.74"
"2026-01-22","TH","Korat","TH","Nonthaburi","FedEx","27870","17831.65","45100.85"
"2026-01-22","TH","Korat","TH","Uknown","Ninja Van","22666","17009.21","99608.52"
"2026-01-22","ID","Bali","ID","Unknown","J&T","14497","9986.31","73912.89"
"2026-01-22","TH","Korat","TH","Surat Thani","Kerry Express","12840","10738.35","45804.66"
"2026-01-22","TH","Korat","TH","Chonburi","FedEx","21473","14137.25","34484.19"
"2026-01-22","TH","Korat","TH","Khon Kaen","Kerry Express","27092","23218.45","51137.14"
"2026-01-22","ID","Bali","ID","Central Java","Ninja Van","25723","19628.08","74971.26"
"2026-01-22","ID","Bali","ID","South Sulawesi","Pos Indonesia","11640","10136.48","34763.85"
"2026-01-22","ID","Bali","ID","West Java","Pos Indonesia","8392","5856.7","33796.02"
"2026-01-22","MY","Johor","MY","Pahang","Pos Malaysia","15377","13391.53","31616.15"
"2026-01-22","ID","Bali","ID","East Java","Pos Indonesia","29089","21740.76","58380.07"
"2026-01-22","MY","Perak","MY","Kuala Lumpur","Ninja Van","19680","13616.5","32674.38"
"2026-01-22","MY","Johor","MY","Penang","J&T","28877","19738.02","74009.61"
"2026-01-22","ID","Bali","ID","Banten","Pos Indonesia","11747","8006.29","52189.64"
"2026-01-22","MY","Johor","MY","Perak","Pos Malaysia","28234","24357.7","76014.1"
"2026-01-22","MY","Johor","MY","Negeri Sembilan","Ninja Van","20484","15147.84","32889.98"
"2026-01-22","MY","Johor","MY","Selangor","Ninja Van","26681","19604.98","47453.58"
"2026-01-22","TH","Korat","TH","Korat","Kerry Express","26570","18168.78","34523.64"
"2026-01-22","MY","Johor","MY","Johor","Ninja Van","9720","6971.32","10153.84"
"2026-01-22","MY","Sarawak","MY","Selangor","Ninja Van","8653","6288.51","37681.28"
"2026-01-22","MY","Johor","MY","Kedah","Ninja Van","21144","18338.29","58024.94"
"2026-01-22","MY","Johor","MY","Sabah","Ninja Van","9783","8260.5","48938.69"
"2026-01-22","TH","Korat","TH","Phuket","Ninja Van","17164","11746.52","56713.22"
"2026-01-22","TH","BKK","TH","Korat","Kerry Express","11242","7724.19","23146.38"
"2026-01-22","ID","Riau","ID","East Java","DHL","26252","17977.9","161253.06"
"2026-01-22","MY","Sarawak","MY","Kuala Lumpur","Ninja Van","8657","5852.23","38062.75"
"2026-01-22","ID","Riau","ID","Banten","Ninja Van","28069","20277.13","119806.55"
"2026-01-22","MY","Sarawak","MY","Unknown","Pos Malaysia","29263","20430.25","183013.48"
"2026-01-22","ID","Riau","ID","Bali","Ninja Van","33022","25676.17","239868.87"
"2026-01-22","MY","Sarawak","MY","Kedah","Pos Malaysia","28130","25963.04","168669.88"
"2026-01-22","MY","Sarawak","MY","Pahang","J&T","14915","12300.91","55657.2"
"2026-01-22","MY","Sarawak","MY","Penang","J&T","20930","14235.33","100028.52"
"2026-01-22","TH","Khon Kaen","TH","Nonthaburi","Kerry Express","15116","10498.47","42238.73"
"2026-01-22","PH","SOCCSKSARGEN","PH","Northern Mindanao","Ninja Van","25933","19452.85","49009.72"
"2026-01-22","TH","Khon Kaen","TH","Nakhon Sawan","J&T","12504","9180.84","26399.87"
"2026-01-22","PH","SOCCSKSARGEN","PH","SOCCSKSARGEN","Ninja Van","28398","19528.75","38314.21"
"2026-01-22","PH","SOCCSKSARGEN","PH","West Visayas","DHL","8261","4698.24","24663.47"
"2026-01-22","PH","SOCCSKSARGEN","PH","NCR","2GO Express","9238","5796.54","41093.31"
"2026-01-22","PH","SOCCSKSARGEN","PH","Ilocos Region","LBC Express","21466","18330.07","139112.19"
"2026-01-22","TH","Khon Kaen","TH","Korat","J&T","12375","7668.76","20598.62"
"2026-01-22","TH","Khon Kaen","TH","Phuket","Ninja Van","20987","14093.03","98671.53"
"2026-01-22","TH","Khon Kaen","TH","Chiang Mai","Kerry Express","18777","15565.35","61496.44"
"2026-01-22","TH","Khon Kaen","TH","Chonburi","Ninja Van","26546","17594.01","61764.03"
"2026-01-22","PH","SOCCSKSARGEN","PH","Calabarzon","LBC Express","29574","20104.17","160337.03"
"2026-01-22","PH","SOCCSKSARGEN","PH","Central Luzon","Ninja Van","28377","21019.28","134557.34"
"2026-01-23","ID","Riau","ID","Banten","Pos Indonesia","27892","19473.14","119863.14"
"2026-01-23","MY","Perak","MY","Penang","Pos Malaysia","16979","12103.59","30260.93"
"2026-01-23","MY","Perak","MY","Selangor","Pos Malaysia","10382","6995.74","21665.75"
"2026-01-23","MY","Perak","MY","Sabah","Pos Malaysia","9188","8359.81","73843.93"
"2026-01-23","MY","Perak","MY","Pahang","J&T","25899","20877.66","51374.45"
"2026-01-23","MY","Sarawak","MY","Kuala Lumpur","Pos Malaysia","28779","20968.24","151461.86"
"2026-01-23","ID","Riau","ID","North Sumatra","Pos Indonesia","25566","19686.43","71619.41"
"2026-01-23","ID","Riau","ID","West Java","Pos Indonesia","31407","22424.47","147818.3"
"2026-01-23","MY","Sarawak","MY","Sarawak","Ninja Van","8784","7117.03","132342.69"
"2026-01-23","ID","","ID","Bali","DHL","11658","8901.78","51346.45"
"2026-01-23","TH","Khon Kaen","TH","Phuket","Kerry Express","18693","12961.93","105283.23"
"2026-01-23","PH","SOCCSKSARGEN","PH","Calabarzon","Ninja Van","18171","11870.95","78742.91"
"2026-01-23","PH","Bicol Region","PH","Central Luzon","LBC Express","17700","13138.92","52127.03"
"2026-01-23","PH","Bicol Region","PH","NCR","2GO Express","28126","18088.3","56808.07"
"2026-01-23","PH","Bicol Region","PH","Ilocos Region","2GO Express","11009","9303.95","26538.66"
"2026-01-23","PH","Bicol Region","PH","Calabarzon","LBC Express","22837","15827.47","54639.25"
"2026-01-23","PH","Bicol Region","PH","Northern Mindanao","LBC Express","18623","15676.81","67903.94"
"2026-01-23","PH","Bicol Region","PH","West Visayas","LBC Express","27980","17222.9","12857.42"
"2026-01-23","PH","Bicol Region","PH","SOCCSKSARGEN","2GO Express","17724","12441.75","66915.34"
"2026-01-23","PH","Bicol Region","PH","Bicol Region","J&T","29872","25309.53","38306.21"
"2026-01-23","TH","Khon Kaen","TH","Songkhla","Ninja Van","23968","20449.99","103138.94"
"2026-01-23","PH","Unknown","PH","Northern Mindanao","LBC Express","24144","20471.43","143239.93"
"2026-01-23","MY","Uknown","MY","Uknown","FedEx","8469","4984.26","37796.62"
"2026-01-23","TH","Khon Kaen","TH","BKK","DHL","11888","7100.41","28660.22"
"2026-01-23","PH","Central Luzon","PH","SOCCSKSARGEN","DHL","34079","23626.77","128569.91"
"2026-01-23","PH","Central Luzon","PH","Bicol Region","2GO Express","11819","10599.39","21949.84"
"2026-01-23","PH","Calabarzon","PH","Ilocos Region","2GO Express","9565","8673.13","15604.87"
"2026-01-23","PH","Central Luzon","PH","Ilocos Region","Ninja Van","33689","28572.51","355170.2"
"2026-01-23","PH","Calabarzon","PH","NCR","2GO Express","22973","15589.62","25417.52"
"2026-01-23","PH","Central Luzon","PH","West Visayas","2GO Express","26487","15719.2","64635.09"
"2026-01-23","PH","Calabarzon","PH","West Visayas","Ninja Van","18346","11068.12","38569.99"
"2026-01-23","PH","Central Luzon","PH","Northern Mindanao","Ninja Van","26300","21201.88","86998.54"
"2026-01-23","PH","Calabarzon","PH","Northern Mindanao","Ninja Van","32817","26814.0","105500.31"
"2026-01-23","TH","Chonburi","TH","Phuket","J&T","24214","15964.57","68200.32"
"2026-01-23","TH","Chonburi","TH","Korat","Kerry Express","26648","16546.36","54189.27"
"2026-01-23","TH","Uknown","TH","Uknown","Ninja Van","28807","20909.98","133289.94"
"2026-01-23","PH","Bicol Region","PH","Central Visayas","J&T","13409","9209.38","31338.63"
"2026-01-23","TH","Songkhla","TH","Korat","Ninja Van","9810","5765.38","36246.5"
"2026-01-23","TH","Songkhla","TH","BKK","Kerry Express","26558","17523.02","115303.1"
"2026-01-23","TH","Songkhla","TH","Chiang Mai","DHL","21969","18687.35","111085.33"
"2026-01-23","PH","Calabarzon","PH","Central Luzon","Ninja Van","27714","19750.58","35828.22"
"2026-01-23","PH","Central Luzon","PH","Central Luzon","DHL","12942","9025.4","14150.19"
"2026-01-23","PH","Central Luzon","PH","","DHL","33994","23553.44","146793.78"
"2026-01-23","PH","Central Luzon","PH","Central Visayas","Ninja Van","28557","22340.09","75068.6"
"2026-01-23","TH","Surat Thani","TH","Chonburi","Kerry Express","16357","11254.15","56640.05"
"2026-01-23","TH","Surat Thani","TH","Songkhla","Kerry Express","13473","12250.84","32936.8"
"2026-01-23","TH","Surat Thani","TH","Nakhon Sawan","J&T","28131","20640.89","101612.22"
"2026-01-23","TH","Surat Thani","TH","Chiang Mai","J&T","11294","9471.73","54952.92"
"2026-01-23","TH","Surat Thani","TH","BKK","J&T","7202","4415.28","21901.36"
"2026-01-23","TH","Surat Thani","TH","Nonthaburi","Kerry Express","14033","9532.72","53553.83"
"2026-01-23","MY","Negeri Sembilan","MY","Penang","J&T","14667","9647.99","32575.23"
"2026-01-23","MY","Negeri Sembilan","MY","Kuala Lumpur","Pos Malaysia","25423","18790.71","41717.84"
"2026-01-23","ID","South Sulawesi","ID","Banten","J&T","30113","19544.02","181290.66"
"2026-01-23","ID","Central Java","ID","Banten","Pos Indonesia","30257","20221.85","70264.1"
"2026-01-23","ID","Central Java","ID","West Java","SiCepat","22763","14475.31","56373.44"
"2026-01-23","TH","BKK","TH","Nonthaburi","Kerry Express","23282","15538.5","29119.68"
"2026-01-23","PH","Central Visayas","PH","Northern Mindanao","LBC Express","19648","16538.23","40165.75"
"2026-01-23","ID","Central Java","ID","East Java","Ninja Van","19498","14600.2","34263.51"
"2026-01-23","TH","BKK","TH","Phuket","J&T","28195","17568.42","83202.01"
"2026-01-23","TH","BKK","TH","Chiang Mai","Ninja Van","27587","24061.06","73058.49"
"2026-01-23","TH","BKK","TH","Nakhon Sawan","J&T","16460","11474.41","26786.61"
"2026-01-23","ID","Central Java","ID","Jakarta","Ninja Van","28989","17867.42","62996.5"
"2026-01-23","PH","Central Visayas","PH","Bicol Region","DHL","8281","6589.46","16606.67"
"2026-01-23","TH","BKK","TH","Korat","Ninja Van","16679","9570.96","27453.46"
"2026-01-23","PH","Central Visayas","PH","Central Visayas","J&T","13289","9143.21","14406.85"
"2026-01-23","ID","Central Java","ID","Central Java","Pos Indonesia","27977","20816.58","31088.96"
"2026-01-23","ID","South Sulawesi","ID","Central Java","J&T","9012","6623.97","43391.84"
"2026-01-23","ID","South Sulawesi","ID","South Sulawesi","Pos Indonesia","15775","13793.11","22082.73"
"2026-01-23","TH","BKK","TH","BKK","Ninja Van","22524","13719.68","25492.37"
"2026-01-23","ID","Central Java","ID","South Sulawesi","SiCepat","22703","18585.35","117284.05"
"2026-01-23","PH","Central Visayas","PH","SOCCSKSARGEN","J&T","11281","7433.88","25089.04"
"2026-01-23","PH","Central Visayas","PH","NCR","Ninja Van","22267","14143.72","59053.33"
"2026-01-23","TH","BKK","TH","Songkhla","J&T","11151","8994.91","33897.33"
"2026-01-23","PH","Central Visayas","PH","Calabarzon","J&T","29033","17967.57","70712.16"
"2026-01-23","PH","Central Visayas","PH","Central Luzon","2GO Express","22174","15609.98","57872.75"
"2026-01-23","MY","Kuala Lumpur","MY","Penang","Pos Malaysia","17754","12078.15","40190.09"
"2026-01-23","PH","Northern Mindanao","PH","Central Luzon","DHL","26975","18647.86","117131.09"
"2026-01-23","MY","Selangor","MY","Johor","Ninja Van","15525","11401.47","27094.84"
"2026-01-23","PH","Northern Mindanao","PH","Calabarzon","2GO Express","14706","10658.25","56822.29"
"2026-01-23","MY","Kuala Lumpur","MY","Negeri Sembilan","Pos Malaysia","13471","10639.32","19628.52"
"2026-01-23","TH","Nonthaburi","TH","Nakhon Sawan","J&T","14009","10224.67","22642.17"
"2026-01-23","MY","Kuala Lumpur","MY","Pahang","J&T","11845","9382.26","17625.6"
"2026-01-23","MY","Kuala Lumpur","MY","Johor","J&T","27641","18910.21","48524.78"
"2026-01-23","TH","Nonthaburi","TH","Korat","J&T","15979","9089.75","25061.6"
"2026-01-23","PH","Northern Mindanao","PH","Bicol Region","LBC Express","21821","19961.08","89300.68"
"2026-01-23","PH","Ilocos Region","PH","Northern Mindanao","Ninja Van","19416","16466.03","89152.81"
"2026-01-23","MY","Unknown","MY","","Pos Malaysia","20488","14588.05","118678.4"
"2026-01-23","PH","Ilocos Region","PH","Central Luzon","J&T","10991","7733.21","17990.27"
"2026-01-23","PH","Ilocos Region","PH","Calabarzon","Ninja Van","25143","17200.07","48813.32"
"2026-01-23","PH","Ilocos Region","PH","SOCCSKSARGEN","DHL","25175","17497.97","133372.65"
"2026-01-23","PH","Ilocos Region","PH","NCR","Ninja Van","29356","19939.27","52829.21"
"2026-01-23","PH","Ilocos Region","PH","Ilocos Region","LBC Express","8681","7655.36","14641.78"
"2026-01-23","PH","Ilocos Region","PH","Central Visayas","LBC Express","18187","14574.85","81547.75"
"2026-01-23","ID","North Sumatra","ID","Riau","Ninja Van","32713","26237.58","87749.11"
"2026-01-23","ID","North Sumatra","ID","North Sumatra","Pos Indonesia","24389","19385.48","32669.42"
"2026-01-23","ID","North Sumatra","ID","East Java","SiCepat","35169","24862.88","341994.39"
"2026-01-23","ID","North Sumatra","ID","Banten","Ninja Van","11529","7713.58","63734.93"
"2026-01-23","ID","North Sumatra","ID","West Java","DHL","14664","9120.88","94963.97"
"2026-01-23","ID","North Sumatra","ID","Bali","DHL","30604","24113.4","261842.33"
"2026-01-23","ID","Jakarta","ID","North Sumatra","DHL","31599","22935.07","159756.18"
"2026-01-23","TH","Nakhon Sawan","TH","BKK","Ninja Van","0","0.0","0.0"
"2026-01-23","TH","Nakhon Sawan","TH","Chonburi","Kerry Express","21673","14868.88","60531.84"
"2026-01-23","TH","Nakhon Sawan","TH","Chiang Mai","Ninja Van","14303","12327.76","36551.2"
"2026-01-23","TH","Nakhon Sawan","TH","Korat","DHL","15518","8869.43","32071.14"
"2026-01-23","TH","Nakhon Sawan","TH","Khon Kaen","J&T","14650","12152.35","32761.86"
"2026-01-23","TH","Nakhon Sawan","TH","Surat Thani","DHL","15509","11893.59","56024.88"
"2026-01-23","TH","Nakhon Sawan","TH","Songkhla","J&T","24588","19922.74","108299.23"
"2026-01-23","PH","Uknown","PH","Calabarzon","J&T","21063","13715.72","93627.65"
"2026-01-23","TH","Nakhon Sawan","TH","","Kerry Express","14082","10420.33","101735.14"
"2026-01-23","MY","Pahang","MY","Perak","Ninja Van","18103","16220.16","35406.66"
"2026-01-23","ID","Jakarta","ID","West Java","J&T","34265","22384.21","44279.37"
"2026-01-23","TH","Surat Thani","TH","Khon Kaen","J&T","16533","13726.08","67490.49"
"2026-01-23","TH","Surat Thani","TH","Phuket","J&T","24168","16639.79","41623.45"
"2026-01-23","TH","Surat Thani","TH","Surat Thani","J&T","17873","13832.02","21881.84"
"2026-01-23","TH","Phuket","TH","Khon Kaen","Kerry Express","19478","16598.7","99996.27"
"2026-01-23","MY","Kedah","MY","Uknown","Pos Malaysia","28016","19087.31","187808.7"
"2026-01-23","MY","Kedah","MY","Johor","J&T","30872","22613.56","98929.61"
"2026-01-23","TH","Phuket","TH","Korat","Ninja Van","18942","10611.57","62381.45"
"2026-01-23","TH","Phuket","TH","Chonburi","Kerry Express","20386","13291.99","73597.13"
"2026-01-23","TH","Phuket","TH","BKK","Kerry Express","16469","10762.84","59012.5"
"2026-01-23","MY","Kedah","MY","Perak","Pos Malaysia","19201","17808.8","41337.73"
"2026-01-23","MY","Kedah","MY","Selangor","Ninja Van","16995","11625.31","38603.38"
"2026-01-23","TH","Phuket","TH","Nonthaburi","J&T","13341","7889.79","38719.91"
"2026-01-23","TH","Phuket","TH","Chiang Mai","Ninja Van","9358","7692.0","40735.49"
"2026-01-23","MY","Kedah","MY","Penang","Ninja Van","18000","12332.31","24464.13"
"2026-01-23","MY","Kedah","MY","Kedah","Ninja Van","25260","22916.6","30695.8"
"2026-01-23","MY","Pahang","MY","Sabah","Ninja Van","17490","15447.25","94855.47"
"2026-01-23","TH","Phuket","TH","Phuket","J&T","16137","9937.52","17829.4"
"2026-01-23","ID","Jakarta","ID","Banten","Pos Indonesia","14004","9480.82","15820.77"
"2026-01-23","ID","Jakarta","ID","Central Java","Ninja Van","30529","23509.07","66984.84"
"2026-01-23","MY","Kedah","MY","Sarawak","J&T","8374","7013.06","40742.87"
"2026-01-23","MY","Pahang","MY","Selangor","Pos Malaysia","19182","13377.59","42572.15"
"2026-01-23","TH","Phuket","TH","Nakhon Sawan","Kerry Express","21533","16243.44","91040.98"
"2026-01-23","MY","Kedah","MY","Negeri Sembilan","J&T","25362","20411.09","60559.35"
"2026-01-23","PH","West Visayas","PH","West Visayas","LBC Express","11653","7106.84","16027.33"
"2026-01-23","TH","BKK","TH","Chonburi","J&T","30001","18163.24","36367.75"
"2026-01-23","PH","West Visayas","PH","Central Luzon","J&T","27887","19343.95","66628.57"
"2026-01-23","ID","South Sulawesi","ID","Riau","Pos Indonesia","28894","22163.25","246190.89"
"2026-01-23","PH","West Visayas","PH","Central Visayas","Ninja Van","22743","17026.49","30328.03"
"2026-01-23","PH","West Visayas","PH","Calabarzon","Ninja Van","17015","12030.94","38305.22"
"2026-01-23","PH","West Visayas","PH","Bicol Region","Ninja Van","14797","12852.91","28102.15"
"2026-01-23","PH","West Visayas","PH","Northern Mindanao","J&T","17211","14037.95","33740.27"
"2026-01-23","TH","BKK","TH","Khon Kaen","Kerry Express","20850","18491.09","53718.32"
"2026-01-23","MY","Selangor","MY","Perak","J&T","27719","23973.7","42225.49"
"2026-01-23","MY","Selangor","MY","Kuala Lumpur","Pos Malaysia","20816","15390.21","26502.09"
"2026-01-23","MY","Selangor","MY","Penang","Pos Malaysia","32408","22844.99","73431.89"
"2026-01-23","MY","Selangor","MY","Sarawak","J&T","22228","17842.58","83780.11"
"2026-01-23","MY","Selangor","MY","Sabah","Pos Malaysia","18042","16052.8","131926.35"
"2026-01-23","MY","Selangor","MY","Selangor","Ninja Van","24472","15558.66","25745.57"
"2026-01-23","MY","Pahang","MY","Penang","Pos Malaysia","20237","14608.43","57102.8"
"2026-01-23","TH","Nakhon Sawan","TH","Nakhon Sawan","Kerry Express","16677","13591.01","28302.79"
"2026-01-23","ID","South Sulawesi","ID","North Sumatra","Pos Indonesia","15816","11716.7","153107.21"
"2026-01-23","ID","South Sulawesi","ID","East Java","Ninja Van","23781","18027.18","90157.73"
"2026-01-23","ID","South Sulawesi","ID","West Java","Ninja Van","22201","14699.0","353430.4"
"2026-01-23","MY","Penang","MY","Selangor","J&T","23960","15179.8","40992.82"
"2026-01-23","ID","East Java","ID","Jakarta","J&T","18947","11709.91","56425.89"
"2026-01-23","MY","Penang","MY","Perak","Pos Malaysia","16408","15098.93","25879.31"
"2026-01-23","PH","West Visayas","PH","SOCCSKSARGEN","LBC Express","20016","15054.92","63001.94"
"2026-01-23","MY","Penang","MY","Johor","Ninja Van","24931","17860.0","64729.22"
"2026-01-23","ID","East Java","ID","South Sulawesi","Ninja Van","22494","19307.2","71207.29"
"2026-01-23","ID","East Java","ID","Central Java","Pos Indonesia","14514","10772.97","23972.21"
"2026-01-23","MY","Penang","MY","Pahang","Ninja Van","24974","20052.33","48789.09"
"2026-01-23","MY","Penang","MY","Penang","Pos Malaysia","28252","20074.98","36815.9"
"2026-01-23","ID","East Java","ID","East Java","J&T","32732","22968.41","34442.47"
"2026-01-23","MY","Penang","MY","Kuala Lumpur","Pos Malaysia","21411","16588.24","46355.43"
"2026-01-23","MY","Penang","MY","Sarawak","J&T","10440","8874.06","44988.68"
"2026-01-23","ID","East Java","ID","Riau","Pos Indonesia","35420","27944.65","178861.79"
"2026-01-23","MY","Penang","MY","Negeri Sembilan","J&T","19279","14790.86","37040.44"
"2026-01-23","ID","East Java","ID","Banten","SiCepat","37413","23877.27","146353.65"
"2026-01-23","ID","South Sulawesi","ID","Jakarta","Pos Indonesia","33455","21051.18","191754.37"
"2026-01-23","MY","Pahang","MY","Kedah","J&T","29687","26223.64","67064.46"
"2026-01-23","MY","Negeri Sembilan","MY","Pahang","J&T","13907","11088.29","24078.22"
"2026-01-23","TH","Chonburi","TH","BKK","Kerry Express","10934","7404.33","15115.87"
"2026-01-23","TH","Chonburi","TH","Khon Kaen","Ninja Van","8817","7366.35","18132.18"
"2026-01-23","TH","Chonburi","TH","Songkhla","J&T","22191","18172.99","63988.0"
"2026-01-23","TH","Chonburi","TH","Chiang Mai","Ninja Van","19710","16926.6","55377.94"
"2026-01-23","PH","West Visayas","PH","Ilocos Region","J&T","33157","26906.42","88113.91"
"2026-01-23","TH","Chonburi","TH","Nonthaburi","Kerry Express","21352","14427.46","30598.32"
"2026-01-23","ID","Banten","ID","North Sumatra","Pos Indonesia","26668","20336.24","127756.81"
"2026-01-23","MY","Sabah","MY","Pahang","Pos Malaysia","15866","13383.37","121068.18"
"2026-01-23","MY","Sabah","MY","Perak","J&T","13053","11031.01","88250.03"
"2026-01-23","MY","Sabah","MY","Kuala Lumpur","Pos Malaysia","10798","8053.33","93859.26"
"2026-01-23","MY","Sabah","MY","Penang","J&T","30244","21119.99","211859.73"
"2026-01-23","MY","Sabah","MY","Selangor","J&T","23261","14595.54","167839.15"
"2026-01-23","MY","Sabah","MY","Sabah","DHL","16439","12869.93","22488.01"
"2026-01-23","TH","Unknown","TH","BKK","Kerry Express","26059","16818.27","142447.71"
"2026-01-23","PH","Ilocos Region","PH","Bicol Region","DHL","16899","14218.1","43621.9"
"2026-01-23","MY","Sabah","MY","Johor","DHL","29030","18676.27","173675.15"
"2026-01-23","MY","Sabah","MY","Negeri Sembilan","Pos Malaysia","25741","20592.27","226262.25"
"2026-01-23","MY","Sabah","MY","Sarawak","Pos Malaysia","25881","22143.73","128804.46"
"2026-01-23","PH","NCR","PH","Calabarzon","2GO Express","18948","12849.43","20000.69"
"2026-01-23","PH","NCR","PH","Central Luzon","2GO Express","23897","17134.57","26162.07"
"2026-01-23","PH","NCR","PH","Bicol Region","J&T","27828","23608.6","51590.79"
"2026-01-23","PH","NCR","PH","SOCCSKSARGEN","LBC Express","20555","15237.93","95300.65"
"2026-01-23","PH","NCR","PH","NCR","LBC Express","24649","16974.52","33754.86"
"2026-01-23","PH","NCR","PH","Central Visayas","2GO Express","27424","21244.37","72473.78"
"2026-01-23","PH","NCR","PH","West Visayas","LBC Express","18693","11766.47","53183.45"
"2026-01-23","MY","Pahang","MY","Sarawak","Pos Malaysia","8535","7199.23","37692.03"
"2026-01-23","ID","West Java","ID","North Sumatra","Pos Indonesia","30453","23283.45","160056.96"
"2026-01-23","ID","West Java","ID","South Sulawesi","J&T","10855","9142.18","52538.66"
"2026-01-23","ID","West Java","ID","Banten","Ninja Van","21617","15345.03","31006.25"
"2026-01-23","ID","West Java","ID","West Java","Pos Indonesia","9090","6353.6","9496.06"
"2026-01-23","ID","West Java","ID","Bali","J&T","34889","26818.32","117545.4"
"2026-01-23","ID","West Java","ID","Central Java","Pos Indonesia","32641","24510.32","58320.58"
"2026-01-23","MY","Negeri Sembilan","MY","Johor","Pos Malaysia","16211","11971.2","38969.64"
"2026-01-23","ID","Banten","ID","Bali","Ninja Van","23091","18482.4","87214.0"
"2026-01-23","ID","Banten","ID","East Java","SiCepat","24412","17411.0","92629.02"
"2026-01-23","ID","Banten","ID","Banten","SiCepat","21927","13984.75","30060.28"
"2026-01-23","ID","Banten","ID","Central Java","Ninja Van","19950","14856.21","44366.43"
"2026-01-23","TH","Chiang Mai","TH","Nonthaburi","J&T","20953","12989.21","63145.17"
"2026-01-23","ID","Banten","ID","Jakarta","SiCepat","26780","15846.93","42684.39"
"2026-01-23","ID","West Java","ID","Riau","J&T","17852","13538.68","70580.98"
"2026-01-23","ID","Banten","ID","West Java","SiCepat","17845","11495.96","35441.84"
"2026-01-23","ID","Bali","ID","North Sumatra","Pos Indonesia","18379","14274.13","147788.0"
"2026-01-23","MY","Negeri Sembilan","MY","Selangor","Pos Malaysia","19092","12349.65","33248.03"
"2026-01-23","MY","Negeri Sembilan","MY","Negeri Sembilan","Ninja Van","9568","7276.58","11753.97"
"2026-01-23","MY","Negeri Sembilan","MY","Sabah","Ninja Van","23402","19514.93","151137.57"
"2026-01-23","MY","Negeri Sembilan","MY","Kedah","Pos Malaysia","22624","21313.46","73595.66"
"2026-01-23","MY","Negeri Sembilan","MY","","Pos Malaysia","25073","14518.26","163406.48"
"2026-01-23","TH","Songkhla","TH","Surat Thani","DHL","26652","20684.84","51728.36"
"2026-01-23","TH","Songkhla","TH","Chonburi","DHL","24355","15767.51","75532.27"
"2026-01-23","TH","Songkhla","TH","Phuket","J&T","12368","8115.02","24084.82"
"2026-01-23","TH","Songkhla","TH","Songkhla","Kerry Express","26891","24084.73","38337.64"
"2026-01-23","TH","Songkhla","TH","Khon Kaen","J&T","26126","21348.1","114542.46"
"2026-01-23","TH","Nonthaburi","TH","Chonburi","Kerry Express","18313","12637.76","27224.1"
"2026-01-23","PH","Northern Mindanao","PH","West Visayas","2GO Express","24479","15076.11","58785.75"
"2026-01-23","TH","Nonthaburi","TH","Khon Kaen","Kerry Express","25194","22030.97","64497.73"
"2026-01-23","PH","Northern Mindanao","PH","SOCCSKSARGEN","J&T","8672","6209.91","17660.37"
"2026-01-23","MY","Kuala Lumpur","MY","Uknown","Pos Malaysia","12689","9965.35","70985.04"
"2026-01-23","TH","Nonthaburi","TH","BKK","Ninja Van","18348","11449.07","18351.69"
"2026-01-23","PH","Northern Mindanao","PH","Central Visayas","LBC Express","16194","12574.52","41353.34"
"2026-01-23","PH","Northern Mindanao","PH","NCR","J&T","26327","17040.56","106773.98"
"2026-01-23","MY","Kuala Lumpur","MY","Kedah","J&T","22132","19040.14","42034.63"
"2026-01-23","TH","Nonthaburi","TH","Phuket","J&T","24361","15859.09","71814.42"
"2026-01-23","PH","Northern Mindanao","PH","Ilocos Region","DHL","31421","25746.07","147584.56"
"2026-01-23","MY","Kuala Lumpur","MY","Kuala Lumpur","Ninja Van","22896","15936.14","25484.06"
"2026-01-23","TH","Nonthaburi","TH","Nonthaburi","J&T","12608","8047.9","13050.59"
"2026-01-23","PH","Northern Mindanao","PH","Northern Mindanao","Ninja Van","13416","11016.2","17814.81"
"2026-01-23","MY","Kuala Lumpur","MY","Selangor","FedEx","20059","11521.17","20311.52"
"2026-01-23","TH","Nonthaburi","TH","Surat Thani","FedEx","12856","10005.93","30403.31"
"2026-01-23","TH","Nonthaburi","TH","Songkhla","FedEx","24446","20102.74","71590.52"
"2026-01-23","MY","Kuala Lumpur","MY","Sarawak","Pos Malaysia","12197","9939.32","57548.33"
"2026-01-23","TH","Chiang Mai","TH","Unknown","Ninja Van","16162","12835.58","79529.09"
"2026-01-23","TH","Chiang Mai","TH","Khon Kaen","J&T","25506","20731.83","65923.44"
"2026-01-23","TH","Chiang Mai","TH","BKK","Ninja Van","9105","5628.96","26146.98"
"2026-01-23","TH","Chiang Mai","TH","Songkhla","J&T","12334","10113.37","68173.65"
"2026-01-23","TH","Chiang Mai","TH","Phuket","Kerry Express","20427","14383.79","125161.53"
"2026-01-23","TH","Chiang Mai","TH","Chiang Mai","Ninja Van","25208","21210.39","29175.44"
"2026-01-23","TH","Chiang Mai","TH","Korat","J&T","26881","15399.58","73111.52"
"2026-01-23","TH","Chiang Mai","TH","Nakhon Sawan","J&T","28872","21623.8","65364.19"
"2026-01-23","MY","Perak","MY","Johor","Pos Malaysia","28280","20885.89","89291.92"
"2026-01-23","MY","Perak","MY","Kuala Lumpur","Pos Malaysia","16712","12736.34","34378.88"
"2026-01-23","MY","Pahang","MY","Pahang","Ninja Van","22603","18169.08","27260.92"
"2026-01-23","ID","Jakarta","ID","South Sulawesi","Pos Indonesia","9455","8418.16","44241.01"
"2026-01-23","ID","Jakarta","ID","Jakarta","Pos Indonesia","26213","16907.56","26752.7"
"2026-01-23","MY","Pahang","MY","Johor","J&T","12483","8792.08","23281.46"
"2026-01-23","ID","Jakarta","ID","Riau","Pos Indonesia","33517","27516.78","124706.94"
"2026-01-23","MY","Pahang","MY","Negeri Sembilan","J&T","28371","22184.44","47915.71"
"2026-01-23","TH","Korat","TH","Nonthaburi","Ninja Van","16155","10548.24","25340.23"
"2026-01-23","MY","Johor","MY","Pahang","Pos Malaysia","20703","16739.54","45629.13"
"2026-01-23","MY","Johor","MY","Johor","Ninja Van","27718","19432.3","28550.24"
"2026-01-23","TH","Korat","TH","Surat Thani","Ninja Van","27066","21316.65","80722.07"
"2026-01-23","ID","Bali","ID","South Sulawesi","Pos Indonesia","28411","25604.57","86549.12"
"2026-01-23","ID","Bali","ID","Central Java","Ninja Van","20047","15666.97","57309.02"
"2026-01-23","TH","Korat","TH","Khon Kaen","J&T","24619","20210.71","37043.06"
"2026-01-23","TH","Korat","TH","Chonburi","J&T","12771","8139.08","20144.12"
"2026-01-23","MY","Johor","MY","Penang","Ninja Van","17949","11764.8","45120.56"
"2026-01-23","ID","Bali","ID","East Java","J&T","15786","11413.81","33182.75"
"2026-01-23","MY","Johor","MY","Sarawak","Pos Malaysia","26664","22770.57","101003.87"
"2026-01-23","ID","Bali","ID","Riau","Pos Indonesia","27016","22431.83","196209.34"
"2026-01-23","ID","Bali","ID","West Java","DHL","22554","14818.74","84931.64"
"2026-01-23","MY","Johor","MY","Selangor","J&T","15112","9467.41","26729.09"
"2026-01-23","ID","Bali","ID","Banten","DHL","20120","13480.92","89647.31"
"2026-01-23","MY","Johor","MY","Negeri Sembilan","Pos Malaysia","22311","18283.53","48101.23"
"2026-01-23","MY","Johor","MY","Perak","J&T","23752","19702.07","51219.15"
"2026-01-23","MY","Johor","MY","Kedah","Ninja Van","13187","11909.98","132684.85"
"2026-01-23","MY","Johor","MY","Sabah","J&T","29050","23754.25","153843.85"
"2026-01-23","TH","Korat","TH","Phuket","Ninja Van","10242","7268.88","35599.07"
"2026-01-23","TH","Korat","TH","Chiang Mai","FedEx","8248","6920.37","19946.56"
"2026-01-23","TH","Korat","TH","Songkhla","J&T","11770","9834.5","42023.55"
"2026-01-23","TH","Khon Kaen","TH","Nonthaburi","J&T","29147","17924.27","67081.44"
"2026-01-23","PH","SOCCSKSARGEN","PH","SOCCSKSARGEN","J&T","29725","20072.24","40067.69"
"2026-01-23","PH","SOCCSKSARGEN","PH","NCR","J&T","12300","7688.99","59522.27"
"2026-01-23","TH","Khon Kaen","TH","Nakhon Sawan","Ninja Van","12984","9515.42","25822.92"
"2026-01-23","PH","SOCCSKSARGEN","PH","Ilocos Region","DHL","21107","16753.5","113887.93"
"2026-01-23","PH","SOCCSKSARGEN","PH","Central Visayas","LBC Express","9098","6881.98","32107.66"
"2026-01-23","TH","Khon Kaen","TH","Chiang Mai","J&T","9313","8043.0","25329.56"
"2026-01-23","TH","Khon Kaen","TH","Korat","Ninja Van","19632","11466.52","33883.12"
"2026-01-23","TH","Khon Kaen","TH","Chonburi","Kerry Express","13584","9247.46","41447.26"
"2026-01-23","PH","SOCCSKSARGEN","PH","West Visayas","J&T","29742","16707.41","90967.29"
"2026-01-23","ID","Riau","ID","Central Java","Pos Indonesia","23119","17417.97","127912.8"
"2026-01-23","ID","Riau","ID","Bali","SiCepat","20942","16842.24","203681.9"
"2026-01-23","ID","Riau","ID","Jakarta","Pos Indonesia","15451","10006.41","67429.37"
"2026-01-23","ID","Riau","ID","South Sulawesi","Pos Indonesia","26271","23132.55","210904.83"
"2026-01-23","MY","Sarawak","MY","Penang","Ninja Van","18097","11863.57","92653.98"
"2026-01-23","ID","Riau","ID","East Java","DHL","24038","17411.26","158823.07"
"2026-01-23","MY","Sarawak","MY","Kedah","J&T","27043","23216.96","134582.37"
"2026-01-23","MY","Sarawak","MY","Selangor","J&T","27397","16960.27","114050.6"
"2026-01-23","MY","Sarawak","MY","Sabah","Ninja Van","26851","22864.41","102041.42"
"2026-01-23","PH","SOCCSKSARGEN","PH","Central Luzon","LBC Express","24674","17522.24","157019.36"
"2026-01-24","MY","Perak","MY","Selangor","Pos Malaysia","8655","5996.47","17845.69"
"2026-01-24","MY","Perak","MY","Kuala Lumpur","J&T","20442","14102.88","32314.26"
"2026-01-24","MY","Perak","MY","Pahang","J&T","8580","7109.15","16557.71"
"2026-01-24","MY","Perak","MY","Sabah","FedEx","22416","16947.17","145487.8"
"2026-01-24","ID","Riau","ID","West Java","J&T","14593","8875.88","70035.32"
"2026-01-24","ID","Riau","ID","North Sumatra","SiCepat","27639","20929.16","100441.75"
"2026-01-24","MY","Sarawak","MY","Sarawak","Pos Malaysia","17261","15601.53","26920.01"
"2026-01-24","PH","Bicol Region","PH","SOCCSKSARGEN","LBC Express","10202","7428.56","48010.08"
"2026-01-24","PH","Bicol Region","PH","Bicol Region","Ninja Van","20552","17612.43","26325.45"
"2026-01-24","PH","Bicol Region","PH","Calabarzon","LBC Express","30860","18970.81","80850.23"
"2026-01-24","PH","Bicol Region","PH","Central Luzon","2GO Express","27333","19403.02","62804.48"
"2026-01-24","PH","Bicol Region","PH","Unknown","J&T","14936","8406.9","81308.32"
"2026-01-24","PH","Bicol Region","PH","Northern Mindanao","J&T","11406","7948.13","35806.43"
"2026-01-24","ID","Riau","ID","South Sulawesi","Pos Indonesia","17801","16051.35","143169.49"
"2026-01-24","TH","Khon Kaen","TH","Chiang Mai","Ninja Van","12542","10578.38","33600.92"
"2026-01-24","ID","Riau","ID","Central Java","Pos Indonesia","26877","18553.82","157992.68"
"2026-01-24","PH","Central Luzon","PH","West Visayas","DHL","32956","18596.06","82810.96"
"2026-01-24","PH","Central Luzon","PH","Ilocos Region","Ninja Van","10455","9298.2","13310.62"
"2026-01-24","PH","Calabarzon","PH","Ilocos Region","LBC Express","27001","25306.46","54482.17"
"2026-01-24","PH","Central Luzon","PH","Bicol Region","LBC Express","21800","20013.6","53209.0"
"2026-01-24","PH","Central Luzon","PH","NCR","LBC Express","15840","11129.35","22295.71"
"2026-01-24","PH","Calabarzon","PH","NCR","LBC Express","32613","22971.43","43767.25"
"2026-01-24","PH","Calabarzon","PH","West Visayas","J&T","33362","19070.06","73652.07"
"2026-01-24","PH","Calabarzon","PH","Northern Mindanao","2GO Express","32286","25680.65","99570.84"
"2026-01-24","PH","Central Luzon","PH","Northern Mindanao","J&T","28306","20922.47","97016.38"
"2026-01-24","MY","Perak","MY","Penang","J&T","20941","14227.25","30095.43"
"2026-01-24","TH","Chonburi","TH","Khon Kaen","DHL","29611","25313.63","59137.68"
"2026-01-24","TH","Chonburi","TH","Phuket","Ninja Van","20693","13678.92","57801.38"
"2026-01-24","TH","Chonburi","TH","Korat","Ninja Van","27193","16768.54","43038.19"
"2026-01-24","TH","Songkhla","TH","Songkhla","J&T","8402","6785.07","9283.89"
"2026-01-24","TH","Songkhla","TH","Surat Thani","Kerry Express","28270","26651.19","67746.2"
"2026-01-24","TH","Songkhla","TH","Korat","Ninja Van","8840","5374.23","34370.42"
"2026-01-24","TH","Songkhla","TH","BKK","Ninja Van","18375","11655.98","62934.36"
"2026-01-24","TH","Songkhla","TH","Khon Kaen","Ninja Van","24587","21332.7","105858.54"
"2026-01-24","PH","Calabarzon","PH","Central Luzon","LBC Express","17051","12912.89","26115.61"
"2026-01-24","PH","Calabarzon","PH","Calabarzon","Ninja Van","24433","14596.79","25481.78"
"2026-01-24","PH","Central Luzon","PH","Central Luzon","J&T","13514","9768.77","14226.85"
"2026-01-24","PH","Bicol Region","PH","NCR","DHL","29205","18112.95","62883.28"
"2026-01-24","PH","Bicol Region","PH","Central Visayas","DHL","22240","14374.58","51682.39"
"2026-01-24","TH","Surat Thani","TH","Surat Thani","Kerry Express","25658","24527.49","42918.84"
"2026-01-24","TH","Surat Thani","TH","Nakhon Sawan","Ninja Van","11455","8640.78","42566.72"
"2026-01-24","TH","Surat Thani","TH","Chiang Mai","Ninja Van","28409","24468.95","130305.72"
"2026-01-24","TH","Surat Thani","TH","BKK","Ninja Van","17291","11413.47","52386.99"
"2026-01-24","TH","Surat Thani","TH","Chonburi","Kerry Express","25036","18373.06","85308.11"
"2026-01-24","PH","Central Luzon","PH","Central Visayas","DHL","29102","19418.88","82819.9"
"2026-01-24","TH","Surat Thani","TH","Nonthaburi","Kerry Express","19223","12747.99","74135.11"
"2026-01-24","PH","Central Luzon","PH","SOCCSKSARGEN","J&T","31340","21956.09","121447.9"
"2026-01-24","TH","BKK","TH","Chiang Mai","Ninja Van","22374","18440.84","55897.39"
"2026-01-24","TH","BKK","TH","Nonthaburi","Kerry Express","9677","6049.88","12682.13"
"2026-01-24","PH","Central Visayas","PH","Northern Mindanao","J&T","26547","18455.14","43386.05"
"2026-01-24","ID","Central Java","ID","West Java","DHL","10495","5954.52","19666.05"
"2026-01-24","ID","South Sulawesi","ID","West Java","Pos Indonesia","33711","21051.45","188449.54"
"2026-01-24","ID","South Sulawesi","ID","East Java","Pos Indonesia","35615","27581.21","138416.66"
"2026-01-24","MY","Negeri Sembilan","MY","Kuala Lumpur","Ninja Van","14448","9957.59","19694.61"
"2026-01-24","ID","South Sulawesi","ID","Jakarta","Pos Indonesia","32326","20824.27","183895.8"
"2026-01-24","MY","Negeri Sembilan","MY","Pahang","Pos Malaysia","13346","11615.2","30186.28"
"2026-01-24","ID","South Sulawesi","ID","North Sumatra","Pos Indonesia","16401","12126.57","158770.32"
"2026-01-24","TH","BKK","TH","Nakhon Sawan","Ninja Van","20090","14577.06","30630.69"
"2026-01-24","PH","Central Visayas","PH","Bicol Region","Ninja Van","26831","22604.81","50862.31"
"2026-01-24","TH","BKK","TH","Korat","J&T","8454","4968.82","13243.52"
"2026-01-24","MY","Negeri Sembilan","MY","Perak","Ninja Van","23127","19519.27","42781.04"
"2026-01-24","ID","South Sulawesi","ID","South Sulawesi","SiCepat","28193","23721.19","46094.85"
"2026-01-24","MY","Negeri Sembilan","MY","Johor","Pos Malaysia","15596","11799.65","37218.59"
"2026-01-24","ID","Central Java","ID","Central Java","Ninja Van","11437","7720.27","12616.58"
"2026-01-24","ID","South Sulawesi","ID","Central Java","Pos Indonesia","15358","10419.05","71220.45"
"2026-01-24","ID","Central Java","ID","South Sulawesi","Pos Indonesia","31275","27468.45","120147.13"
"2026-01-24","PH","Central Visayas","PH","NCR","2GO Express","16657","10846.77","42193.13"
"2026-01-24","MY","Negeri Sembilan","MY","Penang","DHL","23236","14193.6","52224.42"
"2026-01-24","PH","Central Visayas","PH","Central Luzon","Ninja Van","10094","6951.62","26929.95"
"2026-01-24","PH","Central Visayas","PH","Calabarzon","2GO Express","16181","9792.44","38635.5"
"2026-01-24","MY","Kuala Lumpur","MY","Sabah","J&T","29470","22790.04","157079.08"
"2026-01-24","MY","Kuala Lumpur","MY","Penang","J&T","28466","19596.21","52488.71"
"2026-01-24","PH","Northern Mindanao","PH","Calabarzon","J&T","29703","18162.37","111778.45"
"2026-01-24","PH","Northern Mindanao","PH","Central Luzon","LBC Express","26658","20868.92","133744.61"
"2026-01-24","MY","Kuala Lumpur","MY","Negeri Sembilan","Pos Malaysia","27990","21677.15","38394.88"
"2026-01-24","TH","Nonthaburi","TH","Korat","DHL","26508","15941.21","41059.46"
"2026-01-24","MY","Kuala Lumpur","MY","Johor","Pos Malaysia","28265","22450.96","62877.17"
"2026-01-24","TH","Nonthaburi","TH","Nakhon Sawan","Ninja Van","14067","10650.99","169040.2"
"2026-01-24","PH","West Visayas","PH","Bicol Region","2GO Express","20561","18375.74","39885.0"
"2026-01-24","PH","Northern Mindanao","PH","Bicol Region","J&T","14524","12537.47","45174.6"
"2026-01-24","MY","Kuala Lumpur","MY","Pahang","J&T","8677","7033.14","13439.4"
"2026-01-24","MY","Selangor","MY","Johor","J&T","12154","8893.91","22235.67"
"2026-01-24","PH","","PH","Northern Mindanao","Ninja Van","0","0.0","0.0"
"2026-01-24","PH","Ilocos Region","PH","Northern Mindanao","J&T","12690","9258.93","57441.59"
"2026-01-24","PH","Ilocos Region","PH","SOCCSKSARGEN","Ninja Van","17622","13365.4","93627.97"
"2026-01-24","PH","Ilocos Region","PH","Calabarzon","J&T","21272","12759.93","41553.11"
"2026-01-24","PH","Ilocos Region","PH","Central Luzon","J&T","19921","14040.73","32790.5"
"2026-01-24","PH","Ilocos Region","PH","NCR","2GO Express","30193","20593.18","51913.45"
"2026-01-24","PH","Ilocos Region","PH","Ilocos Region","Ninja Van","17228","15443.55","233164.79"
"2026-01-24","PH","Ilocos Region","PH","Central Visayas","Ninja Van","21427","15447.2","79596.45"
"2026-01-24","ID","North Sumatra","ID","Riau","Ninja Van","21080","17632.48","56862.11"
"2026-01-24","ID","North Sumatra","ID","East Java","SiCepat","27501","19999.37","282152.23"
"2026-01-24","ID","North Sumatra","ID","Banten","Pos Indonesia","18985","11613.85","109823.18"
"2026-01-24","ID","North Sumatra","ID","West Java","Pos Indonesia","20056","12838.74","130746.25"
"2026-01-24","ID","North Sumatra","ID","North Sumatra","Pos Indonesia","10255","7617.38","13323.67"
"2026-01-24","ID","North Sumatra","ID","Bali","Ninja Van","9198","7150.4","76900.31"
"2026-01-24","TH","Nakhon Sawan","TH","BKK","J&T","13971","8854.52","26130.91"
"2026-01-24","TH","Nakhon Sawan","TH","Nonthaburi","Ninja Van","20031","12210.83","40385.65"
"2026-01-24","TH","Nakhon Sawan","TH","Chiang Mai","Ninja Van","10169","8647.86","24561.65"
"2026-01-24","TH","Nakhon Sawan","TH","Korat","Ninja Van","23581","14650.89","48835.05"
"2026-01-24","TH","Nakhon Sawan","TH","Surat Thani","J&T","23981","21199.42","91514.73"
"2026-01-24","TH","Nakhon Sawan","TH","Khon Kaen","Ninja Van","23807","21663.19","53436.47"
"2026-01-24","PH","Uknown","PH","Ilocos Region","2GO Express","30411","27458.56","142143.57"
"2026-01-24","TH","Nakhon Sawan","TH","Chonburi","J&T","25540","17272.27","57615.94"
"2026-01-24","PH","West Visayas","PH","SOCCSKSARGEN","2GO Express","31613","23421.53","75957.23"
"2026-01-24","TH","Phuket","TH","Korat","J&T","13943","8001.15","47980.44"
"2026-01-24","MY","Kedah","MY","Johor","J&T","15585","12245.36","46917.71"
"2026-01-24","TH","Phuket","TH","Chonburi","J&T","17209","11102.1","49128.32"
"2026-01-24","MY","Kedah","MY","Selangor","Ninja Van","17501","11878.14","40505.19"
"2026-01-24","TH","Phuket","TH","BKK","J&T","23878","14221.56","66232.27"
"2026-01-24","MY","Kedah","MY","Kuala Lumpur","DHL","20490","13265.74","44684.99"
"2026-01-24","TH","Surat Thani","TH","Phuket","J&T","22675","14610.53","40854.52"
"2026-01-24","TH","Surat Thani","TH","Songkhla","J&T","12064","10055.04","24096.01"
"2026-01-24","TH","Phuket","TH","Chiang Mai","J&T","9846","7886.35","43581.59"
"2026-01-24","TH","Surat Thani","TH","Khon Kaen","J&T","24538","21335.92","105288.9"
"2026-01-24","MY","Kedah","MY","Perak","Pos Malaysia","20112","18482.71","43687.57"
"2026-01-24","TH","Phuket","TH","Nonthaburi","FedEx","17033","10110.3","52359.83"
"2026-01-24","TH","Phuket","TH","Khon Kaen","Kerry Express","21542","19108.2","111160.22"
"2026-01-24","MY","Kedah","MY","Kedah","DHL","23748","20451.04","29198.73"
"2026-01-24","TH","Phuket","TH","Phuket","J&T","7910","4772.64","8665.43"
"2026-01-24","MY","Kedah","MY","Penang","J&T","23660","16267.49","32827.79"
"2026-01-24","MY","Kedah","MY","Sarawak","Pos Malaysia","23009","21545.08","148605.66"
"2026-01-24","TH","Phuket","TH","Nakhon Sawan","Kerry Express","17497","13622.09","74802.9"
"2026-01-24","MY","Kedah","MY","Negeri Sembilan","Ninja Van","18264","14119.18","42041.48"
"2026-01-24","ID","South Sulawesi","ID","Riau","Pos Indonesia","25070","20753.12","215517.12"
"2026-01-24","TH","BKK","TH","Songkhla","Kerry Express","20143","17787.96","72844.85"
"2026-01-24","TH","BKK","TH","Khon Kaen","Ninja Van","27215","24255.84","54385.44"
"2026-01-24","PH","Central Visayas","PH","SOCCSKSARGEN","J&T","15678","10388.65","36097.63"
"2026-01-24","TH","BKK","TH","Chonburi","Kerry Express","15019","10819.73","21560.13"
"2026-01-24","ID","Jakarta","ID","West Java","Ninja Van","28810","18376.34","36140.75"
"2026-01-24","PH","West Visayas","PH","Calabarzon","Ninja Van","13044","8012.32","28564.29"
"2026-01-24","MY","Selangor","MY","Perak","Pos Malaysia","17954","16112.15","31425.58"
"2026-01-24","MY","Selangor","MY","Sarawak","Pos Malaysia","24914","23902.8","123324.67"
"2026-01-24","MY","Selangor","MY","Sabah","J&T","11819","9805.5","64780.55"
"2026-01-24","PH","West Visayas","PH","Central Luzon","DHL","24101","17324.67","55564.45"
"2026-01-24","MY","Selangor","MY","Kuala Lumpur","Ninja Van","34244","23575.14","34557.65"
"2026-01-24","MY","Selangor","MY","Selangor","Pos Malaysia","16414","11398.51","20627.95"
"2026-01-24","MY","Selangor","MY","Penang","Ninja Van","27941","19435.6","51829.8"
"2026-01-24","ID","Jakarta","ID","Riau","Pos Indonesia","9231","8022.83","34267.42"
"2026-01-24","TH","Nakhon Sawan","TH","Nakhon Sawan","Ninja Van","23596","18328.76","30646.62"
"2026-01-24","TH","Nakhon Sawan","TH","Songkhla","Ninja Van","14228","12155.15","65032.84"
"2026-01-24","ID","Jakarta","ID","South Sulawesi","Pos Indonesia","19713","18311.5","96982.25"
"2026-01-24","MY","Pahang","MY","Pahang","Ninja Van","26169","21919.76","30475.69"
"2026-01-24","MY","Penang","MY","Selangor","Ninja Van","24338","16561.65","44460.95"
"2026-01-24","MY","Penang","MY","Negeri Sembilan","Pos Malaysia","22781","18476.45","58266.57"
"2026-01-24","ID","East Java","ID","Banten","DHL","17103","9598.28","51050.29"
"2026-01-24","MY","Penang","MY","Perak","Ninja Van","20628","17847.57","27714.09"
"2026-01-24","MY","Penang","MY","Johor","Ninja Van","22698","16960.72","59313.24"
"2026-01-24","ID","East Java","ID","South Sulawesi","Pos Indonesia","34459","29968.68","109478.49"
"2026-01-24","ID","East Java","ID","Central Java","SiCepat","11266","7218.74","25465.98"
"2026-01-24","MY","Penang","MY","Kuala Lumpur","FedEx","10305","6359.77","19166.48"
"2026-01-24","MY","Penang","MY","Penang","DHL","19981","12347.26","20013.7"
"2026-01-24","ID","East Java","ID","East Java","Ninja Van","15226","11630.72","16432.51"
"2026-01-24","ID","East Java","ID","Riau","J&T","21926","17606.47","109401.48"
"2026-01-24","MY","Penang","MY","Pahang","DHL","8355","6511.85","17519.39"
"2026-01-24","MY","Penang","MY","Sarawak","J&T","7715","6763.84","32224.39"
"2026-01-24","ID","East Java","ID","Jakarta","DHL","16447","10389.81","45556.29"
"2026-01-24","TH","Chonburi","TH","BKK","Ninja Van","15533","9798.81","18309.71"
"2026-01-24","TH","Chonburi","TH","Chiang Mai","Kerry Express","22727","20617.61","78469.88"
"2026-01-24","TH","Chonburi","TH","Songkhla","Ninja Van","22629","18807.02","65142.67"
"2026-01-24","PH","West Visayas","PH","Ilocos Region","Ninja Van","23160","20732.67","66748.8"
"2026-01-24","TH","Chonburi","TH","Nonthaburi","DHL","25031","14958.77","28527.09"
"2026-01-24","ID","Uknown","ID","Central Java","Pos Indonesia","27566","18855.76","124155.52"
"2026-01-24","ID","Banten","ID","North Sumatra","Ninja Van","30621","23431.86","147357.45"
"2026-01-24","MY","Sabah","MY","Johor","Ninja Van","15592","12256.89","101364.5"
"2026-01-24","MY","Sabah","MY","Perak","Ninja Van","28437","24397.92","191281.35"
"2026-01-24","MY","Sabah","MY","Sarawak","Pos Malaysia","22498","20955.78","118306.07"
"2026-01-24","MY","Sabah","MY","Selangor","Pos Malaysia","25715","18115.06","219421.34"
"2026-01-24","MY","Sabah","MY","Penang","Ninja Van","12292","8633.27","89335.26"
"2026-01-24","MY","Sabah","MY","Sabah","Ninja Van","31725","26079.3","42119.5"
"2026-01-24","ID","Central Java","ID","Jakarta","SiCepat","18428","11480.62","50086.05"
"2026-01-24","PH","Central Visayas","PH","Central Visayas","Ninja Van","29861","19582.47","31345.27"
"2026-01-24","TH","BKK","TH","BKK","J&T","21617","13478.02","21909.75"
"2026-01-24","MY","Sabah","MY","Kuala Lumpur","J&T","19198","13005.26","132852.62"
"2026-01-24","MY","Sabah","MY","Negeri Sembilan","Ninja Van","10703","7941.54","71962.31"
"2026-01-24","MY","Sabah","MY","Pahang","J&T","12004","9836.86","71109.83"
"2026-01-24","PH","Ilocos Region","PH","Bicol Region","Ninja Van","34003","30673.8","92218.68"
"2026-01-24","PH","NCR","PH","SOCCSKSARGEN","J&T","26002","18562.97","92810.31"
"2026-01-24","ID","Central Java","ID","East Java","J&T","35578","25762.85","58038.61"
"2026-01-24","TH","BKK","TH","Phuket","DHL","9854","6034.23","27852.87"
"2026-01-24","ID","Central Java","ID","Banten","Pos Indonesia","24369","14698.71","55458.99"
"2026-01-24","PH","NCR","PH","Central Luzon","Ninja Van","17315","12615.04","19589.05"
"2026-01-24","PH","NCR","PH","Calabarzon","LBC Express","29908","19141.55","40012.53"
"2026-01-24","PH","NCR","PH","Bicol Region","2GO Express","31791","28604.77","54688.28"
"2026-01-24","ID","South Sulawesi","ID","Banten","Ninja Van","15292","9318.54","95069.01"
"2026-01-24","PH","NCR","PH","NCR","J&T","25374","17103.66","27002.84"
"2026-01-24","PH","NCR","PH","Central Visayas","J&T","25463","16761.21","64547.72"
"2026-01-24","PH","NCR","PH","West Visayas","2GO Express","21650","12908.15","47592.98"
"2026-01-24","ID","West Java","ID","Central Java","J&T","33267","21730.71","60760.44"
"2026-01-24","ID","West Java","ID","North Sumatra","J&T","10142","7385.65","54879.79"
"2026-01-24","ID","West Java","ID","Banten","Pos Indonesia","15668","10041.58","22495.7"
"2026-01-24","ID","West Java","ID","Riau","Ninja Van","28756","23889.63","25091.19"
"2026-01-24","ID","West Java","ID","West Java","Ninja Van","37935","23921.82","42477.75"
"2026-01-24","ID","West Java","ID","Bali","Pos Indonesia","28306","21619.07","93954.24"
"2026-01-24","ID","West Java","ID","South Sulawesi","Pos Indonesia","23295","20896.23","107672.29"
"2026-01-24","PH","West Visayas","PH","Central Visayas","LBC Express","26315","19574.33","47644.57"
"2026-01-24","ID","Banten","ID","West Java","Pos Indonesia","29390","17868.28","43264.12"
"2026-01-24","ID","Banten","ID","Bali","Pos Indonesia","26607","20381.6","107166.72"
"2026-01-24","ID","Banten","ID","East Java","J&T","27173","19868.71","83053.76"
"2026-01-24","ID","Banten","ID","Banten","DHL","31562","17904.86","35218.1"
"2026-01-24","PH","West Visayas","PH","West Visayas","J&T","27252","16005.62","29381.41"
"2026-01-24","ID","Banten","ID","Jakarta","Pos Indonesia","30080","20267.83","34514.45"
"2026-01-24","ID","Banten","ID","Central Java","SiCepat","8264","5519.67","25013.8"
"2026-01-24","TH","Chiang Mai","TH","Nonthaburi","Ninja Van","28029","17604.01","79251.21"
"2026-01-24","ID","Bali","ID","North Sumatra","SiCepat","29739","21739.42","313491.48"
"2026-01-24","MY","Sarawak","MY","Kuala Lumpur","Ninja Van","8738","5799.92","37154.09"
"2026-01-24","MY","Negeri Sembilan","MY","Sarawak","Pos Malaysia","20561","18883.34","107099.84"
"2026-01-24","MY","Negeri Sembilan","MY","Negeri Sembilan","Pos Malaysia","11193","8598.12","17452.61"
"2026-01-24","MY","Negeri Sembilan","MY","Kedah","FedEx","22837","18721.37","61031.29"
"2026-01-24","MY","Negeri Sembilan","MY","Selangor","Ninja Van","29435","19220.23","39791.19"
"2026-01-24","MY","Negeri Sembilan","MY","Sabah","Ninja Van","17454","13692.99","110680.73"
"2026-01-24","TH","Songkhla","TH","Chonburi","J&T","12471","8326.65","39328.09"
"2026-01-24","TH","Songkhla","TH","Chiang Mai","Kerry Express","19008","17611.52","115279.81"
"2026-01-24","TH","Songkhla","TH","Phuket","Kerry Express","24003","16397.18","54830.08"
"2026-01-24","MY","Kuala Lumpur","MY","Selangor","Ninja Van","28587","18674.99","28643.14"
"2026-01-24","TH","Nonthaburi","TH","Khon Kaen","Ninja Van","16056","14073.49","33796.55"
"2026-01-24","PH","Northern Mindanao","PH","SOCCSKSARGEN","Ninja Van","18527","13357.57","38042.49"
"2026-01-24","MY","Kuala Lumpur","MY","Kedah","J&T","21004","18578.19","39727.77"
"2026-01-24","TH","Nonthaburi","TH","Chonburi","J&T","23776","16670.92","27008.35"
"2026-01-24","PH","Northern Mindanao","PH","West Visayas","2GO Express","14158","8744.48","32422.21"
"2026-01-24","TH","Nonthaburi","TH","BKK","Kerry Express","22322","14976.44","28747.05"
"2026-01-24","PH","Northern Mindanao","PH","Central Visayas","J&T","10046","6740.45","20531.98"
"2026-01-24","PH","Northern Mindanao","PH","NCR","J&T","24786","16064.48","96097.2"
"2026-01-24","PH","Northern Mindanao","PH","Ilocos Region","LBC Express","26091","24724.44","156616.23"
"2026-01-24","TH","Nonthaburi","TH","Phuket","J&T","12477","7823.55","37773.43"
"2026-01-24","TH","Nonthaburi","TH","Nonthaburi","Ninja Van","21966","13269.85","22881.33"
"2026-01-24","MY","Kuala Lumpur","MY","Kuala Lumpur","Ninja Van","29825","19673.72","33423.56"
"2026-01-24","PH","Northern Mindanao","PH","Northern Mindanao","J&T","17478","12775.94","22990.66"
"2026-01-24","TH","Nonthaburi","TH","Surat Thani","Kerry Express","8339","7695.91","26939.01"
"2026-01-24","TH","Nonthaburi","TH","Songkhla","Kerry Express","24986","22417.96","98510.17"
"2026-01-24","MY","Kuala Lumpur","MY","Sarawak","J&T","9056","7696.27","33927.73"
"2026-01-24","TH","Chiang Mai","TH","Chonburi","J&T","25773","17016.49","80003.5"
"2026-01-24","TH","Chiang Mai","TH","BKK","Ninja Van","26045","16269.42","76856.94"
"2026-01-24","TH","Chiang Mai","TH","Chiang Mai","Kerry Express","14800","13194.91","22369.73"
"2026-01-24","TH","Chiang Mai","TH","Phuket","J&T","22212","13992.7","115036.92"
"2026-01-24","TH","Chiang Mai","TH","Songkhla","J&T","25518","21523.65","141156.02"
"2026-01-24","TH","Chiang Mai","TH","Korat","J&T","7892","4696.91","22204.59"
"2026-01-24","TH","Chiang Mai","TH","","J&T","25206","19222.99","128838.38"
"2026-01-24","TH","Chiang Mai","TH","Nakhon Sawan","J&T","22700","16353.7","52033.97"
"2026-01-24","MY","Perak","MY","Johor","Ninja Van","15596","12012.35","41562.87"
"2026-01-24","MY","Pahang","MY","Sabah","J&T","13765","11073.01","75046.68"
"2026-01-24","ID","Jakarta","ID","Banten","SiCepat","9006","5439.66","13150.23"
"2026-01-24","ID","Jakarta","ID","Central Java","J&T","8575","5730.15","18546.04"
"2026-01-24","MY","Pahang","MY","Johor","Pos Malaysia","18839","15135.78","44734.82"
"2026-01-24","MY","Pahang","MY","Penang","FedEx","8919","5611.67","19236.05"
"2026-01-24","MY","Pahang","MY","Kedah","Ninja Van","9563","8714.5","21508.05"
"2026-01-24","MY","Pahang","MY","Sarawak","FedEx","24602","19920.36","91149.63"
"2026-01-24","MY","Pahang","MY","Perak","DHL","20193","16516.01","39185.31"
"2026-01-24","ID","Jakarta","ID","Jakarta","Pos Indonesia","19881","13711.67","20991.84"
"2026-01-24","ID","Jakarta","ID","North Sumatra","Pos Indonesia","16186","12369.33","76798.52"
"2026-01-24","MY","Pahang","MY","Negeri Sembilan","J&T","12277","9351.44","21030.8"
"2026-01-24","MY","Pahang","MY","Selangor","Ninja Van","30665","20775.88","51197.27"
"2026-01-24","PH","SOCCSKSARGEN","PH","NCR","2GO Express","29082","19122.96","136148.72"
"2026-01-24","TH","Khon Kaen","TH","Nakhon Sawan","J&T","15671","11288.22","33898.09"
"2026-01-24","PH","SOCCSKSARGEN","PH","SOCCSKSARGEN","LBC Express","21820","15942.16","34199.7"
"2026-01-24","PH","SOCCSKSARGEN","PH","West Visayas","DHL","9246","5045.39","27081.42"
"2026-01-24","TH","Korat","TH","Songkhla","FedEx","24053","20041.18","78988.25"
"2026-01-24","MY","Johor","MY","Johor","Pos Malaysia","14688","11468.89","18449.31"
"2026-01-24","ID","Bali","ID","Bali","J&T","16354","12870.43","19187.65"
"2026-01-24","TH","Korat","TH","Chiang Mai","Kerry Express","25889","23359.72","79008.88"
"2026-01-24","TH","Korat","TH","Khon Kaen","J&T","8128","7420.1","11778.58"
"2026-01-24","MY","Johor","MY","Kedah","J&T","21092","18685.64","59016.21"
"2026-01-24","TH","Korat","TH","BKK","J&T","13638","8446.83","21357.97"
"2026-01-24","TH","Korat","TH","Chonburi","J&T","9713","6566.94","14819.55"
"2026-01-24","ID","Bali","ID","South Sulawesi","Ninja Van","29677","27160.03","88863.4"
"2026-01-24","TH","Korat","TH","Surat Thani","Kerry Express","20113","18985.97","72247.52"
"2026-01-24","MY","Johor","MY","Penang","Pos Malaysia","17519","12253.37","56938.77"
"2026-01-24","ID","Bali","ID","East Java","Ninja Van","19962","15942.76","40065.47"
"2026-01-24","MY","Johor","MY","Sarawak","Ninja Van","11619","9959.55","36433.11"
"2026-01-24","ID","Bali","ID","Riau","Pos Indonesia","11073","9381.1","80758.57"
"2026-01-24","MY","Johor","MY","Selangor","J&T","10356","6651.27","19338.58"
"2026-01-24","ID","Bali","ID","West Java","Pos Indonesia","27725","17428.54","110941.92"
"2026-01-24","TH","Khon Kaen","TH","Nonthaburi","Kerry Express","24498","15752.3","67884.8"
"2026-01-24","ID","Bali","ID","Banten","SiCepat","29803","18561.51","176598.83"
"2026-01-24","MY","Johor","MY","Negeri Sembilan","Ninja Van","26353","19397.41","302988.22"
"2026-01-24","MY","Johor","MY","Perak","Pos Malaysia","9942","8991.41","27545.83"
"2026-01-24","TH","Korat","TH","Phuket","Kerry Express","18790","13402.25","80339.36"
"2026-01-24","PH","SOCCSKSARGEN","PH","Northern Mindanao","J&T","8005","5590.51","15056.12"
"2026-01-24","MY","Johor","MY","Sabah","Pos Malaysia","21934","17766.75","138387.54"
"2026-01-24","TH","Korat","TH","Unknown","DHL","24375","18250.77","111815.35"
"2026-01-24","MY","Johor","MY","Pahang","Ninja Van","26334","21783.51","42881.63"
"2026-01-24","TH","Korat","TH","Korat","Ninja Van","23590","15279.44","24036.83"
"2026-01-24","TH","Khon Kaen","TH","Songkhla","J&T","8215","6722.91","37192.6"
"2026-01-24","PH","SOCCSKSARGEN","PH","Ilocos Region","LBC Express","20543","18537.03","141101.9"
"2026-01-24","TH","Khon Kaen","TH","Phuket","Ninja Van","8614","5593.49","39303.99"
"2026-01-24","TH","Khon Kaen","TH","BKK","Ninja Van","13976","8735.65","33268.3"
"2026-01-24","PH","SOCCSKSARGEN","PH","Central Visayas","J&T","10017","6542.63","27962.34"
"2026-01-24","TH","Khon Kaen","TH","Korat","Ninja Van","23024","14515.94","40157.98"
"2026-01-24","PH","SOCCSKSARGEN","PH","Central Luzon","J&T","12858","8918.24","60536.09"
"2026-01-24","TH","Khon Kaen","TH","Chonburi","Kerry Express","23345","16999.43","68020.12"
"2026-01-24","PH","SOCCSKSARGEN","PH","Calabarzon","2GO Express","28495","16698.98","132219.64"
"2026-01-24","MY","Sarawak","MY","Kedah","Ninja Van","24495","21632.88","126721.74"
"2026-01-24","ID","Riau","ID","Jakarta","Pos Indonesia","21955","15295.75","100381.22"
"2026-01-24","MY","Sarawak","MY","Sabah","Ninja Van","18095","14009.59","69205.11"
"2026-01-24","MY","Sarawak","MY","Selangor","Pos Malaysia","26444","17647.28","144161.3"
"2026-01-24","MY","Sarawak","MY","Pahang","Pos Malaysia","12860","11125.73","57813.44"
"2026-01-24","ID","Riau","ID","Bali","SiCepat","18227","13852.82","184160.55"
"2026-01-24","ID","Riau","ID","Banten","DHL","13083","7591.45","58494.81"
"2026-01-24","MY","Sarawak","MY","Penang","Pos Malaysia","9925","6784.38","60626.22"
"2026-01-24","ID","Riau","ID","East Java","Ninja Van","21898","17263.87","137962.51"
"2026-01-25","MY","Perak","MY","Johor","DHL","17640","11468.48","43012.55"
"2026-01-25","MY","Perak","MY","Selangor","J&T","26806","18671.47","45115.05"
"2026-01-25","MY","Perak","MY","Kuala Lumpur","Ninja Van","16545","11696.87","27564.4"
"2026-01-25","MY","Perak","MY","Penang","Pos Malaysia","12388","8681.16","24157.66"
"2026-01-25","MY","Perak","MY","Pahang","J&T","19027","14199.24","37306.98"
"2026-01-25","MY","Sarawak","MY","Sarawak","Ninja Van","32563","26897.6","465008.15"
"2026-01-25","MY","Sarawak","MY","Kuala Lumpur","Ninja Van","26972","18996.11","111420.34"
"2026-01-25","ID","Riau","ID","North Sumatra","SiCepat","10024","7572.32","34322.91"
"2026-01-25","PH","Bicol Region","PH","Calabarzon","DHL","14831","9000.29","30507.56"
"2026-01-25","PH","Bicol Region","PH","West Visayas","LBC Express","9987","5936.4","26712.98"
"2026-01-25","PH","Bicol Region","PH","Northern Mindanao","Ninja Van","24646","20654.74","72468.88"
"2026-01-25","PH","Bicol Region","PH","SOCCSKSARGEN","J&T","21084","13336.33","74556.53"
"2026-01-25","PH","Bicol Region","PH","Central Luzon","LBC Express","15392","11708.44","43811.52"
"2026-01-25","PH","Bicol Region","PH","NCR","Ninja Van","14165","8362.07","28703.07"
"2026-01-25","PH","Bicol Region","PH","Ilocos Region","2GO Express","16668","14550.41","40339.75"
"2026-01-25","PH","Bicol Region","PH","Central Visayas","J&T","17075","11917.22","37727.03"
"2026-01-25","MY","Sarawak","MY","Selangor","Pos Malaysia","18535","13470.46","95549.69"
"2026-01-25","PH","Calabarzon","PH","Ilocos Region","2GO Express","29662","27497.74","46840.66"
"2026-01-25","PH","Central Luzon","PH","SOCCSKSARGEN","LBC Express","21788","15060.68","104380.81"
"2026-01-25","PH","Central Luzon","PH","NCR","J&T","24702","14394.37","27154.56"
"2026-01-25","PH","Calabarzon","PH","Central Luzon","2GO Express","33393","25997.94","41020.71"
"2026-01-25","PH","Calabarzon","PH","Calabarzon","LBC Express","30666","20126.1","41296.25"
"2026-01-25","PH","Central Luzon","PH","Central Luzon","J&T","21451","15773.11","22723.97"
"2026-01-25","PH","Calabarzon","PH","West Visayas","LBC Express","20401","12997.72","55113.88"
"2026-01-25","PH","Central Luzon","PH","West Visayas","LBC Express","8984","5508.25","26157.56"
"2026-01-25","PH","Calabarzon","PH","Northern Mindanao","LBC Express","22626","19348.81","90560.68"
"2026-01-25","PH","Central Luzon","PH","Northern Mindanao","J&T","21502","17856.75","71517.67"
"2026-01-25","PH","Calabarzon","PH","NCR","DHL","35297","20817.27","37029.95"
"2026-01-25","PH","Central Luzon","PH","Ilocos Region","Ninja Van","17127","15201.48","22129.85"
"2026-01-25","MY","Perak","MY","Sabah","J&T","29335","26356.18","190981.9"
"2026-01-25","TH","Chonburi","TH","Phuket","J&T","16277","10113.86","47303.23"
"2026-01-25","TH","Chonburi","TH","Khon Kaen","Kerry Express","22495","21209.37","59247.44"
"2026-01-25","TH","Songkhla","TH","Khon Kaen","J&T","23601","20676.9","97699.62"
"2026-01-25","TH","Songkhla","TH","BKK","FedEx","24078","14520.54","78080.0"
"2026-01-25","TH","Songkhla","TH","Chiang Mai","J&T","23204","17982.69","119609.59"
"2026-01-25","TH","Songkhla","TH","Korat","Kerry Express","9134","6036.76","44116.66"
"2026-01-25","TH","Songkhla","TH","Songkhla","J&T","12320","10263.65","14703.6"
"2026-01-25","TH","Surat Thani","TH","Nakhon Sawan","J&T","8072","6001.96","28737.67"
"2026-01-25","TH","Surat Thani","TH","Nonthaburi","Kerry Express","25870","18230.96","93669.39"
"2026-01-25","TH","Surat Thani","TH","Chonburi","Ninja Van","27384","19404.18","76455.91"
"2026-01-25","TH","Surat Thani","TH","BKK","Kerry Express","25948","17332.09","94162.06"
"2026-01-25","PH","Northern Mindanao","PH","Bicol Region","J&T","24275","22073.88","77257.54"
"2026-01-25","TH","Surat Thani","TH","Chiang Mai","FedEx","10755","8950.37","49873.84"
"2026-01-25","PH","Bicol Region","PH","Bicol Region","DHL","22247","18694.96","29179.55"
"2026-01-25","MY","Kuala Lumpur","MY","Penang","DHL","10843","6580.59","19569.82"
"2026-01-25","PH","Central Luzon","PH","Central Visayas","2GO Express","22140","16850.03","57440.03"
"2026-01-25","MY","Kuala Lumpur","MY","Pahang","Pos Malaysia","17689","13648.72","34651.74"
"2026-01-25","PH","Central Luzon","PH","Bicol Region","2GO Express","14058","13280.79","26026.33"
"2026-01-25","MY","Kuala Lumpur","MY","Negeri Sembilan","Pos Malaysia","21883","17741.56","29222.82"
"2026-01-25","TH","BKK","TH","Phuket","Kerry Express","24933","16702.12","88211.55"
"2026-01-25","ID","Central Java","ID","Jakarta","J&T","36517","22047.13","77155.84"
"2026-01-25","TH","BKK","TH","","J&T","15286","9029.2","71649.33"
"2026-01-25","ID","Central Java","ID","West Java","DHL","34343","20490.3","66033.08"
"2026-01-25","ID","South Sulawesi","ID","West Java","SiCepat","16852","10072.48","123845.14"
"2026-01-25","TH","BKK","TH","Chiang Mai","J&T","31889","24050.21","87191.33"
"2026-01-25","ID","South Sulawesi","ID","East Java","Ninja Van","20943","15265.48","82013.28"
"2026-01-25","ID","Central Java","ID","East Java","Pos Indonesia","13097","9570.41","21423.4"
"2026-01-25","ID","South Sulawesi","ID","Jakarta","SiCepat","11683","6831.78","87441.25"
"2026-01-25","PH","Central Visayas","PH","Central Luzon","2GO Express","9759","7249.66","27255.5"
"2026-01-25","PH","Central Visayas","PH","Calabarzon","2GO Express","29049","17927.95","72423.86"
"2026-01-25","ID","South Sulawesi","ID","North Sumatra","Ninja Van","20885","16198.39","202177.8"
"2026-01-25","PH","Central Visayas","PH","Central Visayas","Ninja Van","20179","14436.6","20223.73"
"2026-01-25","TH","BKK","TH","Nakhon Sawan","Ninja Van","30025","21879.98","45233.61"
"2026-01-25","TH","BKK","TH","BKK","FedEx","34055","20742.05","36355.56"
"2026-01-25","TH","BKK","TH","Korat","Ninja Van","17961","11297.45","27301.36"
"2026-01-25","PH","Central Visayas","PH","NCR","2GO Express","28589","16834.97","76517.38"
"2026-01-25","ID","South Sulawesi","ID","Central Java","Pos Indonesia","9373","7129.75","45096.51"
"2026-01-25","ID","South Sulawesi","ID","South Sulawesi","SiCepat","31544","26216.75","54384.72"
"2026-01-25","ID","Central Java","ID","South Sulawesi","SiCepat","34045","28618.62","174316.44"
"2026-01-25","PH","Central Visayas","PH","Northern Mindanao","Ninja Van","21527","16768.53","35999.38"
"2026-01-25","ID","Central Java","ID","Banten","Pos Indonesia","20136","12778.84","45124.79"
"2026-01-25","PH","Northern Mindanao","PH","Central Luzon","J&T","10566","7777.07","42988.37"
"2026-01-25","ID","South Sulawesi","ID","Banten","DHL","27546","16570.21","172834.74"
"2026-01-25","PH","Northern Mindanao","PH","Calabarzon","LBC Express","18685","12218.42","92413.59"
"2026-01-25","MY","Negeri Sembilan","MY","Pahang","J&T","10750","8045.79","20046.87"
"2026-01-25","MY","Negeri Sembilan","MY","Perak","FedEx","20731","17234.18","40338.05"
"2026-01-25","MY","Negeri Sembilan","MY","Johor","Pos Malaysia","28755","22040.32","73519.04"
"2026-01-25","MY","Negeri Sembilan","MY","Kuala Lumpur","Ninja Van","26409","17905.08","34276.41"
"2026-01-25","MY","Negeri Sembilan","MY","Penang","Pos Malaysia","28800","20073.11","82867.35"
"2026-01-25","TH","Nonthaburi","TH","Nakhon Sawan","Ninja Van","13301","10389.81","133163.39"
"2026-01-25","MY","Kuala Lumpur","MY","Sabah","FedEx","15676","12503.93","83708.84"
"2026-01-25","MY","Selangor","MY","Johor","Pos Malaysia","15178","11137.29","35778.0"
"2026-01-25","PH","NCR","PH","Calabarzon","2GO Express","31508","20308.08","33388.18"
"2026-01-25","PH","NCR","PH","Central Luzon","LBC Express","15093","12399.86","21125.8"
"2026-01-25","PH","Ilocos Region","PH","Northern Mindanao","Ninja Van","33044","27390.52","144142.24"
"2026-01-25","PH","Ilocos Region","PH","NCR","2GO Express","10837","6680.58","19062.33"
"2026-01-25","PH","Ilocos Region","PH","SOCCSKSARGEN","DHL","19745","12697.53","100325.94"
"2026-01-25","MY","Unknown","MY","Unknown","Pos Malaysia","32091","22426.49","178750.17"
"2026-01-25","MY","Unknown","MY","","Ninja Van","17839","11748.35","83747.74"
"2026-01-25","PH","Ilocos Region","PH","Ilocos Region","J&T","28756","25273.7","39757.74"
"2026-01-25","PH","Ilocos Region","PH","Central Luzon","LBC Express","23361","19296.84","46164.42"
"2026-01-25","PH","Ilocos Region","PH","Calabarzon","DHL","32092","19351.84","60548.87"
"2026-01-25","PH","Ilocos Region","PH","Central Visayas","DHL","9369","6834.01","35558.08"
"2026-01-25","PH","Ilocos Region","PH","Bicol Region","2GO Express","17989","16991.15","47876.21"
"2026-01-25","ID","North Sumatra","ID","North Sumatra","J&T","13168","9270.1","15984.79"
"2026-01-25","ID","North Sumatra","ID","Banten","Pos Indonesia","28137","17586.39","159767.37"
"2026-01-25","ID","North Sumatra","ID","Riau","SiCepat","22200","16838.55","80379.66"
"2026-01-25","ID","North Sumatra","ID","East Java","Pos Indonesia","32372","23608.26","257793.05"
"2026-01-25","PH","West Visayas","PH","SOCCSKSARGEN","J&T","25387","16525.16","60219.95"
"2026-01-25","PH","West Visayas","PH","Ilocos Region","2GO Express","17031","15768.04","46018.96"
"2026-01-25","ID","North Sumatra","ID","West Java","Ninja Van","33067","20553.38","198349.85"
"2026-01-25","ID","North Sumatra","ID","Bali","Pos Indonesia","26480","18123.08","232573.43"
"2026-01-25","PH","West Visayas","PH","Central Luzon","Ninja Van","12141","9482.66","30092.91"
"2026-01-25","PH","West Visayas","PH","Calabarzon","J&T","15019","9097.14","31856.42"
"2026-01-25","PH","West Visayas","PH","Northern Mindanao","LBC Express","22779","19544.05","54006.89"
"2026-01-25","PH","West Visayas","PH","Central Visayas","LBC Express","10951","8577.2","19997.7"
"2026-01-25","PH","West Visayas","PH","West Visayas","Ninja Van","13980","8238.97","14568.9"
"2026-01-25","TH","Nakhon Sawan","TH","Korat","J&T","27304","16966.16","55635.18"
"2026-01-25","TH","Nakhon Sawan","TH","Chiang Mai","J&T","27492","21456.8","68938.09"
"2026-01-25","TH","Nakhon Sawan","TH","Surat Thani","J&T","20959","17353.92","75655.01"
"2026-01-25","TH","Nakhon Sawan","TH","Khon Kaen","DHL","14087","12307.2","30875.37"
"2026-01-25","TH","Nakhon Sawan","TH","Nonthaburi","Kerry Express","24795","16843.81","61906.37"
"2026-01-25","TH","Nakhon Sawan","TH","Chonburi","J&T","23881","15952.84","50588.97"
"2026-01-25","TH","Nakhon Sawan","TH","BKK","Ninja Van","21432","13012.24","41681.54"
"2026-01-25","MY","Kedah","MY","Kuala Lumpur","Pos Malaysia","14218","10821.74","40024.53"
"2026-01-25","TH","Phuket","TH","Nonthaburi","Kerry Express","21518","13981.69","78589.05"
"2026-01-25","TH","Phuket","TH","Phuket","J&T","7746","4628.67","8502.27"
"2026-01-25","TH","Phuket","TH","BKK","J&T","19253","10940.65","58254.33"
"2026-01-25","MY","Kedah","MY","Johor","J&T","9153","6851.88","29588.58"
"2026-01-25","TH","Phuket","TH","Korat","Ninja Van","22702","14505.0","78706.25"
"2026-01-25","MY","Kedah","MY","Perak","Ninja Van","10402","9798.91","18357.95"
"2026-01-25","TH","Phuket","TH","Khon Kaen","FedEx","20908","17478.95","83090.97"
"2026-01-25","TH","Phuket","TH","Chiang Mai","Ninja Van","7240","5867.1","31508.76"
"2026-01-25","MY","Kedah","MY","Penang","Pos Malaysia","13417","10145.17","22024.08"
"2026-01-25","MY","Kedah","MY","Sarawak","Pos Malaysia","14486","13166.24","94285.86"
"2026-01-25","TH","Phuket","TH","Nakhon Sawan","Kerry Express","21186","16165.11","90782.71"
"2026-01-25","MY","Kedah","MY","Kedah","J&T","7631","6708.36","8729.15"
"2026-01-25","MY","Kedah","MY","Selangor","Pos Malaysia","12511","9568.35","36741.75"
"2026-01-25","TH","Surat Thani","TH","Songkhla","Ninja Van","23354","20460.41","48973.76"
"2026-01-25","TH","Surat Thani","TH","Phuket","Kerry Express","26366","18378.16","56052.11"
"2026-01-25","TH","Phuket","TH","Chonburi","DHL","19564","12755.46","58128.26"
"2026-01-25","PH","West Visayas","PH","Uknown","Ninja Van","27762","15744.1","126588.97"
"2026-01-25","TH","Surat Thani","TH","Surat Thani","DHL","25449","21735.91","32147.42"
"2026-01-25","TH","Surat Thani","TH","Khon Kaen","Kerry Express","11221","11192.63","59618.81"
"2026-01-25","TH","BKK","TH","Khon Kaen","Kerry Express","8799","8063.31","23813.26"
"2026-01-25","PH","Central Visayas","PH","SOCCSKSARGEN","LBC Express","10450","6942.43","28750.79"
"2026-01-25","TH","BKK","TH","Chonburi","Ninja Van","25978","17898.85","29830.28"
"2026-01-25","ID","South Sulawesi","ID","Riau","Pos Indonesia","26821","20847.93","224307.41"
"2026-01-25","PH","Central Visayas","PH","Bicol Region","LBC Express","31155","29554.11","73344.41"
"2026-01-25","TH","BKK","TH","Songkhla","Kerry Express","29726","27203.62","116296.84"
"2026-01-25","MY","Selangor","MY","Sabah","Pos Malaysia","24606","23194.26","176847.68"
"2026-01-25","MY","Selangor","MY","Selangor","J&T","22656","15632.32","23946.18"
"2026-01-25","MY","Selangor","MY","Kuala Lumpur","Pos Malaysia","9389","6755.47","12302.81"
"2026-01-25","MY","Selangor","MY","Perak","Pos Malaysia","14439","13535.84","27212.6"
"2026-01-25","MY","Selangor","MY","Penang","J&T","24001","15814.9","42851.51"
"2026-01-25","MY","Selangor","MY","Sarawak","Ninja Van","9613","7983.37","37418.32"
"2026-01-25","TH","Nakhon Sawan","TH","Nakhon Sawan","Ninja Van","7733","5849.53","10806.45"
"2026-01-25","TH","Nakhon Sawan","TH","Songkhla","Kerry Express","13028","12177.21","73999.15"
"2026-01-25","MY","Pahang","MY","Negeri Sembilan","Pos Malaysia","21829","17952.94","47352.36"
"2026-01-25","MY","Penang","MY","Selangor","J&T","23600","16468.79","43891.75"
"2026-01-25","MY","Penang","MY","Perak","Ninja Van","12295","11194.29","16231.05"
"2026-01-25","MY","Penang","MY","Kuala Lumpur","J&T","28334","20291.79","50400.48"
"2026-01-25","ID","East Java","ID","Jakarta","J&T","35938","21132.79","101256.65"
"2026-01-25","MY","Penang","MY","Johor","J&T","10381","7314.75","26199.3"
"2026-01-25","ID","East Java","ID","South Sulawesi","Pos Indonesia","17758","15488.26","54511.21"
"2026-01-25","ID","East Java","ID","Central Java","J&T","31422","22189.25","53619.12"
"2026-01-25","MY","Penang","MY","Penang","J&T","23796","16492.26","25455.13"
"2026-01-25","MY","Penang","MY","Sarawak","Pos Malaysia","10119","8860.23","52848.95"
"2026-01-25","MY","Penang","MY","Pahang","J&T","29395","22290.7","60085.08"
"2026-01-25","ID","East Java","ID","Riau","Pos Indonesia","15660","11924.0","83974.6"
"2026-01-25","MY","Penang","MY","Negeri Sembilan","Pos Malaysia","22407","18089.61","52117.67"
"2026-01-25","ID","East Java","ID","Banten","SiCepat","34076","20538.41","134364.83"
"2026-01-25","ID","Jakarta","ID","Riau","Ninja Van","27087","22141.59","95254.29"
"2026-01-25","TH","Chonburi","TH","Korat","J&T","13737","8598.41","21268.81"
"2026-01-25","TH","Chonburi","TH","Nonthaburi","J&T","24839","15256.97","30692.81"
"2026-01-25","TH","Chonburi","TH","Songkhla","J&T","13900","11212.64","40474.77"
"2026-01-25","TH","Chonburi","TH","Chiang Mai","J&T","17885","14039.39","51216.68"
"2026-01-25","ID","Banten","ID","North Sumatra","J&T","20870","14725.99","101130.11"
"2026-01-25","ID","Jakarta","ID","Jakarta","DHL","33647","20159.29","35735.83"
"2026-01-25","MY","Sabah","MY","Penang","Pos Malaysia","29223","21474.67","256650.76"
"2026-01-25","MY","Sabah","MY","Pahang","Pos Malaysia","8313","6539.15","63968.23"
"2026-01-25","MY","Sabah","MY","Sabah","J&T","9800","8516.06","13478.25"
"2026-01-25","MY","Sabah","MY","Johor","Pos Malaysia","10969","8517.39","82454.45"
"2026-01-25","MY","Sabah","MY","Kuala Lumpur","Pos Malaysia","23289","16740.47","207060.25"
"2026-01-25","MY","Sabah","MY","Selangor","Pos Malaysia","13030","9442.08","117251.02"
"2026-01-25","MY","Sabah","MY","Negeri Sembilan","Ninja Van","21357","16742.65","138347.95"
"2026-01-25","MY","Sabah","MY","Sarawak","Pos Malaysia","30608","26551.03","159072.65"
"2026-01-25","MY","Sabah","MY","Perak","Pos Malaysia","29866","27646.92","255462.1"
"2026-01-25","ID","Jakarta","ID","South Sulawesi","Ninja Van","32600","29888.4","154720.77"
"2026-01-25","PH","NCR","PH","NCR","LBC Express","34568","21863.93","49323.22"
"2026-01-25","PH","NCR","PH","Bicol Region","2GO Express","22513","20736.07","38750.31"
"2026-01-25","PH","NCR","PH","Central Visayas","J&T","29961","21821.61","73900.94"
"2026-01-25","PH","NCR","PH","West Visayas","2GO Express","11888","7043.04","27738.03"
"2026-01-25","PH","NCR","PH","SOCCSKSARGEN","LBC Express","18223","12840.66","89088.39"
"2026-01-25","ID","West Java","ID","Central Java","Pos Indonesia","21502","16139.0","38738.84"
"2026-01-25","ID","West Java","ID","North Sumatra","J&T","20923","14935.32","105077.64"
"2026-01-25","TH","","TH","BKK","J&T","8541","5183.33","37744.97"
"2026-01-25","ID","West Java","ID","Bali","J&T","16361","10804.2","53774.99"
"2026-01-25","ID","West Java","ID","West Java","Ninja Van","29936","18570.38","32254.98"
"2026-01-25","ID","West Java","ID","Banten","Pos Indonesia","33382","21058.26","50841.75"
"2026-01-25","ID","West Java","ID","South Sulawesi","SiCepat","16111","13657.15","95382.89"
"2026-01-25","ID","Banten","ID","Jakarta","Pos Indonesia","26900","16836.27","31578.53"
"2026-01-25","ID","Banten","ID","Central Java","Pos Indonesia","24677","18334.47","58246.75"
"2026-01-25","TH","Chiang Mai","TH","Nonthaburi","FedEx","18032","11409.01","53470.49"
"2026-01-25","ID","Bali","ID","North Sumatra","SiCepat","26419","19482.49","288220.63"
"2026-01-25","ID","West Java","ID","Riau","SiCepat","26153","19239.91","137331.68"
"2026-01-25","ID","Banten","ID","Bali","SiCepat","9238","5998.69","44943.52"
"2026-01-25","MY","Negeri Sembilan","MY","Negeri Sembilan","J&T","14685","10982.02","19545.78"
"2026-01-25","MY","Negeri Sembilan","MY","Selangor","Ninja Van","19983","14168.82","27663.84"
"2026-01-25","MY","Negeri Sembilan","MY","Sabah","Ninja Van","7710","6903.81","51936.16"
"2026-01-25","MY","Negeri Sembilan","MY","Kedah","Pos Malaysia","20575","18029.61","65213.29"
"2026-01-25","MY","Negeri Sembilan","MY","Sarawak","J&T","19833","17091.86","87772.1"
"2026-01-25","ID","Banten","ID","West Java","SiCepat","13468","7838.18","26705.45"
"2026-01-25","MY","Kuala Lumpur","MY","Johor","Pos Malaysia","19003","14127.75","44330.23"
"2026-01-25","TH","Songkhla","TH","Chonburi","J&T","7945","5390.35","25010.91"
"2026-01-25","TH","Songkhla","TH","Surat Thani","Ninja Van","13592","11485.83","25346.83"
"2026-01-25","TH","Songkhla","TH","Phuket","J&T","19508","12602.75","36242.05"
"2026-01-25","ID","Riau","ID","West Java","SiCepat","22163","13312.66","132643.73"
"2026-01-25","TH","Nonthaburi","TH","Surat Thani","Kerry Express","10752","9755.07","34987.04"
"2026-01-25","TH","Nonthaburi","TH","Chonburi","Ninja Van","7293","5149.47","8423.34"
"2026-01-25","TH","Nonthaburi","TH","BKK","Kerry Express","27195","17710.99","34031.6"
"2026-01-25","PH","Northern Mindanao","PH","Central Visayas","LBC Express","32395","25423.52","83619.62"
"2026-01-25","PH","Northern Mindanao","PH","NCR","J&T","27194","16729.84","110442.16"
"2026-01-25","TH","Nonthaburi","TH","Phuket","Kerry Express","18469","12519.99","67228.42"
"2026-01-25","MY","Kuala Lumpur","MY","Kedah","Ninja Van","26430","23108.71","53939.75"
"2026-01-25","MY","Kuala Lumpur","MY","Kuala Lumpur","Ninja Van","9833","7050.21","10453.39"
"2026-01-25","TH","Nonthaburi","TH","Nonthaburi","J&T","10362","6441.85","11040.4"
"2026-01-25","PH","Northern Mindanao","PH","Northern Mindanao","DHL","15736","12413.41","20566.65"
"2026-01-25","PH","Northern Mindanao","PH","Ilocos Region","DHL","9062","7797.7","41116.02"
"2026-01-25","PH","Northern Mindanao","PH","West Visayas","LBC Express","26895","16468.42","82693.16"
"2026-01-25","TH","Nonthaburi","TH","Korat","J&T","21684","13165.47","33500.51"
"2026-01-25","TH","Nonthaburi","TH","Songkhla","J&T","22933","18660.58","72932.99"
"2026-01-25","MY","Kuala Lumpur","MY","Selangor","Pos Malaysia","12228","9127.7","16159.88"
"2026-01-25","MY","Kuala Lumpur","MY","Sarawak","J&T","29142","23642.88","112910.2"
"2026-01-25","TH","Nonthaburi","TH","Khon Kaen","Ninja Van","25002","22367.82","51964.05"
"2026-01-25","PH","Northern Mindanao","PH","SOCCSKSARGEN","Ninja Van","11585","7713.06","23221.42"
"2026-01-25","ID","Uknown","ID","East Java","DHL","18589","13136.41","84489.02"
"2026-01-25","ID","Uknown","ID","Uknown","J&T","28700","16534.26","134361.72"
"2026-01-25","TH","Chiang Mai","TH","Phuket","Ninja Van","23067","14619.55","116901.43"
"2026-01-25","TH","Chiang Mai","TH","BKK","Ninja Van","28788","17903.73","89887.21"
"2026-01-25","TH","Chiang Mai","TH","Korat","Ninja Van","11310","7318.8","32464.28"
"2026-01-25","TH","Chiang Mai","TH","Chiang Mai","Ninja Van","21941","18150.07","28540.76"
"2026-01-25","TH","Chiang Mai","TH","Chonburi","Ninja Van","14399","9789.06","43590.16"
"2026-01-25","TH","Chiang Mai","TH","Nakhon Sawan","Kerry Express","13508","10600.48","39578.94"
"2026-01-25","TH","Chiang Mai","TH","Khon Kaen","J&T","10326","9236.64","28760.27"
"2026-01-25","TH","Chiang Mai","TH","Songkhla","DHL","18220","14655.07","98136.14"
"2026-01-25","ID","Banten","ID","East Java","Pos Indonesia","22268","16335.3","66340.35"
"2026-01-25","ID","Jakarta","ID","Banten","J&T","21419","13450.21","25232.25"
"2026-01-25","MY","Pahang","MY","Johor","J&T","19758","14342.01","35335.08"
"2026-01-25","ID","Jakarta","ID","Central Java","Pos Indonesia","10314","7941.4","22795.08"
"2026-01-25","MY","Pahang","MY","Kedah","Ninja Van","27105","25037.4","62337.96"
"2026-01-25","MY","Pahang","MY","Sarawak","Ninja Van","11609","9828.41","9309.44"
"2026-01-25","MY","Pahang","MY","Penang","Ninja Van","9302","6249.39","21060.21"
"2026-01-25","MY","Pahang","MY","Uknown","J&T","23893","19645.58","118942.24"
"2026-01-25","MY","Pahang","MY","Perak","Pos Malaysia","21747","20484.91","49076.84"
"2026-01-25","ID","Jakarta","ID","West Java","Ninja Van","22629","14513.64","29361.07"
"2026-01-25","ID","Jakarta","ID","North Sumatra","J&T","33138","24232.64","168819.36"
"2026-01-25","MY","Pahang","MY","","Pos Malaysia","27581","22105.83","169131.58"
"2026-01-25","MY","Pahang","MY","Sabah","J&T","24977","22637.31","142110.59"
"2026-01-25","TH","Khon Kaen","TH","Songkhla","J&T","21496","18232.89","96061.98"
"2026-01-25","ID","Banten","ID","Banten","Pos Indonesia","26356","16693.22","29793.22"
"2026-01-25","TH","Khon Kaen","TH","BKK","J&T","23076","13697.75","54899.8"
"2026-01-25","PH","SOCCSKSARGEN","PH","Ilocos Region","Ninja Van","23998","21273.38","124471.61"
"2026-01-25","PH","SOCCSKSARGEN","PH","Central Visayas","J&T","17514","12397.37","46376.71"
"2026-01-25","TH","Khon Kaen","TH","Chonburi","Ninja Van","23785","16186.05","56588.21"
"2026-01-25","TH","Khon Kaen","TH","Chiang Mai","Ninja Van","21388","18076.71","59196.38"
"2026-01-25","TH","Khon Kaen","TH","Korat","FedEx","16653","10735.91","27027.92"
"2026-01-25","ID","","ID","Unknown","J&T","21612","12514.78","96988.59"
"2026-01-25","PH","SOCCSKSARGEN","PH","Central Luzon","Ninja Van","29094","21101.7","143375.56"
"2026-01-25","PH","SOCCSKSARGEN","PH","SOCCSKSARGEN","2GO Express","27227","17630.37","35152.6"
"2026-01-25","PH","SOCCSKSARGEN","PH","Calabarzon","J&T","18308","10983.11","83532.54"
"2026-01-25","PH","SOCCSKSARGEN","PH","Northern Mindanao","Ninja Van","14969","11781.27","30111.49"
"2026-01-25","TH","Khon Kaen","TH","Phuket","Ninja Van","23161","14914.52","105640.62"
"2026-01-25","TH","Khon Kaen","TH","Nonthaburi","Ninja Van","29516","18615.59","71396.17"
"2026-01-25","MY","Johor","MY","Selangor","Ninja Van","24926","17709.63","383449.21"
"2026-01-25","ID","Bali","ID","Bali","Pos Indonesia","31191","22809.83","39636.05"
"2026-01-25","TH","Korat","TH","Surat Thani","Kerry Express","18054","16311.11","65332.29"
"2026-01-25","TH","Korat","TH","Chonburi","J&T","26132","17680.7","39235.23"
"2026-01-25","TH","Korat","TH","Khon Kaen","J&T","25005","22482.55","36147.36"
"2026-01-25","TH","Korat","TH","BKK","DHL","27056","16020.82","41538.21"
"2026-01-25","MY","Johor","MY","Pahang","J&T","27956","20804.1","48634.21"
"2026-01-25","ID","Bali","ID","South Sulawesi","J&T","14695","13012.76","43660.1"
"2026-01-25","ID","Bali","ID","Central Java","Pos Indonesia","12729","9924.52","35946.95"
"2026-01-25","MY","Johor","MY","Penang","Pos Malaysia","30024","21348.65","97405.06"
"2026-01-25","ID","Bali","ID","East Java","J&T","16270","11963.96","34837.08"
"2026-01-25","ID","Bali","ID","Riau","J&T","21013","16024.74","145467.12"
"2026-01-25","PH","SOCCSKSARGEN","PH","West Visayas","J&T","24251","13162.13","70755.23"
"2026-01-25","MY","Johor","MY","Kedah","J&T","19307","16502.86","54049.74"
"2026-01-25","ID","Bali","ID","West Java","SiCepat","27283","16691.01","139541.89"
"2026-01-25","TH","Korat","TH","Phuket","Kerry Express","18572","12640.13","78830.05"
"2026-01-25","MY","Johor","MY","Negeri Sembilan","J&T","28744","21709.99","46940.24"
"2026-01-25","ID","Bali","ID","Banten","Ninja Van","22973","15024.42","99945.21"
"2026-01-25","TH","Korat","TH","Korat","Kerry Express","12274","8191.37","17107.29"
"2026-01-25","MY","Johor","MY","Perak","J&T","33083","28993.44","72947.11"
"2026-01-25","MY","Johor","MY","Johor","Ninja Van","28559","19645.43","29803.11"
"2026-01-25","TH","Khon Kaen","TH","Nakhon Sawan","J&T","12980","9757.65","26045.29"
"2026-01-25","MY","Johor","MY","Sabah","J&T","12960","11405.77","64402.64"
"2026-01-25","TH","Korat","TH","Nonthaburi","J&T","28247","17590.12","42816.53"
"2026-01-25","TH","Korat","TH","Chiang Mai","Ninja Van","22642","18564.42","53918.47"
"2026-01-25","TH","Korat","TH","Songkhla","FedEx","29169","23895.91","105315.64"
"2026-01-25","PH","SOCCSKSARGEN","PH","NCR","DHL","18055","10471.92","80133.24"
"2026-01-25","MY","Sarawak","MY","Penang","Pos Malaysia","24807","17066.79","154534.52"
"2026-01-25","ID","Riau","ID","East Java","Pos Indonesia","26310","19986.99","168053.14"
"2026-01-25","MY","Sarawak","MY","Sabah","Pos Malaysia","29208","25951.68","131955.33"
"2026-01-25","ID","Riau","ID","Jakarta","J&T","8955","5546.16","41706.58"
"2026-01-25","MY","Sarawak","MY","Pahang","J&T","22173","16123.62","81096.03"
"2026-01-25","ID","Riau","ID","Bali","Ninja Van","30442","22184.4","236243.16"
"2026-01-25","ID","Riau","ID","Central Java","Pos Indonesia","21903","17115.83","126624.79"
"2026-01-25","ID","Riau","ID","Banten","SiCepat","20023","13048.73","105649.19"
"2026-01-25","MY","Sarawak","MY","Kedah","FedEx","28555","22226.58","146341.4"
"2026-01-26","MY","Perak","MY","Pahang","Pos Malaysia","29411","25799.01","68072.5"
"2026-01-26","MY","Perak","MY","Sabah","Ninja Van","37022","32413.46","242624.38"
"2026-01-26","MY","Perak","MY","Johor","Pos Malaysia","35930","26895.52","113535.32"
"2026-01-26","MY","Perak","MY","Penang","FedEx","25584","17191.75","36873.01"
"2026-01-26","ID","Riau","ID","North Sumatra","Pos Indonesia","37866","29423.3","103553.26"
"2026-01-26","ID","Riau","ID","West Java","Pos Indonesia","37374","25190.13","175776.2"
"2026-01-26","MY","Sarawak","MY","Sarawak","Ninja Van","38640","30527.05","46820.52"
"2026-01-26","PH","Bicol Region","PH","Calabarzon","Ninja Van","31686","19245.41","60135.88"
"2026-01-26","PH","Bicol Region","PH","Bicol Region","J&T","37017","29761.09","44639.41"
"2026-01-26","PH","Bicol Region","PH","Ilocos Region","DHL","39100","30599.33","102059.75"
"2026-01-26","PH","Bicol Region","PH","Northern Mindanao","J&T","35069","24829.75","106120.15"
"2026-01-26","PH","Bicol Region","PH","West Visayas","2GO Express","35884","21327.57","74104.05"
"2026-01-26","PH","Bicol Region","PH","NCR","Ninja Van","20743","13162.64","43862.96"
"2026-01-26","PH","Bicol Region","PH","SOCCSKSARGEN","Ninja Van","37034","27324.32","133869.72"
"2026-01-26","MY","Sarawak","MY","Kuala Lumpur","Pos Malaysia","29661","20817.86","160578.02"
"2026-01-26","PH","Central Luzon","PH","SOCCSKSARGEN","J&T","34830","25563.7","137642.47"
"2026-01-26","PH","Central Luzon","PH","Ilocos Region","Ninja Van","13727","11629.71","17055.35"
"2026-01-26","PH","Calabarzon","PH","Ilocos Region","Ninja Van","16261","14147.04","24401.8"
"2026-01-26","PH","Central Luzon","PH","Bicol Region","Ninja Van","10197","8438.09","19518.54"
"2026-01-26","PH","Calabarzon","PH","West Visayas","LBC Express","14500","9349.41","40072.83"
"2026-01-26","PH","Central Luzon","PH","West Visayas","2GO Express","37145","23035.52","89352.71"
"2026-01-26","PH","Central Luzon","PH","Central Visayas","Ninja Van","31408","22761.95","87769.94"
"2026-01-26","PH","Calabarzon","PH","NCR","LBC Express","23359","16749.87","31214.11"
"2026-01-26","PH","Calabarzon","PH","Northern Mindanao","J&T","12156","8810.59","36494.22"
"2026-01-26","PH","Central Luzon","PH","Northern Mindanao","2GO Express","39751","30446.15","129849.48"
"2026-01-26","TH","Chonburi","TH","Khon Kaen","FedEx","25245","21536.39","52415.35"
"2026-01-26","TH","Uknown","TH","BKK","Ninja Van","29178","17787.95","135193.7"
"2026-01-26","ID","Riau","ID","Banten","Pos Indonesia","10798","7411.95","45344.43"
"2026-01-26","TH","Songkhla","TH","Chiang Mai","J&T","33319","29143.79","166551.52"
"2026-01-26","TH","Songkhla","TH","Korat","Ninja Van","37315","21853.99","147923.63"
"2026-01-26","TH","Songkhla","TH","Songkhla","FedEx","22267","18869.01","27314.31"
"2026-01-26","TH","Songkhla","TH","Khon Kaen","J&T","31215","25854.3","133318.09"
"2026-01-26","MY","Kuala Lumpur","MY","Sabah","Ninja Van","26243","23174.76","141205.53"
"2026-01-26","PH","Calabarzon","PH","Calabarzon","Ninja Van","25881","15781.86","28969.65"
"2026-01-26","PH","Calabarzon","PH","Central Luzon","J&T","17670","12805.04","21451.99"
"2026-01-26","PH","Central Luzon","PH","Central Luzon","DHL","29532","21000.54","30560.78"
"2026-01-26","MY","Kuala Lumpur","MY","Penang","Ninja Van","13611","9639.73","23389.32"
"2026-01-26","PH","Northern Mindanao","PH","Central Luzon","LBC Express","26619","20709.42","140078.47"
"2026-01-26","PH","Northern Mindanao","PH","Calabarzon","Ninja Van","20185","12781.92","74354.09"
"2026-01-26","MY","Perak","MY","Selangor","Ninja Van","22124","16350.39","36096.84"
"2026-01-26","MY","Kuala Lumpur","MY","Pahang","Ninja Van","27333","23412.87","42281.26"
"2026-01-26","PH","Northern Mindanao","PH","Bicol Region","2GO Express","31919","27253.31","99460.12"
"2026-01-26","MY","Kuala Lumpur","MY","Negeri Sembilan","Pos Malaysia","28559","21618.47","39850.98"
"2026-01-26","TH","Surat Thani","TH","BKK","J&T","21820","13353.36","63303.99"
"2026-01-26","TH","Surat Thani","TH","Songkhla","FedEx","35688","30275.57","74454.87"
"2026-01-26","TH","Surat Thani","TH","Phuket","J&T","16010","9656.59","28718.66"
"2026-01-26","TH","Surat Thani","TH","Nakhon Sawan","J&T","18776","14563.19","69439.0"
"2026-01-26","TH","Surat Thani","TH","Chiang Mai","Ninja Van","20191","18373.2","98587.99"
"2026-01-26","MY","Sarawak","MY","Penang","Ninja Van","25228","18294.18","124745.25"
"2026-01-26","TH","Surat Thani","TH","Nonthaburi","Kerry Express","13025","8858.5","48345.47"
"2026-01-26","TH","Nonthaburi","TH","Nakhon Sawan","Kerry Express","11340","9539.26","23020.26"
"2026-01-26","PH","Bicol Region","PH","Central Visayas","Ninja Van","30284","20921.47","66996.08"
"2026-01-26","TH","BKK","TH","Nonthaburi","Kerry Express","32141","21188.06","40243.59"
"2026-01-26","ID","South Sulawesi","ID","West Java","Pos Indonesia","29094","19115.71","161388.02"
"2026-01-26","PH","Central Visayas","PH","Northern Mindanao","J&T","32860","22772.81","51703.28"
"2026-01-26","PH","Central Visayas","PH","Central Luzon","LBC Express","37517","28059.78","123421.28"
"2026-01-26","PH","Central Visayas","PH","Calabarzon","Ninja Van","33956","20322.83","79032.85"
"2026-01-26","ID","Central Java","ID","West Java","Pos Indonesia","32024","20660.05","61150.94"
"2026-01-26","TH","BKK","TH","Chiang Mai","Kerry Express","37173","35709.38","116265.81"
"2026-01-26","ID","South Sulawesi","ID","North Sumatra","DHL","38243","26736.26","352668.56"
"2026-01-26","ID","Central Java","ID","East Java","DHL","15027","9751.23","26468.8"
"2026-01-26","ID","South Sulawesi","ID","East Java","Pos Indonesia","41764","29673.1","164824.74"
"2026-01-26","TH","BKK","TH","Nakhon Sawan","Ninja Van","35696","27129.18","57231.22"
"2026-01-26","ID","Central Java","ID","Jakarta","J&T","27653","16276.08","59234.86"
"2026-01-26","PH","Central Visayas","PH","Bicol Region","J&T","20224","15508.37","38460.61"
"2026-01-26","ID","South Sulawesi","ID","Jakarta","Pos Indonesia","24283","14306.55","145810.09"
"2026-01-26","TH","BKK","TH","Korat","FedEx","38373","21492.54","58161.93"
"2026-01-26","PH","Central Visayas","PH","Central Visayas","2GO Express","34537","24066.24","37465.12"
"2026-01-26","ID","Central Java","ID","Central Java","Pos Indonesia","22253","15226.16","23924.87"
"2026-01-26","ID","South Sulawesi","ID","South Sulawesi","Pos Indonesia","14452","11498.85","17958.15"
"2026-01-26","ID","Central Java","ID","South Sulawesi","Pos Indonesia","25722","20862.7","98634.36"
"2026-01-26","ID","South Sulawesi","ID","Central Java","J&T","36189","23344.5","172394.31"
"2026-01-26","PH","Central Visayas","PH","NCR","2GO Express","36802","24865.61","91143.27"
"2026-01-26","TH","BKK","TH","Songkhla","DHL","19011","15536.83","56206.5"
"2026-01-26","TH","BKK","TH","Phuket","J&T","39319","22674.41","117638.25"
"2026-01-26","MY","Negeri Sembilan","MY","Perak","Ninja Van","34947","32077.36","68259.5"
"2026-01-26","MY","Negeri Sembilan","MY","Pahang","Pos Malaysia","23706","20271.8","52959.38"
"2026-01-26","MY","Negeri Sembilan","MY","Johor","Pos Malaysia","25181","18249.73","64024.84"
"2026-01-26","MY","Negeri Sembilan","MY","Kuala Lumpur","J&T","20854","13898.88","27603.85"
"2026-01-26","MY","Negeri Sembilan","MY","Penang","J&T","16290","11310.61","36560.41"
"2026-01-26","MY","Selangor","MY","Johor","Pos Malaysia","33116","24738.03","79210.67"
"2026-01-26","PH","West Visayas","PH","Bicol Region","DHL","33548","27803.24","64144.69"
"2026-01-26","PH","Ilocos Region","PH","Calabarzon","Ninja Van","16909","10549.67","32014.08"
"2026-01-26","PH","Ilocos Region","PH","Northern Mindanao","DHL","18426","14196.39","83431.37"
"2026-01-26","PH","Central Luzon","PH","Uknown","J&T","34845","19221.89","156072.5"
"2026-01-26","MY","Unknown","MY","Negeri Sembilan","Ninja Van","0","0.0","0.0"
"2026-01-26","PH","Ilocos Region","PH","Central Visayas","2GO Express","36576","26682.67","135050.83"
"2026-01-26","PH","Ilocos Region","PH","Ilocos Region","2GO Express","21827","18872.72","29621.6"
"2026-01-26","PH","Ilocos Region","PH","NCR","DHL","16738","10835.13","29797.8"
"2026-01-26","PH","Ilocos Region","PH","SOCCSKSARGEN","DHL","28287","21850.74","151214.84"
"2026-01-26","PH","Ilocos Region","PH","Central Luzon","DHL","31809","23205.5","52972.43"
"2026-01-26","PH","West Visayas","PH","Ilocos Region","J&T","38392","31680.42","107348.99"
"2026-01-26","PH","West Visayas","PH","Northern Mindanao","DHL","40032","29040.41","80535.43"
"2026-01-26","PH","West Visayas","PH","Central Luzon","2GO Express","31016","23815.2","72629.15"
"2026-01-26","PH","West Visayas","PH","Calabarzon","Ninja Van","17647","10868.32","36889.74"
"2026-01-26","ID","North Sumatra","ID","Riau","Pos Indonesia","40339","31443.45","104391.87"
"2026-01-26","ID","North Sumatra","ID","East Java","Ninja Van","39239","28350.24","312926.2"
"2026-01-26","ID","North Sumatra","ID","West Java","J&T","32423","20509.41","197384.43"
"2026-01-26","ID","North Sumatra","ID","Bali","SiCepat","31332","22358.11","345021.09"
"2026-01-26","ID","North Sumatra","ID","Banten","Pos Indonesia","21208","14458.52","126265.57"
"2026-01-26","ID","North Sumatra","ID","North Sumatra","J&T","35913","26333.22","43670.48"
"2026-01-26","PH","West Visayas","PH","West Visayas","DHL","15889","9330.78","17083.83"
"2026-01-26","PH","West Visayas","PH","Central Visayas","2GO Express","15335","11299.8","21977.31"
"2026-01-26","TH","Phuket","TH","Unknown","J&T","9269","5896.64","41698.69"
"2026-01-26","TH","Phuket","TH","Chiang Mai","Ninja Van","29185","26036.01","133961.3"
"2026-01-26","MY","Kedah","MY","Negeri Sembilan","Pos Malaysia","11413","9153.03","35004.74"
"2026-01-26","TH","Phuket","TH","Nonthaburi","Kerry Express","23118","14934.44","83102.57"
"2026-01-26","TH","Phuket","TH","Korat","Ninja Van","13494","7583.17","47844.85"
"2026-01-26","MY","Kedah","MY","Johor","Ninja Van","15449","11798.36","49160.92"
"2026-01-26","TH","Phuket","TH","Chonburi","Kerry Express","16189","11050.25","59912.93"
"2026-01-26","MY","Kedah","MY","Perak","Pos Malaysia","25313","24476.92","53985.4"
"2026-01-26","MY","Kedah","MY","Kuala Lumpur","Pos Malaysia","33711","25145.02","99146.3"
"2026-01-26","TH","Phuket","TH","Khon Kaen","J&T","7945","6263.5","33076.03"
"2026-01-26","MY","Kedah","MY","Selangor","DHL","15245","10604.03","32907.64"
"2026-01-26","TH","Phuket","TH","Nakhon Sawan","Kerry Express","19256","15732.12","84049.65"
"2026-01-26","MY","Kedah","MY","Penang","Ninja Van","10702","8225.3","14061.83"
"2026-01-26","TH","Phuket","TH","Phuket","FedEx","16355","9347.97","17721.01"
"2026-01-26","MY","Kedah","MY","Kedah","Pos Malaysia","14695","13854.64","23128.15"
"2026-01-26","TH","Nakhon Sawan","TH","Khon Kaen","Kerry Express","13600","12639.14","36622.24"
"2026-01-26","TH","Nakhon Sawan","TH","Chonburi","Kerry Express","23320","16922.54","61692.72"
"2026-01-26","PH","Uknown","PH","SOCCSKSARGEN","Ninja Van","21667","16179.27","100997.28"
"2026-01-26","TH","Nakhon Sawan","TH","Korat","J&T","14436","8514.31","27535.96"
"2026-01-26","TH","Nakhon Sawan","TH","Chiang Mai","Ninja Van","24636","22785.49","58998.98"
"2026-01-26","TH","Nakhon Sawan","TH","Surat Thani","DHL","28892","21552.57","103906.26"
"2026-01-26","TH","Nakhon Sawan","TH","BKK","J&T","21298","12136.82","42294.92"
"2026-01-26","MY","Kedah","MY","Sarawak","Ninja Van","26878","22650.04","128658.01"
"2026-01-26","PH","Uknown","PH","Ilocos Region","DHL","36131","28867.22","165589.0"
"2026-01-26","TH","Nakhon Sawan","TH","Songkhla","Kerry Express","25035","22755.32","137220.32"
"2026-01-26","TH","Nakhon Sawan","TH",,"Kerry Express","28085","20040.16","199697.57"
"2026-01-26","PH","Uknown","PH","Central Luzon","2GO Express","29716","22556.86","136863.16"
"2026-01-26","TH","Surat Thani","TH","Surat Thani","Kerry Express","31028","25434.31","50881.39"
"2026-01-26","TH","Surat Thani","TH","Khon Kaen","Kerry Express","20432","18616.7","104201.37"
"2026-01-26","TH","Surat Thani","TH","Chonburi","Kerry Express","23912","18203.33","81701.2"
"2026-01-26","ID","Central Java","ID","Banten","Pos Indonesia","30626","20067.88","72303.64"
"2026-01-26","ID","South Sulawesi","ID","Riau","Pos Indonesia","17878","14258.48","150109.63"
"2026-01-26","ID","South Sulawesi","ID","Banten","J&T","36872","23021.59","239241.96"
"2026-01-26","TH","BKK","TH","Chonburi","Kerry Express","27002","19279.44","38501.8"
"2026-01-26","PH","Central Visayas","PH","SOCCSKSARGEN","LBC Express","31184","24283.23","88021.2"
"2026-01-26","TH","BKK","TH","Khon Kaen","J&T","23433","18943.03","45945.1"
"2026-01-26","MY","Selangor","MY","Kuala Lumpur","J&T","37949","25415.75","40212.79"
"2026-01-26","MY","Selangor","MY","Perak","Ninja Van","14575","13026.46","21050.61"
"2026-01-26","MY","Selangor","MY","Sabah","Ninja Van","17615","15343.01","94413.73"
"2026-01-26","MY","Selangor","MY","Sarawak","Pos Malaysia","15524","13597.57","73068.83"
"2026-01-26","MY","Selangor","MY","Penang","Ninja Van","20574","15177.82","36088.93"
"2026-01-26","TH","Nakhon Sawan","TH","Nakhon Sawan","Ninja Van","21995","17834.63","30602.72"
"2026-01-26","MY","Selangor","MY","Selangor","Pos Malaysia","10233","7939.84","14267.28"
"2026-01-26","MY","Penang","MY","Pahang","Pos Malaysia","27093","25328.94","67030.79"
"2026-01-26","ID","East Java","ID","Banten","Ninja Van","10526","7187.53","31138.1"
"2026-01-26","MY","Penang","MY","Negeri Sembilan","J&T","24845","18407.16","48798.97"
"2026-01-26","MY","Penang","MY","Perak","Pos Malaysia","16965","15892.1","29015.08"
"2026-01-26","MY","Penang","MY","Johor","Pos Malaysia","35515","26494.82","110151.04"
"2026-01-26","ID","East Java","ID","South Sulawesi","SiCepat","21507","16558.87","90848.71"
"2026-01-26","ID","East Java","ID","Central Java","SiCepat","18178","11883.89","39788.29"
"2026-01-26","MY","Penang","MY","Kuala Lumpur","Pos Malaysia","24043","17684.78","56610.35"
"2026-01-26","MY","Penang","MY","Selangor","J&T","24929","18251.22","46594.33"
"2026-01-26","ID","East Java","ID","Jakarta","Ninja Van","38912","24079.02","106911.82"
"2026-01-26","ID","East Java","ID","East Java","J&T","40731","27319.9","42998.11"
"2026-01-26","MY","Penang","MY","Penang","Pos Malaysia","21881","17292.38","29496.37"
"2026-01-26","ID","East Java","ID","Riau","J&T","35696","26687.47","195019.93"
"2026-01-26","MY","Penang","MY","Sarawak","Ninja Van","10949","9065.5","46773.67"
"2026-01-26","TH","Chonburi","TH","Korat","Ninja Van","11697","6881.22","19089.02"
"2026-01-26","TH","Chonburi","TH","Nonthaburi","Ninja Van","20760","13259.74","24129.49"
"2026-01-26","TH","Chonburi","TH","Phuket","Kerry Express","34619","22305.04","119537.92"
"2026-01-26","TH","Chonburi","TH","BKK","Kerry Express","35768","22428.2","49313.98"
"2026-01-26","TH","Chonburi","TH","Chiang Mai","J&T","35711","31425.95","100488.06"
"2026-01-26","TH","Chonburi","TH","Songkhla","Kerry Express","24148","21915.82","88058.68"
"2026-01-26","ID","Banten","ID","North Sumatra","Pos Indonesia","39057","29410.39","194243.0"
"2026-01-26","MY","Pahang","MY","Perak","J&T","34491","32650.35","68173.67"
"2026-01-26","MY","Sabah","MY","Johor","Pos Malaysia","29860","22536.97","238780.83"
"2026-01-26","MY","Sabah","MY","Sarawak","J&T","35800","29301.46","144863.2"
"2026-01-26","MY","Sabah","MY","Selangor","Pos Malaysia","24342","18648.02","204017.66"
"2026-01-26","TH","Unknown","TH","Khon Kaen","Ninja Van","21299","18205.93","94427.91"
"2026-01-26","MY","Sabah","MY","Kuala Lumpur","Pos Malaysia","15035","10653.6","130523.45"
"2026-01-26","MY","Sabah","MY","Perak","FedEx","37109","30536.72","265497.51"
"2026-01-26","MY","Sabah","MY","Penang","Pos Malaysia","20548","15158.45","194486.59"
"2026-01-26","MY","Sabah","MY","Pahang","Pos Malaysia","27923","24484.3","209724.97"
"2026-01-26","MY","Sabah","MY","Sabah","J&T","17213","14851.92","21962.95"
"2026-01-26","PH","Ilocos Region","PH","Bicol Region","DHL","40614","34132.16","109872.59"
"2026-01-26","ID","Jakarta","ID","Central Java","Pos Indonesia","14282","10260.12","31494.33"
"2026-01-26","PH","NCR","PH","SOCCSKSARGEN","2GO Express","34873","26691.33","133094.96"
"2026-01-26","PH","NCR","PH","Central Luzon","Ninja Van","11828","8863.35","13182.32"
"2026-01-26","PH","NCR","PH","Calabarzon","Ninja Van","11205","6736.97","11613.09"
"2026-01-26","PH","NCR","PH","Bicol Region","DHL","19026","15218.73","33908.76"
"2026-01-26","PH","NCR","PH","West Visayas","Ninja Van","17444","10543.07","38688.89"
"2026-01-26","PH","NCR","PH","NCR","Ninja Van","19211","12719.01","19406.53"
"2026-01-26","PH","NCR","PH","Central Visayas","Ninja Van","34045","24229.28","88957.89"
"2026-01-26","MY","Pahang","MY","Penang","J&T","15294","10959.7","33742.15"
"2026-01-26","ID","Banten","ID","Jakarta","DHL","19088","10861.44","21382.09"
"2026-01-26","ID","Jakarta","ID","Banten","Ninja Van","15930","11085.01","19244.38"
"2026-01-26","ID","Banten","ID","Central Java","Ninja Van","37581","26121.95","84026.87"
"2026-01-26","ID","West Java","ID","West Java","Ninja Van","43820","28817.49","47620.13"
"2026-01-26","ID","Banten","ID","Bali","Pos Indonesia","27766","20557.07","103166.92"
"2026-01-26","ID","West Java","ID","North Sumatra","SiCepat","17681","13669.15","121863.72"
"2026-01-26","ID","West Java","ID","Central Java","Ninja Van","32857","22987.68","61047.29"
"2026-01-26","ID","West Java","ID","South Sulawesi","Pos Indonesia","37144","30454.44","170856.22"
"2026-01-26","ID","Banten","ID","Banten","J&T","35696","22858.75","36357.36"
"2026-01-26","ID","Banten","ID","West Java","SiCepat","30545","19685.06","58720.54"
"2026-01-26","TH","Chiang Mai","TH","Nonthaburi","Kerry Express","11415","7732.44","41911.99"
"2026-01-26","ID","Bali","ID","North Sumatra","Pos Indonesia","35595","28424.97","296219.37"
"2026-01-26","MY","Johor","MY","Sarawak","Pos Malaysia","28991","24698.4","115115.34"
"2026-01-26","ID","West Java","ID","Banten","J&T","44147","28388.32","67654.32"
"2026-01-26","ID","West Java","ID","Riau","Ninja Van","26793","21267.58","110879.68"
"2026-01-26","ID","West Java","ID","Bali","Pos Indonesia","21508","16224.57","71234.21"
"2026-01-26","MY","Negeri Sembilan","MY","Sarawak","J&T","15995","12846.24","70787.09"
"2026-01-26","MY","Negeri Sembilan","MY","Negeri Sembilan","Pos Malaysia","30094","23536.84","49129.42"
"2026-01-26","MY","Negeri Sembilan","MY","Kedah","Pos Malaysia","21971","19576.99","67798.2"
"2026-01-26","MY","Negeri Sembilan","MY","Sabah","J&T","17330","15290.41","112056.74"
"2026-01-26","MY","Negeri Sembilan","MY","Selangor","Pos Malaysia","18786","14249.91","32818.02"
"2026-01-26","MY","Kuala Lumpur","MY","Sarawak","Pos Malaysia","25129","20899.5","118480.55"
"2026-01-26","TH","Nonthaburi","TH","Surat Thani","Ninja Van","19246","14723.86","46142.65"
"2026-01-26","TH","Nonthaburi","TH","","J&T","24012","15590.71","103418.62"
"2026-01-26","TH","Nonthaburi","TH","Songkhla","Ninja Van","9613","8163.93","30217.15"
"2026-01-26","PH","Northern Mindanao","PH","SOCCSKSARGEN","LBC Express","33447","26901.66","84520.37"
"2026-01-26","TH","Nonthaburi","TH","Khon Kaen","FedEx","28481","23615.59","58835.67"
"2026-01-26","MY","Kuala Lumpur","MY","Kedah","J&T","33043","28251.77","66993.11"
"2026-01-26","TH","Nonthaburi","TH","Chonburi","J&T","29127","20178.72","35909.59"
"2026-01-26","MY","Kuala Lumpur","MY","Selangor","J&T","13994","9999.8","14022.54"
"2026-01-26","TH","Nonthaburi","TH","BKK","Kerry Express","10034","6191.0","12846.14"
"2026-01-26","PH","Northern Mindanao","PH","Central Visayas","J&T","15910","11268.42","31161.95"
"2026-01-26","PH","Northern Mindanao","PH","NCR","LBC Express","34876","24573.18","179540.96"
"2026-01-26","PH","Northern Mindanao","PH","West Visayas","J&T","17619","10527.65","43015.03"
"2026-01-26","TH","Nonthaburi","TH","Nonthaburi","J&T","19585","12724.58","20270.4"
"2026-01-26","MY","Kuala Lumpur","MY","Kuala Lumpur","FedEx","25703","16152.12","25958.86"
"2026-01-26","TH","Nonthaburi","TH","Korat","Kerry Express","32042","19872.13","64408.92"
"2026-01-26","MY","Kuala Lumpur","MY","Johor","FedEx","33385","22526.05","59399.29"
"2026-01-26","TH","Songkhla","TH","BKK","Ninja Van","16324","9409.92","55033.28"
"2026-01-26","PH","Northern Mindanao","PH","Northern Mindanao","Ninja Van","30253","22870.42","38092.74"
"2026-01-26","TH","Songkhla","TH","Phuket","DHL","35939","20974.73","69642.53"
"2026-01-26","TH","Songkhla","TH","Surat Thani","Ninja Van","14718","11287.28","219435.26"
"2026-01-26","TH","Songkhla","TH","Chonburi","Kerry Express","17004","12820.02","65234.61"
"2026-01-26","PH","Northern Mindanao","PH","Ilocos Region","LBC Express","34674","31242.01","198283.66"
"2026-01-26","ID","Uknown","ID","East Java","Pos Indonesia","20228","14508.71","90517.59"
"2026-01-26","TH","Chiang Mai","TH","Khon Kaen","Ninja Van","37519","32358.44","98801.1"
"2026-01-26","TH","Chiang Mai","TH","Chonburi","J&T","32173","21853.24","105206.75"
"2026-01-26","TH","Chiang Mai","TH","Songkhla","J&T","20693","17096.68","112082.36"
"2026-01-26","TH","Chiang Mai","TH","Korat","Kerry Express","21976","13757.86","75460.45"
"2026-01-26","TH","Chiang Mai","TH","BKK","J&T","8487","4786.99","26075.91"
"2026-01-26","TH","Chiang Mai","TH","Chiang Mai","J&T","17051","15414.15","21267.24"
"2026-01-26","TH","Chiang Mai","TH","Phuket","Ninja Van","16508","10265.81","80644.79"
"2026-01-26","TH","Chiang Mai","TH","Nakhon Sawan","J&T","15599","12119.09","34776.53"
"2026-01-26","MY","Perak","MY","Kuala Lumpur","Pos Malaysia","19627","13979.23","41468.0"
"2026-01-26","PH","SOCCSKSARGEN","PH","West Visayas","J&T","16497","9319.06","51917.87"
"2026-01-26","MY","Pahang","MY","Sabah","J&T","16487","14518.08","87187.35"
"2026-01-26","MY","Pahang","MY","Selangor","Pos Malaysia","30093","23666.22","66600.52"
"2026-01-26","MY","Pahang","MY","Johor","Pos Malaysia","18597","14196.57","45762.88"
"2026-01-26","ID","Jakarta","ID","South Sulawesi","Pos Indonesia","15623","13750.91","75539.1"
"2026-01-26","ID","Jakarta","ID","Jakarta","DHL","23201","13676.53","24076.21"
"2026-01-26","MY","Pahang","MY","Pahang","Pos Malaysia","27050","24047.63","38459.87"
"2026-01-26","TH","Khon Kaen","TH","Phuket","J&T","33338","20664.94","146216.79"
"2026-01-26","ID","Jakarta","ID","Riau","SiCepat","19705","16119.78","96266.03"
"2026-01-26","MY","Pahang","MY","Sarawak","Pos Malaysia","12454","10817.51","56977.17"
"2026-01-26","ID","Jakarta","ID","West Java","Pos Indonesia","26231","17736.33","32781.8"
"2026-01-26","MY","Pahang","MY","Kedah","Pos Malaysia","35774","34701.83","102357.99"
"2026-01-26","ID","Jakarta","ID","North Sumatra","Pos Indonesia","34228","26787.48","166253.55"
"2026-01-26","MY","Pahang","MY","Negeri Sembilan","J&T","33497","24900.07","54027.12"
"2026-01-26","PH","SOCCSKSARGEN","PH","Northern Mindanao","J&T","35147","25042.41","68873.95"
"2026-01-26","PH","SOCCSKSARGEN","PH","SOCCSKSARGEN","2GO Express","28019","20974.65","36313.68"
"2026-01-26","TH","Khon Kaen","TH","Nakhon Sawan","Ninja Van","13098","10325.84","26324.33"
"2026-01-26","PH","SOCCSKSARGEN","PH","NCR","J&T","33171","20853.15","152863.19"
"2026-01-26","TH","Khon Kaen","TH","Nonthaburi","FedEx","35558","22384.67","86655.57"
"2026-01-26","PH","SOCCSKSARGEN","PH","Central Visayas","2GO Express","28894","20396.72","75172.11"
"2026-01-26","TH","Khon Kaen","TH","Songkhla","Ninja Van","26065","22887.56","113654.64"
"2026-01-26","TH","Khon Kaen","TH","BKK","Ninja Van","29728","17630.03","69103.62"
"2026-01-26","TH","Khon Kaen","TH","Korat","Ninja Van","11044","6618.01","19454.93"
"2026-01-26","TH","Khon Kaen","TH","Chiang Mai","Ninja Van","14891","13858.42","40406.13"
"2026-01-26","TH","Khon Kaen","TH","Chonburi","Ninja Van","15661","10529.68","36139.83"
"2026-01-26","PH","SOCCSKSARGEN","PH","Central Luzon","LBC Express","29313","21901.31","179701.76"
"2026-01-26","PH","SOCCSKSARGEN","PH","Calabarzon","LBC Express","28109","17090.88","154992.66"
"2026-01-26","TH","Korat","TH","Surat Thani","Kerry Express","25562","20988.36","94476.17"
"2026-01-26","MY","Johor","MY","Pahang","Pos Malaysia","33023","28779.58","67409.15"
"2026-01-26","MY","Johor","MY","Sabah","Pos Malaysia","24404","22540.06","154117.87"
"2026-01-26","MY","Johor","MY","Johor","Pos Malaysia","28268","20945.77","38410.92"
"2026-01-26","TH","Korat","TH","Chiang Mai","Ninja Van","26027","25082.13","66005.63"
"2026-01-26","TH","Korat","TH","Songkhla","Kerry Express","14482","13219.17","64041.48"
"2026-01-26","TH","Korat","TH","Nonthaburi","J&T","20828","13029.9","33847.59"
"2026-01-26","TH","Korat","TH","Chonburi","FedEx","14825","10336.98","23809.23"
"2026-01-26","ID","Bali","ID","Central Java","SiCepat","28972","20381.53","111694.3"
"2026-01-26","ID","Bali","ID","South Sulawesi","Ninja Van","36312","31283.47","115634.58"
"2026-01-26","ID","Bali","ID","East Java","SiCepat","28027","19676.3","76099.6"
"2026-01-26","TH","Korat","TH","Phuket","J&T","31463","19319.83","112865.58"
"2026-01-26","MY","Johor","MY","Penang","Pos Malaysia","17982","13287.27","56877.69"
"2026-01-26","ID","Bali","ID","Riau","Ninja Van","35313","29774.37","234065.57"
"2026-01-26","MY","Johor","MY","Kedah","Ninja Van","14722","12874.31","42096.55"
"2026-01-26","ID","Bali","ID","West Java","Pos Indonesia","12288","8217.54","48946.16"
"2026-01-26","ID","Bali","ID","Banten","J&T","25450","16889.88","109602.73"
"2026-01-26","MY","Johor","MY","Negeri Sembilan","Pos Malaysia","35166","27122.44","70831.3"
"2026-01-26","MY","Johor","MY","Perak","Ninja Van","37973","33746.82","87271.2"
"2026-01-26","MY","Johor","MY","Uknown","Pos Malaysia","15157","9603.36","81980.23"
"2026-01-26","ID","Bali","ID","Bali","DHL","28394","20307.12","34399.86"
"2026-01-26","TH","Korat","TH","Korat","J&T","20460","12030.0","21664.75"
"2026-01-26","ID","Riau","ID","Bali","Pos Indonesia","11909","9085.43","86619.02"
"2026-01-26","MY","Sarawak","MY","Pahang","Ninja Van","11529","9505.76","44293.5"
"2026-01-26","ID","Riau","ID","East Java","SiCepat","24237","17397.39","197049.6"
"2026-01-26","MY","Sarawak","MY","Kedah","Pos Malaysia","31026","27874.11","202146.84"
"2026-01-26","MY","Sarawak","MY","Sabah","Pos Malaysia","15947","14289.47","76430.69"
"2026-01-26","MY","Sarawak","MY","Selangor","J&T","30135","21333.71","127193.11"
"2026-01-26","ID","Riau","ID","Central Java","J&T","26515","17882.43","152463.11"
"2026-01-26","ID","Riau","ID","Jakarta","SiCepat","12235","7246.01","71788.41"
"2026-01-26","ID","Riau","ID","South Sulawesi","Ninja Van","31040","26588.93","257865.23"
"2026-01-27","MY","Perak","MY","Pahang","Pos Malaysia","11735","10049.24","29806.52"
"2026-01-27","MY","Perak","MY","Sabah","Ninja Van","15499","12672.23","102176.07"
"2026-01-27","MY","Perak","MY","Penang","Ninja Van","15374","10906.16","23057.58"
"2026-01-27","MY","Perak","MY","Selangor","FedEx","16292","10568.16","26751.78"
"2026-01-27","MY","Sarawak","MY","Sarawak","Pos Malaysia","19390","16288.4","29680.8"
"2026-01-27","ID","Riau","ID","Central Java","SiCepat","36317","24706.21","277161.91"
"2026-01-27","ID","Riau","ID","South Sulawesi","Pos Indonesia","38278","31104.79","310658.77"
"2026-01-27","ID","Riau","ID","North Sumatra","J&T","32702","23141.43","93816.71"
"2026-01-27","MY","Sarawak","MY","Kuala Lumpur","Pos Malaysia","35053","26952.15","185175.36"
"2026-01-27","ID","Riau","ID","West Java","DHL","31146","19308.17","156519.37"
"2026-01-27","PH","Bicol Region","PH","NCR","LBC Express","34418","23114.18","92389.14"
"2026-01-27","PH","Bicol Region","PH","Central Luzon","DHL","23165","15820.67","53648.29"
"2026-01-27","PH","Bicol Region","PH","Calabarzon","2GO Express","22519","14111.97","43056.88"
"2026-01-27","PH","Bicol Region","PH","Bicol Region","2GO Express","24749","22224.13","30833.24"
"2026-01-27","PH","Bicol Region","PH","West Visayas","2GO Express","27210","15912.41","59922.37"
"2026-01-27","PH","Bicol Region","PH","Ilocos Region","J&T","32225","24875.06","80011.82"
"2026-01-27","PH","Bicol Region","PH","Northern Mindanao","Ninja Van","20264","15783.27","63435.93"
"2026-01-27","PH","Bicol Region","PH","SOCCSKSARGEN","LBC Express","22993","17988.17","104633.28"
"2026-01-27","PH","Bicol Region","PH","Central Visayas","LBC Express","12498","8944.8","36136.46"
"2026-01-27","TH","Khon Kaen","TH","BKK","J&T","10844","6251.83","25645.25"
"2026-01-27","PH","SOCCSKSARGEN","PH","Central Visayas","DHL","36436","24651.22","94379.38"
"2026-01-27","TH","Khon Kaen","TH","Chiang Mai","J&T","19104","15395.63","51278.89"
"2026-01-27","MY","Uknown","MY","Unknown","J&T","15018","11080.19","69083.45"
"2026-01-27","PH","Central Luzon","PH","Northern Mindanao","Ninja Van","14887","12354.8","49699.03"
"2026-01-27","PH","Calabarzon","PH","Ilocos Region","2GO Express","41274","34811.73","66684.45"
"2026-01-27","PH","Central Luzon","PH","SOCCSKSARGEN","Ninja Van","28612","21871.77","108676.34"
"2026-01-27","PH","Central Luzon","PH","Central Visayas","2GO Express","20589","14863.77","56664.4"
"2026-01-27","PH","Central Luzon","PH","West Visayas","2GO Express","19653","11991.33","49158.61"
"2026-01-27","PH","Central Luzon","PH","Ilocos Region","2GO Express","28883","24133.19","36433.12"
"2026-01-27","PH","Calabarzon","PH","West Visayas","LBC Express","32894","20898.16","88385.13"
"2026-01-27","PH","Central Luzon","PH","Bicol Region","J&T","36139","33151.53","71104.61"
"2026-01-27","PH","Central Luzon","PH","NCR","2GO Express","40438","27492.59","47680.6"
"2026-01-27","PH","Calabarzon","PH","NCR","DHL","35306","23991.61","37192.1"
"2026-01-27","PH","Calabarzon","PH","Northern Mindanao","Ninja Van","15202","12787.68","47476.52"
"2026-01-27","TH","Chonburi","TH","Korat","Ninja Van","24995","16256.87","39466.47"
"2026-01-27","TH","Chonburi","TH","Khon Kaen","Kerry Express","35547","34687.77","96212.74"
"2026-01-27","MY","Kuala Lumpur","MY","Sabah","Ninja Van","32122","26031.86","177762.26"
"2026-01-27","TH","Uknown","TH","BKK","DHL","35884","20839.18","168279.81"
"2026-01-27","MY","Kuala Lumpur","MY","Penang","Ninja Van","35260","23806.29","63514.51"
"2026-01-27","PH","Northern Mindanao","PH","Central Luzon","2GO Express","31917","24337.63","139694.11"
"2026-01-27","PH","Northern Mindanao","PH","Calabarzon","J&T","34067","21568.59","135449.33"
"2026-01-27","MY","Kuala Lumpur","MY","Pahang","J&T","36752","29319.99","56910.65"
"2026-01-27","TH","Songkhla","TH","Khon Kaen","Kerry Express","18740","18198.4","101266.98"
"2026-01-27","MY","Kuala Lumpur","MY","Negeri Sembilan","J&T","26419","20604.21","30241.29"
"2026-01-27","TH","Songkhla","TH","Korat","J&T","26918","16331.58","99139.71"
"2026-01-27","TH","Nonthaburi","TH","Nakhon Sawan","Kerry Express","33658","27718.82","66349.38"
"2026-01-27","TH","Nonthaburi","TH","Korat","Ninja Van","9527","6261.65","14908.26"
"2026-01-27","PH","Northern Mindanao","PH","Bicol Region","LBC Express","29450","29143.49","121848.15"
"2026-01-27","MY","Kuala Lumpur","MY","Johor","Pos Malaysia","13401","10357.02","29310.88"
"2026-01-27","PH","Central Luzon","PH","Central Luzon","LBC Express","38866","29786.99","53900.52"
"2026-01-27","PH","Calabarzon","PH","Calabarzon","Ninja Van","15419","9984.36","16163.87"
"2026-01-27","PH","Calabarzon","PH","Central Luzon","LBC Express","27354","21027.04","41909.62"
"2026-01-27","TH","Surat Thani","TH","BKK","Kerry Express","14257","8875.3","52834.55"
"2026-01-27","TH","Surat Thani","TH","Chiang Mai","Kerry Express","29235","26498.9","176873.42"
"2026-01-27","TH","Surat Thani","TH","Phuket","J&T","23137","15716.05","39693.23"
"2026-01-27","TH","Surat Thani","TH","Chonburi","J&T","32175","21167.42","96349.15"
"2026-01-27","TH","Surat Thani","TH","Nonthaburi","Ninja Van","22135","13803.48","64355.8"
"2026-01-27","TH","Surat Thani","TH","Nakhon Sawan","J&T","36219","28155.56","132336.58"
"2026-01-27","PH","Central Visayas","PH","Calabarzon","LBC Express","15157","9782.39","44911.91"
"2026-01-27","PH","Central Visayas","PH","Central Luzon","2GO Express","37081","27515.44","97649.31"
"2026-01-27","TH","BKK","TH","Chiang Mai","DHL","18479","14532.46","46678.28"
"2026-01-27","ID","South Sulawesi","ID","West Java","SiCepat","36262","21785.05","273132.12"
"2026-01-27","ID","Central Java","ID","West Java","Pos Indonesia","42241","26764.91","75351.95"
"2026-01-27","ID","Central Java","ID","Jakarta","Pos Indonesia","39849","23890.34","80219.04"
"2026-01-27","ID","South Sulawesi","ID","Jakarta","SiCepat","36513","21273.41","265981.7"
"2026-01-27","ID","South Sulawesi","ID","East Java","SiCepat","37896","25770.31","181981.09"
"2026-01-27","ID","Central Java","ID","East Java","SiCepat","42200","30231.8","88100.51"
"2026-01-27","ID","South Sulawesi","ID","North Sumatra","J&T","16832","11436.29","156240.42"
"2026-01-27","PH","Central Visayas","PH","Uknown","DHL","36597","20623.06","157072.81"
"2026-01-27","TH","BKK","TH","Nakhon Sawan","J&T","26978","20181.65","42368.94"
"2026-01-27","PH","Central Visayas","PH","Bicol Region","J&T","29556","25413.27","58082.16"
"2026-01-27","TH","BKK","TH","Korat","Ninja Van","21505","13349.95","33621.24"
"2026-01-27","PH","Central Visayas","PH","NCR","2GO Express","28333","18531.11","73799.9"
"2026-01-27","TH","BKK","TH","Phuket","DHL","18499","11911.14","56149.88"
"2026-01-27","ID","Central Java","ID","South Sulawesi","Ninja Van","21880","17266.85","84656.09"
"2026-01-27","ID","South Sulawesi","ID","South Sulawesi","Ninja Van","36936","29153.96","46367.77"
"2026-01-27","ID","South Sulawesi","ID","Central Java","Pos Indonesia","17004","12029.26","81453.38"
"2026-01-27","ID","Central Java","ID","Central Java","SiCepat","31545","21397.85","44047.22"
"2026-01-27","TH","BKK","TH","Nonthaburi","Kerry Express","17681","11509.85","22758.17"
"2026-01-27","PH","Central Visayas","PH","Northern Mindanao","DHL","22538","17767.03","35472.67"
"2026-01-27","MY","Negeri Sembilan","MY","Penang","J&T","13641","9188.0","30148.04"
"2026-01-27","MY","Negeri Sembilan","MY","Pahang","J&T","32828","26430.09","59339.2"
"2026-01-27","MY","Negeri Sembilan","MY","Perak","Pos Malaysia","22115","18970.94","55265.68"
"2026-01-27","MY","Negeri Sembilan","MY","Johor","J&T","30651","22446.7","58670.42"
"2026-01-27","MY","Negeri Sembilan","MY","Kuala Lumpur","J&T","34628","24785.64","47114.26"
"2026-01-27","PH","West Visayas","PH","Ilocos Region","J&T","39748","32239.51","106697.27"
"2026-01-27","PH","West Visayas","PH","Bicol Region","J&T","29700","26952.04","54864.84"
"2026-01-27","MY","Selangor","MY","Johor","Ninja Van","26792","20556.9","49598.01"
"2026-01-27","PH","West Visayas","PH","Central Visayas","J&T","38434","27066.55","51429.89"
"2026-01-27","PH","West Visayas","PH","SOCCSKSARGEN","DHL","36964","27477.64","91877.12"
"2026-01-27","PH","West Visayas","PH","Calabarzon","Ninja Van","29025","18835.0","62615.05"
"2026-01-27","MY","Unknown","MY","Unknown","Pos Malaysia","27724","17622.62","153926.04"
"2026-01-27","PH","Ilocos Region","PH","Northern Mindanao","Ninja Van","32444","26391.25","138762.27"
"2026-01-27","PH","Ilocos Region","PH","Central Visayas","2GO Express","35178","25623.15","134487.67"
"2026-01-27","PH","West Visayas","PH","Central Luzon","LBC Express","22448","17267.54","65871.36"
"2026-01-27","PH","West Visayas","PH","West Visayas","Ninja Van","34571","20933.16","37927.2"
"2026-01-27","PH","Ilocos Region","PH","SOCCSKSARGEN","LBC Express","37562","29983.58","234115.57"
"2026-01-27","PH","Ilocos Region","PH","Central Luzon","LBC Express","35011","26884.3","68952.38"
"2026-01-27","PH","Ilocos Region","PH","Calabarzon","2GO Express","17888","11900.17","33645.81"
"2026-01-27","PH","Ilocos Region","PH","NCR","J&T","29888","20366.58","53842.82"
"2026-01-27","ID","North Sumatra","ID","East Java","SiCepat","37133","25232.09","375654.38"
"2026-01-27","ID","North Sumatra","ID","Riau","J&T","15737","12336.28","41626.16"
"2026-01-27","PH","West Visayas","PH","Northern Mindanao","J&T","30448","24039.7","55670.92"
"2026-01-27","TH","Phuket","TH","Chonburi","J&T","17876","11166.28","51128.04"
"2026-01-27","ID","North Sumatra","ID","West Java","Pos Indonesia","39301","24927.16","245195.39"
"2026-01-27","TH","Phuket","TH","Chiang Mai","Kerry Express","19779","16662.89","107861.09"
"2026-01-27","MY","Kedah","MY","Perak","Pos Malaysia","15805","14282.63","33684.3"
"2026-01-27","ID","North Sumatra","ID","North Sumatra","Pos Indonesia","13525","9816.82","16830.51"
"2026-01-27","ID","North Sumatra","ID","Bali","Ninja Van","18874","13856.83","159579.07"
"2026-01-27","ID","North Sumatra","ID","Banten","Pos Indonesia","40335","29256.51","229330.68"
"2026-01-27","TH","Phuket","TH","Nonthaburi","Ninja Van","33214","20228.96","97777.29"
"2026-01-27","MY","Kedah","MY","Kuala Lumpur","Ninja Van","29408","22408.06","68001.85"
"2026-01-27","MY","Kedah","MY","Johor","Pos Malaysia","26469","22561.73","105702.46"
"2026-01-27","TH","Phuket","TH","Korat","J&T","15216","9276.12","50141.29"
"2026-01-27","MY","Kedah","MY","Selangor","Ninja Van","35881","26923.88","79029.55"
"2026-01-27","TH","Phuket","TH","Khon Kaen","Kerry Express","20308","18075.3","99467.38"
"2026-01-27","TH","Phuket","TH","Phuket","Kerry Express","31435","21453.21","39648.07"
"2026-01-27","TH","Phuket","TH","BKK","Kerry Express","32322","19433.69","117898.01"
"2026-01-27","MY","Kedah","MY","Kedah","DHL","34707","28016.28","40317.33"
"2026-01-27","MY","Kedah","MY","Penang","Ninja Van","25712","18751.28","35833.32"
"2026-01-27","MY","Kedah","MY","Sarawak","Pos Malaysia","33779","30252.49","214515.97"
"2026-01-27","TH","Nakhon Sawan","TH","Khon Kaen","Ninja Van","32560","30110.18","75192.71"
"2026-01-27","TH","Phuket","TH","Nakhon Sawan","Kerry Express","31116","24939.67","133742.47"
"2026-01-27","TH","Nakhon Sawan","TH","Chiang Mai","Ninja Van","27318","22671.82","64375.34"
"2026-01-27","TH","Nakhon Sawan","TH","Korat","FedEx","24828","15857.14","48514.7"
"2026-01-27","TH","Nakhon Sawan","TH","Chonburi","DHL","12360","8178.75","27284.13"
"2026-01-27","TH","Nakhon Sawan","TH","Surat Thani","Kerry Express","29661","27053.05","135519.2"
"2026-01-27","TH","Nakhon Sawan","TH","BKK","Ninja Van","10149","5900.16","19169.81"
"2026-01-27","TH","Nakhon Sawan","TH","Nonthaburi","Kerry Express","36777","24056.6","89243.35"
"2026-01-27","TH","Surat Thani","TH","Songkhla","Ninja Van","33197","29001.79","68930.03"
"2026-01-27","MY","Kedah","MY","Negeri Sembilan","FedEx","24436","19075.36","58307.96"
"2026-01-27","TH","Surat Thani","TH","Surat Thani","Kerry Express","32731","29257.9","52644.89"
"2026-01-27","TH","Surat Thani","TH","Khon Kaen","Kerry Express","26662","25550.57","135281.1"
"2026-01-27","ID","Central Java","ID","Banten","Pos Indonesia","38973","28473.55","89942.34"
"2026-01-27","TH","BKK","TH","Khon Kaen","J&T","16685","14235.56","35101.53"
"2026-01-27","PH","Central Visayas","PH","SOCCSKSARGEN","DHL","9785","7110.18","21892.15"
"2026-01-27","TH","BKK","TH","Chonburi","J&T","17928","11219.3","20992.09"
"2026-01-27","TH","BKK","TH","Songkhla","J&T","13508","11145.8","40623.9"
"2026-01-27","ID","South Sulawesi","ID","Banten","Pos Indonesia","34138","24342.46","214637.44"
"2026-01-27","ID","South Sulawesi","ID","Riau","Ninja Van","37896","30730.07","311295.7"
"2026-01-27","MY","Selangor","MY","Sarawak","Pos Malaysia","19064","16450.29","91307.39"
"2026-01-27","MY","Selangor","MY","Selangor","Pos Malaysia","23961","17485.59","32029.21"
"2026-01-27","MY","Selangor","MY","Perak","Pos Malaysia","40182","35510.83","73866.79"
"2026-01-27","MY","Selangor","MY","Penang","Pos Malaysia","33620","24377.48","78218.3"
"2026-01-27","MY","Selangor","MY","Kuala Lumpur","Pos Malaysia","39716","30214.06","53161.73"
"2026-01-27","PH","Uknown","PH","Uknown","J&T","36115","21077.7","156836.48"
"2026-01-27","TH","Nakhon Sawan","TH","Nakhon Sawan","J&T","28116","21491.21","36635.73"
"2026-01-27","ID","East Java","ID","Banten","Ninja Van","30205","22590.18","88897.76"
"2026-01-27","MY","Penang","MY","Negeri Sembilan","J&T","33083","26545.01","64209.53"
"2026-01-27","MY","Penang","MY","Perak","J&T","16555","13844.15","22248.83"
"2026-01-27","MY","Penang","MY","Johor","Ninja Van","24714","19612.33","65046.64"
"2026-01-27","MY","Penang","MY","Kuala Lumpur","J&T","32311","23641.87","56629.17"
"2026-01-27","MY","Penang","MY","Pahang","Ninja Van","19264","16004.17","37965.17"
"2026-01-27","ID","East Java","ID","Jakarta","J&T","26332","15248.85","75978.38"
"2026-01-27","MY","Penang","MY","Penang","Pos Malaysia","30057","21880.81","38805.82"
"2026-01-27","ID","East Java","ID","East Java","DHL","34841","23048.78","38023.95"
"2026-01-27","ID","East Java","ID","South Sulawesi","SiCepat","12869","10052.86","52364.73"
"2026-01-27","ID","East Java","ID","Central Java","J&T","15672","10869.04","26502.59"
"2026-01-27","MY","Penang","MY","Selangor","Pos Malaysia","28997","21825.81","66923.19"
"2026-01-27","MY","Penang","MY","Sarawak","Ninja Van","13470","11535.35","55331.67"
"2026-01-27","ID","East Java","ID","Riau","Pos Indonesia","43061","32937.39","229172.88"
"2026-01-27","TH","Chonburi","TH","Nonthaburi","Ninja Van","34123","21837.57","38590.28"
"2026-01-27","TH","Chonburi","TH","Chiang Mai","FedEx","25696","20988.55","71687.62"
"2026-01-27","TH","Chonburi","TH","Songkhla","Ninja Van","26420","23102.25","77327.75"
"2026-01-27","TH","Chonburi","TH","Phuket","Ninja Van","31016","21274.59","85523.5"
"2026-01-27","TH","Chonburi","TH","BKK","J&T","11734","6976.75","13802.28"
"2026-01-27","ID","Banten","ID","North Sumatra","Pos Indonesia","26260","18822.6","122386.12"
"2026-01-27","MY","Sabah","MY","Uknown","Pos Malaysia","21576","13093.33","150964.45"
"2026-01-27","MY","Sabah","MY","Sarawak","Pos Malaysia","23464","20770.52","115851.37"
"2026-01-27","MY","Sabah","MY","Perak","Pos Malaysia","28051","24318.56","256117.54"
"2026-01-27","TH","Unknown","TH","Songkhla","J&T","33566","28481.52","155883.01"
"2026-01-27","MY","Sabah","MY","Pahang","Pos Malaysia","29958","26376.6","228509.32"
"2026-01-27","MY","Sabah","MY","Penang","Ninja Van","36322","25125.21","274129.88"
"2026-01-27","MY","Sabah","MY","Sabah","Pos Malaysia","37826","31983.73","58836.27"
"2026-01-27","MY","Sabah","MY","Selangor","FedEx","31634","20803.99","209600.72"
"2026-01-27","MY","Sabah","MY","Johor","J&T","34780","26773.76","224671.16"
"2026-01-27","PH","Ilocos Region","PH","Bicol Region","2GO Express","32089","31201.65","81945.15"
"2026-01-27","PH","NCR","PH","Calabarzon","LBC Express","19431","12939.56","25793.58"
"2026-01-27","PH","NCR","PH","Central Luzon","J&T","32128","23419.86","34912.39"
"2026-01-27","PH","NCR","PH","SOCCSKSARGEN","DHL","31797","23235.99","118287.16"
"2026-01-27","PH","NCR","PH","West Visayas","J&T","37456","21451.57","89071.76"
"2026-01-27","PH","NCR","PH","Bicol Region","J&T","41917","37591.19","73104.14"
"2026-01-27","PH","NCR","PH","NCR","J&T","40631","25966.94","42039.14"
"2026-01-27","PH","NCR","PH","Central Visayas","Ninja Van","35331","25206.72","93980.19"
"2026-01-27","ID","Banten","ID","Bali","Pos Indonesia","33609","24256.78","134388.64"
"2026-01-27","ID","Banten","ID","West Java","SiCepat","38416","23955.8","76916.34"
"2026-01-27","ID","Banten","ID","Jakarta","Pos Indonesia","31500","19304.33","37896.97"
"2026-01-27","ID","Banten","ID","East Java","Pos Indonesia","38472","27768.82","117236.55"
"2026-01-27","ID","West Java","ID","Bali","Pos Indonesia","22661","17080.07","76002.59"
"2026-01-27","ID","West Java","ID","West Java","Pos Indonesia","26540","16763.57","28256.35"
"2026-01-27","ID","Banten","ID","Central Java","DHL","29530","20196.77","71070.6"
"2026-01-27","ID","Banten","ID","Banten","DHL","23941","16175.84","24355.4"
"2026-01-27","ID","West Java","ID","North Sumatra","Pos Indonesia","34413","24897.5","177589.78"
"2026-01-27","ID","West Java","ID","South Sulawesi","SiCepat","37218","28393.83","225379.74"
"2026-01-27","ID","West Java","ID","Central Java","Pos Indonesia","24944","17571.9","47622.57"
"2026-01-27","TH","Chiang Mai","TH","Nonthaburi","J&T","25400","15094.76","72820.71"
"2026-01-27","ID","Jakarta","ID","Riau","SiCepat","25368","19537.87","123915.09"
"2026-01-27","ID","Bali","ID","North Sumatra","Ninja Van","13847","10573.94","112849.68"
"2026-01-27","ID","West Java","ID","Riau","J&T","39426","30357.1","162721.28"
"2026-01-27","TH","","TH","Uknown","Kerry Express","21375","18396.95","120110.85"
"2026-01-27","ID","West Java","ID","Banten","Pos Indonesia","44023","32776.93","67865.82"
"2026-01-27","MY","Pahang","MY","Pahang","Pos Malaysia","26685","23448.73","41044.2"
"2026-01-27","PH","SOCCSKSARGEN","PH","West Visayas","Ninja Van","39233","23423.67","115121.77"
"2026-01-27","MY","Negeri Sembilan","MY","Sarawak","Ninja Van","30946","25433.52","128001.48"
"2026-01-27","MY","Negeri Sembilan","MY","Kedah","J&T","28905","23680.0","74202.26"
"2026-01-27","MY","Negeri Sembilan","MY","Selangor","FedEx","30342","19319.3","40524.71"
"2026-01-27","MY","Negeri Sembilan","MY","Negeri Sembilan","J&T","22566","17363.49","27816.58"
"2026-01-27","MY","Negeri Sembilan","MY","Sabah","Pos Malaysia","26626","22322.11","218776.3"
"2026-01-27","TH","Khon Kaen","TH","Songkhla","FedEx","13982","11843.82","65408.5"
"2026-01-27","PH","Northern Mindanao","PH","Ilocos Region","2GO Express","22503","19467.92","100555.67"
"2026-01-27","TH","Nonthaburi","TH","Songkhla","J&T","18585","16420.22","54995.03"
"2026-01-27","TH","Nonthaburi","TH","Khon Kaen","J&T","35966","31015.81","70328.07"
"2026-01-27","TH","Nonthaburi","TH","Surat Thani","Ninja Van","13750","11074.02","32665.21"
"2026-01-27","MY","Kuala Lumpur","MY","Sarawak","Pos Malaysia","29883","25242.31","135740.18"
"2026-01-27","PH","Northern Mindanao","PH","SOCCSKSARGEN","DHL","30842","22621.45","63629.37"
"2026-01-27","MY","Kuala Lumpur","MY","Kedah","Ninja Van","19967","16854.1","40024.91"
"2026-01-27","MY","Kuala Lumpur","MY","Selangor","Pos Malaysia","34273","24653.31","45286.95"
"2026-01-27","TH","Nonthaburi","TH","Phuket","Ninja Van","34482","24512.19","101093.31"
"2026-01-27","TH","Nonthaburi","TH","Chonburi","Kerry Express","32782","23807.77","50503.34"
"2026-01-27","PH","Northern Mindanao","PH","NCR","Ninja Van","31588","21501.56","347640.66"
"2026-01-27","TH","Nonthaburi","TH","BKK","Kerry Express","30547","18853.47","39092.79"
"2026-01-27","PH","Northern Mindanao","PH","West Visayas","J&T","28812","16907.72","70092.93"
"2026-01-27","PH","Northern Mindanao","PH","Central Visayas","2GO Express","38115","27759.08","73838.75"
"2026-01-27","TH","Nonthaburi","TH","Nonthaburi","Kerry Express","31823","21188.69","42747.15"
"2026-01-27","PH","Northern Mindanao","PH","Northern Mindanao","J&T","17073","13661.79","23240.96"
"2026-01-27","MY","Kuala Lumpur","MY","Kuala Lumpur","J&T","12830","9475.66","13888.92"
"2026-01-27","TH","Songkhla","TH","Surat Thani","J&T","19901","15660.21","36219.4"
"2026-01-27","TH","Songkhla","TH","Chonburi","FedEx","23665","15221.05","75324.8"
"2026-01-27","TH","Songkhla","TH","Chiang Mai","J&T","13618","11321.36","70960.52"
"2026-01-27","TH","Songkhla","TH","BKK","Ninja Van","16922","9964.32","54295.26"
"2026-01-27","TH","Songkhla","TH","Phuket","Kerry Express","15528","10950.94","36467.94"
"2026-01-27","TH","Chiang Mai","TH","Chonburi","Kerry Express","29087","20335.75","111277.91"
"2026-01-27","TH","Chiang Mai","TH","Phuket","Ninja Van","25817","17601.55","135320.23"
"2026-01-27","TH","Chiang Mai","TH","Chiang Mai","J&T","28201","22764.02","34668.16"
"2026-01-27","TH","Chiang Mai","TH","BKK","J&T","35314","20621.91","101942.08"
"2026-01-27","TH","Chiang Mai","TH","Korat","Ninja Van","36538","24329.38","101894.28"
"2026-01-27","TH","Chiang Mai","TH","Nakhon Sawan","Kerry Express","16530","13662.91","47559.59"
"2026-01-27","TH","Chiang Mai","TH","Songkhla","J&T","33454","28424.68","182064.47"
"2026-01-27","TH","Chiang Mai","TH","Khon Kaen","J&T","32562","28056.77","84097.74"
"2026-01-27","TH","Khon Kaen","TH","Chonburi","Ninja Van","33124","22006.32","76945.15"
"2026-01-27","PH","SOCCSKSARGEN","PH","SOCCSKSARGEN","2GO Express","11590","8619.58","15276.8"
"2026-01-27","TH","Khon Kaen","TH","Nakhon Sawan","J&T","25277","19004.6","51114.24"
"2026-01-27","TH","Khon Kaen","TH","Nonthaburi","FedEx","10832","6548.04","25368.06"
"2026-01-27","PH","SOCCSKSARGEN","PH","Northern Mindanao","LBC Express","28307","23045.02","71962.45"
"2026-01-27","PH","SOCCSKSARGEN","PH","NCR","2GO Express","14921","9796.95","67327.11"
"2026-01-27","MY","Pahang","MY","Sarawak","Pos Malaysia","33177","28959.02","150956.45"
"2026-01-27","PH","SOCCSKSARGEN","PH","Ilocos Region","DHL","26313","20220.78","143001.0"
"2026-01-27","MY","Pahang","MY","Selangor","Pos Malaysia","15637","11612.59","35812.99"
"2026-01-27","ID","Jakarta","ID","Banten","Pos Indonesia","11683","9060.94","13870.4"
"2026-01-27","MY","Pahang","MY","Sabah","Pos Malaysia","36309","31680.06","251591.07"
"2026-01-27","ID","Jakarta","ID","Jakarta","Pos Indonesia","33911","21492.41","36345.65"
"2026-01-27","MY","Pahang","MY","Johor","Pos Malaysia","26939","21555.81","64381.53"
"2026-01-27","MY","Pahang","MY","Penang","Pos Malaysia","30030","22417.79","80093.49"
"2026-01-27","ID","Jakarta","ID","South Sulawesi","J&T","13967","10922.82","65044.78"
"2026-01-27","ID","Jakarta","ID","Central Java","SiCepat","13695","9359.53","37841.44"
"2026-01-27","MY","Pahang","MY","Perak","Pos Malaysia","9996","8815.79","24607.97"
"2026-01-27","MY","Pahang","MY","Kedah","J&T","21935","18931.45","54218.82"
"2026-01-27","ID","Jakarta","ID","West Java","J&T","10102","6443.09","12837.87"
"2026-01-27","ID","Jakarta","ID","North Sumatra","SiCepat","12075","9022.11","77087.87"
"2026-01-27","MY","Pahang","MY","Negeri Sembilan","FedEx","30671","22625.39","49597.37"
"2026-01-27","TH","Khon Kaen","TH","Korat","J&T","26845","16747.56","44815.26"
"2026-01-27","PH","SOCCSKSARGEN","PH","Calabarzon","Ninja Van","10205","6386.24","45909.99"
"2026-01-27","PH","SOCCSKSARGEN","PH","Central Luzon","2GO Express","36520","26711.12","171805.66"
"2026-01-27","ID","Bali","ID","Uknown","SiCepat","20195","14418.33","132681.96"
"2026-01-27","TH","Korat","TH","Chiang Mai","Ninja Van","25983","22664.54","62406.95"
"2026-01-27","ID","Bali","ID","East Java","Pos Indonesia","23786","17652.65","47848.39"
"2026-01-27","MY","Johor","MY","Sarawak","J&T","35331","29646.78","106389.43"
"2026-01-27","TH","Khon Kaen","TH","Phuket","DHL","13413","8972.99","61161.37"
"2026-01-27","TH","Korat","TH","Songkhla","Ninja Van","12630","11609.73","43917.41"
"2026-01-27","TH","Korat","TH","Korat","J&T","34184","21259.87","36948.3"
"2026-01-27","MY","Johor","MY","Pahang","DHL","31636","23185.43","52099.36"
"2026-01-27","MY","Johor","MY","Johor","Pos Malaysia","14487","11448.59","20491.12"
"2026-01-27","ID","Bali","ID","Bali","Pos Indonesia","38408","28708.4","49863.95"
"2026-01-27","TH","Korat","TH","Surat Thani","Kerry Express","18287","15783.33","64757.59"
"2026-01-27","TH","Korat","TH","Phuket","Ninja Van","26388","18336.51","92867.97"
"2026-01-27","TH","Korat","TH","Khon Kaen","Ninja Van","11431","10153.29","16060.87"
"2026-01-27","MY","Johor","MY","Kedah","Ninja Van","16418","13995.75","45887.99"
"2026-01-27","TH","Korat","TH","Chonburi","Kerry Express","27077","19457.62","51242.0"
"2026-01-27","TH","Korat","TH","BKK","Ninja Van","29772","18010.31","316870.2"
"2026-01-27","ID","Bali","ID","Central Java","Pos Indonesia","9181","6529.28","26210.73"
"2026-01-27","ID","Bali","ID","South Sulawesi","Pos Indonesia","37671","30261.8","109433.46"
"2026-01-27","MY","Johor","MY","Selangor","J&T","12349","8458.38","21862.8"
"2026-01-27","MY","Johor","MY","Penang","Pos Malaysia","30397","22460.66","99694.03"
"2026-01-27","ID","Bali","ID","Banten","J&T","40199","30028.91","170848.01"
"2026-01-27","ID","Bali","ID","West Java","Ninja Van","37542","24562.43","148290.21"
"2026-01-27","MY","Johor","MY","Negeri Sembilan","Ninja Van","35235","28123.33","60890.43"
"2026-01-27","MY","Johor","MY","Perak","Ninja Van","20614","17093.21","47372.33"
"2026-01-27","MY","Perak","MY","Johor","Ninja Van","25752","19668.47","66878.61"
"2026-01-27","TH","Korat","TH","Nonthaburi","Kerry Express","35310","23408.42","69776.63"
"2026-01-27","ID","Riau","ID","Jakarta","SiCepat","28152","17540.01","166151.39"
"2026-01-27","MY","Sarawak","MY","Selangor","J&T","22080","15514.02","90388.95"
"2026-01-27","MY","Sarawak","MY","Sabah","Pos Malaysia","13368","10892.11","59495.29"
"2026-01-27","MY","Johor","MY","Sabah","Pos Malaysia","34585","28264.6","223920.54"
"2026-01-27","ID","Riau","ID","Banten","Pos Indonesia","26325","19596.75","109175.62"
"2026-01-27","MY","Sarawak","MY","Pahang","J&T","34882","27703.29","122938.87"
"2026-01-27","ID","Riau","ID","Bali","SiCepat","39034","27953.72","374383.22"
"2026-01-27","MY","Sarawak","MY","Penang","Pos Malaysia","16199","11685.65","94773.18"
"2026-01-27","ID","Riau","ID","East Java","J&T","38918","28530.29","260040.89"
"2026-01-27","MY","Sarawak","MY","Kedah","Pos Malaysia","29851","25718.74","193908.97"
"2026-01-28","MY","Perak","MY","Selangor","Ninja Van","22941","20696.6","43250.27"
"2026-01-28","MY","Perak","MY","Pahang","J&T","23591","23419.98","51913.06"
"2026-01-28","MY","Perak","MY","Johor","Pos Malaysia","15421","13652.86","61504.56"
"2026-01-28","MY","Perak","MY","Kuala Lumpur","DHL","12451","9863.89","25755.34"
"2026-01-28","MY","Sarawak","MY","Sarawak","J&T","24430","22848.42","34283.68"
"2026-01-28","ID","Riau","ID","West Java","Pos Indonesia","18760","14931.68","105184.09"
"2026-01-28","ID","Riau","ID","North Sumatra","SiCepat","23364","21968.62","103299.65"
"2026-01-28","PH","Bicol Region","PH","Calabarzon","2GO Express","9313","7149.59","22002.97"
"2026-01-28","PH","Bicol Region","PH","Central Luzon","LBC Express","26351","23003.42","88603.41"
"2026-01-28","PH","Bicol Region","PH","Central Visayas","LBC Express","20569","18313.66","71764.42"
"2026-01-28","PH","Bicol Region","PH","Bicol Region","J&T","9943","9010.87","14901.85"
"2026-01-28","PH","Bicol Region","PH","NCR","J&T","14766","11219.76","37846.75"
"2026-01-28","PH","Bicol Region","PH","Ilocos Region","J&T","21667","20011.52","66886.39"
"2026-01-28","PH","Bicol Region","PH","Northern Mindanao","2GO Express","18866","17848.78","65866.91"
"2026-01-28","PH","Bicol Region","PH","West Visayas","2GO Express","13166","9489.72","35728.61"
"2026-01-28","MY","Uknown","MY","Uknown","FedEx","20355","14833.28","111105.51"
"2026-01-28","MY","Kuala Lumpur","MY","Negeri Sembilan","Pos Malaysia","17382","15056.86","30370.78"
"2026-01-28","PH","Central Luzon","PH","Ilocos Region","Ninja Van","26727","27706.26","41804.31"
"2026-01-28","MY","Kuala Lumpur","MY","Johor","Ninja Van","23091","18580.96","50037.44"
"2026-01-28","PH","Northern Mindanao","PH","Calabarzon","LBC Express","7216","6137.85","40562.77"
"2026-01-28","PH","Northern Mindanao","PH","Central Luzon","DHL","14799","13134.9","73284.52"
"2026-01-28","PH","Calabarzon","PH","Ilocos Region","DHL","19355","18699.39","35780.17"
"2026-01-28","PH","Central Luzon","PH","SOCCSKSARGEN","Ninja Van","24281","22026.01","116657.84"
"2026-01-28","PH","Central Luzon","PH","NCR","2GO Express","9475","8030.93","13323.22"
"2026-01-28","PH","Calabarzon","PH","West Visayas","LBC Express","24170","18862.18","77929.12"
"2026-01-28","PH","Calabarzon","PH","NCR","DHL","23818","18536.98","31415.42"
"2026-01-28","PH","Calabarzon","PH","Calabarzon","J&T","22667","17193.3","27583.36"
"2026-01-28","PH","Calabarzon","PH","Central Luzon","Ninja Van","26789","23494.58","21617.21"
"2026-01-28","PH","Central Luzon","PH","Bicol Region","Ninja Van","13892","13483.12","31618.82"
"2026-01-28","PH","Central Luzon","PH","West Visayas","DHL","13762","9737.55","38287.7"
"2026-01-28","PH","Central Luzon","PH","Central Visayas","Ninja Van","7880","7033.51","26919.27"
"2026-01-28","PH","Central Luzon","PH","Northern Mindanao","J&T","10269","9605.79","41898.93"
"2026-01-28","PH","Calabarzon","PH","Northern Mindanao","DHL","27226","25642.64","96631.82"
"2026-01-28","MY","Kuala Lumpur","MY","Pahang","FedEx","17914","16423.39","33603.44"
"2026-01-28","TH","Chonburi","TH","Phuket","Kerry Express","20608","15898.04","87042.43"
"2026-01-28","TH","Nonthaburi","TH","Korat","Kerry Express","21494","16821.18","49638.53"
"2026-01-28","TH","Chonburi","TH","Khon Kaen","Kerry Express","10551","11521.25","31611.53"
"2026-01-28","TH","Chonburi","TH","Korat","FedEx","13601","10130.15","26714.68"
"2026-01-28","TH","Nonthaburi","TH","Nakhon Sawan","Kerry Express","10181","10481.85","23682.06"
"2026-01-28","MY","Kuala Lumpur","MY","Sabah","Ninja Van","11422","11159.4","78476.85"
"2026-01-28","PH","Northern Mindanao","PH","Bicol Region","DHL","26704","25497.69","100502.63"
"2026-01-28","TH","Uknown","TH","Surat Thani","FedEx","25218","24151.38","138268.71"
"2026-01-28","TH","Nonthaburi","TH","Unknown","Ninja Van","20097","16893.78","112535.38"
"2026-01-28","TH","Songkhla","TH","Songkhla","Kerry Express","13523","12945.08","23285.01"
"2026-01-28","TH","Songkhla","TH","Korat","Ninja Van","10758","8001.36","50001.65"
"2026-01-28","MY","","MY","Uknown","J&T","22556","17768.75","124623.85"
"2026-01-28","TH","Songkhla","TH","Khon Kaen","Ninja Van","10403","10881.61","54698.59"
"2026-01-28","TH","Songkhla","TH","BKK","J&T","21925","15436.29","85216.85"
"2026-01-28","TH","Songkhla","TH","Chiang Mai","Ninja Van","11876","12021.79","68840.87"
"2026-01-28","TH","Surat Thani","TH","Chonburi","Ninja Van","14846","11805.9","207351.69"
"2026-01-28","PH","West Visayas","PH","Bicol Region","2GO Express","16816","16612.16","38413.14"
"2026-01-28","TH","Surat Thani","TH","Nakhon Sawan","Ninja Van","10113","9530.41","43120.5"
"2026-01-28","TH","Surat Thani","TH","Chiang Mai","Ninja Van","20452","21530.48","115096.43"
"2026-01-28","TH","Surat Thani","TH","BKK","Kerry Express","7081","5527.19","31836.43"
"2026-01-28","TH","Surat Thani","TH","Nonthaburi","Ninja Van","13579","10704.39","49212.51"
"2026-01-28","ID","South Sulawesi","ID","North Sumatra","SiCepat","27220","24644.99","406481.74"
"2026-01-28","TH","BKK","TH","Nakhon Sawan","J&T","21456","19512.68","39994.96"
"2026-01-28","TH","BKK","TH","Nonthaburi","J&T","9363","6870.33","11190.47"
"2026-01-28","ID","Central Java","ID","West Java","SiCepat","20023","14844.11","55270.82"
"2026-01-28","ID","South Sulawesi","ID","West Java","Ninja Van","24423","18460.5","163493.62"
"2026-01-28","TH","BKK","TH","Chiang Mai","J&T","18073","17184.83","54005.15"
"2026-01-28","PH","Central Visayas","PH","Calabarzon","LBC Express","22477","17474.72","80727.06"
"2026-01-28","PH","Central Visayas","PH","Central Luzon","DHL","27687","21974.47","87175.59"
"2026-01-28","PH","Central Visayas","PH","Bicol Region","Ninja Van","24496","22952.32","55545.45"
"2026-01-28","TH","BKK","TH","Korat","DHL","20280","14344.93","37458.38"
"2026-01-28","PH","Central Visayas","PH","NCR","J&T","22227","17000.24","68728.35"
"2026-01-28","PH","Central Visayas","PH","Central Visayas","LBC Express","23710","21936.59","40091.85"
"2026-01-28","ID","South Sulawesi","ID","South Sulawesi","SiCepat","11647","10879.08","22581.52"
"2026-01-28","ID","South Sulawesi","ID","Central Java","SiCepat","19549","16175.79","138254.74"
"2026-01-28","ID","Central Java","ID","South Sulawesi","J&T","26236","24829.16","122180.6"
"2026-01-28","ID","Central Java","ID","Central Java","Pos Indonesia","31136","27817.76","37249.86"
"2026-01-28","TH","BKK","TH","BKK","Ninja Van","8521","6153.52","10402.41"
"2026-01-28","ID","Central Java","ID","East Java","Pos Indonesia","8832","8239.9","18546.05"
"2026-01-28","ID","South Sulawesi","ID","East Java","J&T","21927","19746.82","96816.38"
"2026-01-28","ID","Central Java","ID","Jakarta","Ninja Van","26449","20458.36","67200.7"
"2026-01-28","ID","South Sulawesi","ID","Jakarta","SiCepat","11655","8429.89","105764.31"
"2026-01-28","PH","West Visayas","PH","Central Visayas","LBC Express","17243","16381.77","37548.3"
"2026-01-28","MY","Negeri Sembilan","MY","Kuala Lumpur","Ninja Van","20842","17874.28","32565.07"
"2026-01-28","MY","Negeri Sembilan","MY","Johor","FedEx","7277","5519.37","16308.58"
"2026-01-28","PH","West Visayas","PH","Central Luzon","LBC Express","12332","11620.97","44230.14"
"2026-01-28","PH","West Visayas","PH","West Visayas","2GO Express","8842","6483.51","10969.41"
"2026-01-28","MY","Negeri Sembilan","MY","Penang","Ninja Van","19246","15676.09","53861.32"
"2026-01-28","PH","West Visayas","PH","Calabarzon","J&T","16079","12295.76","42284.64"
"2026-01-28","PH","West Visayas","PH","Northern Mindanao","J&T","25012","23750.96","55257.13"
"2026-01-28","PH","West Visayas","PH","Ilocos Region","LBC Express","27572","28973.15","116651.96"
"2026-01-28","PH","West Visayas","PH","SOCCSKSARGEN","DHL","24247","21655.17","72163.1"
"2026-01-28","MY","Selangor","MY","Johor","Pos Malaysia","18804","16003.66","48701.59"
"2026-01-28","PH","NCR","PH","Calabarzon","LBC Express","9482","7824.47","15263.73"
"2026-01-28","PH","NCR","PH","Central Luzon","Ninja Van","17623","15138.36","22884.86"
"2026-01-28","PH","","PH","Central Luzon","2GO Express","10990","9450.14","58257.65"
"2026-01-28","PH","Ilocos Region","PH","NCR","Ninja Van","26593","22736.84","57653.26"
"2026-01-28","PH","Ilocos Region","PH","","DHL","22444","20893.64","144068.46"
"2026-01-28","PH","Ilocos Region","PH","Calabarzon","DHL","25937","19698.87","56364.35"
"2026-01-28","PH","Ilocos Region","PH","Central Luzon","J&T","20392","17623.75","37075.35"
"2026-01-28","PH","Ilocos Region","PH","Northern Mindanao","J&T","10238","9552.61","55041.54"
"2026-01-28","PH","Ilocos Region","PH","SOCCSKSARGEN","J&T","12982","11531.77","79825.2"
"2026-01-28","PH","Ilocos Region","PH","Ilocos Region","J&T","19796","19148.13","30781.0"
"2026-01-28","ID","North Sumatra","ID","Riau","DHL","16917","15206.08","55845.72"
"2026-01-28","ID","North Sumatra","ID","North Sumatra","J&T","10178","9077.78","16166.16"
"2026-01-28","ID","North Sumatra","ID","East Java","J&T","20816","18389.46","198373.14"
"2026-01-28","MY","Kedah","MY","Perak","DHL","19973","20273.67","39736.81"
"2026-01-28","MY","Kedah","MY","Kuala Lumpur","Pos Malaysia","7236","6859.23","23961.99"
"2026-01-28","MY","Kedah","MY","Negeri Sembilan","Pos Malaysia","16208","14867.04","57971.74"
"2026-01-28","TH","Phuket","TH","Nakhon Sawan","Kerry Express","8075","7748.77","42498.14"
"2026-01-28","TH","Phuket","TH","Korat","Kerry Express","18728","14262.34","101012.61"
"2026-01-28","TH","Phuket","TH","Chonburi","Ninja Van","19674","15173.08","63783.47"
"2026-01-28","MY","Kedah","MY","Selangor","Ninja Van","22348","20550.27","58404.04"
"2026-01-28","MY","Kedah","MY","Penang","Pos Malaysia","23507","21161.15","45524.39"
"2026-01-28","TH","Phuket","TH","BKK","J&T","17261","12008.26","58318.01"
"2026-01-28","MY","Kedah","MY","Johor","FedEx","14520","11248.95","55968.51"
"2026-01-28","TH","Phuket","TH","Phuket","Kerry Express","15627","11374.6","24600.6"
"2026-01-28","TH","Phuket","TH","Nonthaburi","J&T","11905","8880.73","43104.49"
"2026-01-28","TH","Phuket","TH","Khon Kaen","J&T","17617","16979.27","83546.56"
"2026-01-28","MY","Kedah","MY","Kedah","J&T","22323","23953.12","33055.87"
"2026-01-28","ID","North Sumatra","ID","Bali","SiCepat","21418","18256.92","289901.99"
"2026-01-28","ID","North Sumatra","ID","Banten","Ninja Van","28150","21297.46","182444.14"
"2026-01-28","TH","Phuket","TH","Chiang Mai","J&T","9351","9051.53","48392.12"
"2026-01-28","MY","Kedah","MY","Sarawak","Ninja Van","14824","15697.39","85890.08"
"2026-01-28","ID","North Sumatra","ID","West Java","Ninja Van","18348","14371.16","141884.43"
"2026-01-28","TH","Nakhon Sawan","TH","Chiang Mai","DHL","7515","7723.47","21450.73"
"2026-01-28","TH","Nakhon Sawan","TH","Chonburi","J&T","12735","9997.66","34242.06"
"2026-01-28","TH","Nakhon Sawan","TH","Surat Thani","Kerry Express","17508","18691.11","94237.43"
"2026-01-28","TH","Nakhon Sawan","TH","Nonthaburi","Ninja Van","11743","9337.19","26190.22"
"2026-01-28","TH","Nakhon Sawan","TH","BKK","Ninja Van","12951","9649.15","30349.46"
"2026-01-28","TH","Nakhon Sawan","TH","Korat","Kerry Express","19369","15334.05","58285.85"
"2026-01-28","TH","Nakhon Sawan","TH","Khon Kaen","FedEx","21086","22226.67","58218.56"
"2026-01-28","TH","Surat Thani","TH","Phuket","Kerry Express","19881","15040.04","49468.58"
"2026-01-28","TH","Surat Thani","TH","Surat Thani","Ninja Van","24008","25139.8","37032.09"
"2026-01-28","TH","Surat Thani","TH","Songkhla","Ninja Van","19775","17601.57","47864.56"
"2026-01-28","TH","Surat Thani","TH","Khon Kaen","Ninja Van","23454","24598.66","119873.42"
"2026-01-28","PH","Central Visayas","PH","SOCCSKSARGEN","2GO Express","10734","9600.22","27435.05"
"2026-01-28","TH","BKK","TH","Chonburi","J&T","22078","16847.39","31923.44"
"2026-01-28","PH","Central Visayas","PH","","2GO Express","17623","13374.45","93669.28"
"2026-01-28","TH","BKK","TH","Khon Kaen","Ninja Van","11330","11378.56","29284.5"
"2026-01-28","TH","BKK","TH","Songkhla","Kerry Express","16046","14545.75","68904.93"
"2026-01-28","ID","Central Java","ID","Banten","Pos Indonesia","21843","17457.56","62912.63"
"2026-01-28","ID","South Sulawesi","ID","Banten","Ninja Van","21106","15963.48","153180.91"
"2026-01-28","ID","South Sulawesi","ID","Riau","J&T","15471","14252.56","159523.54"
"2026-01-28","MY","Selangor","MY","Penang","Pos Malaysia","21396","18830.94","58630.74"
"2026-01-28","MY","Selangor","MY","Perak","Ninja Van","23560","26274.51","41807.06"
"2026-01-28","MY","Selangor","MY","Kuala Lumpur","Pos Malaysia","19268","17208.65","28873.69"
"2026-01-28","MY","Selangor","MY","Selangor","FedEx","20619","16814.95","26409.25"
"2026-01-28","MY","Selangor","MY","Sarawak","FedEx","18235","16651.53","78867.95"
"2026-01-28","MY","Selangor","MY","Sabah","J&T","20843","20698.33","142411.84"
"2026-01-28","TH","Nakhon Sawan","TH","Nakhon Sawan","Ninja Van","17249","16337.36","25804.27"
"2026-01-28","TH","Nakhon Sawan","TH","Songkhla","Ninja Van","12961","11527.53","68118.51"
"2026-01-28","ID","East Java","ID","Central Java","DHL","9598","7882.58","19043.78"
"2026-01-28","ID","East Java","ID","Banten","Pos Indonesia","15993","12047.32","58315.77"
"2026-01-28","MY","Penang","MY","Negeri Sembilan","Pos Malaysia","7611","6963.23","21501.76"
"2026-01-28","ID","East Java","ID","Jakarta","SiCepat","16985","13075.77","77065.37"
"2026-01-28","MY","Penang","MY","Perak","Ninja Van","14696","16090.17","22700.28"
"2026-01-28","MY","Penang","MY","Johor","Ninja Van","9038","7399.47","5981.51"
"2026-01-28","MY","Penang","MY","Selangor","Pos Malaysia","13835","13031.34","38073.77"
"2026-01-28","ID","East Java","ID","South Sulawesi","DHL","28315","26498.29","102096.25"
"2026-01-28","MY","Penang","MY","Kuala Lumpur","Pos Malaysia","17382","15722.02","44795.2"
"2026-01-28","MY","Penang","MY","Sarawak","Pos Malaysia","8445","8574.34","55912.71"
"2026-01-28","ID","East Java","ID","Riau","SiCepat","25415","23967.46","207400.03"
"2026-01-28","MY","Penang","MY","Penang","Ninja Van","12518","10375.46","14997.03"
"2026-01-28","ID","East Java","ID","East Java","DHL","24749","21221.86","32492.03"
"2026-01-28","MY","Penang","MY","Pahang","Pos Malaysia","17384","18095.59","50847.19"
"2026-01-28","TH","Chonburi","TH","BKK","Ninja Van","16601","12084.3","23331.65"
"2026-01-28","TH","Chonburi","TH","Nonthaburi","FedEx","19333","14784.44","25843.75"
"2026-01-28","TH","Chonburi","TH","Chiang Mai","Ninja Van","12256","12345.04","41944.97"
"2026-01-28","PH","Unknown","PH",,"LBC Express","24986","21721.2","170701.37"
"2026-01-28","ID","Banten","ID","North Sumatra","Pos Indonesia","7828","7254.28","45378.03"
"2026-01-28","MY","Sabah","MY","Negeri Sembilan","J&T","20051","16954.91","158788.45"
"2026-01-28","MY","Sabah","MY","Pahang","Ninja Van","23550","23707.91","171806.47"
"2026-01-28","MY","Sabah","MY","Perak","Pos Malaysia","7315","8154.59","73558.92"
"2026-01-28","MY","Sabah","MY","Sarawak","J&T","7227","6906.34","34778.28"
"2026-01-28","MY","Sabah","MY","Sabah","Ninja Van","21776","22111.59","33501.43"
"2026-01-28","MY","Sabah","MY","Selangor","DHL","19843","16398.14","161957.88"
"2026-01-28","MY","Sabah","MY","Kuala Lumpur","Pos Malaysia","24446","21918.73","242001.53"
"2026-01-28","MY","Sabah","MY","Penang","Pos Malaysia","11459","9998.93","123347.19"
"2026-01-28","MY","Sabah","MY","Johor","Ninja Van","24067","19546.95","178109.64"
"2026-01-28","PH","Ilocos Region","PH","Bicol Region","J&T","19730","19049.65","61094.2"
"2026-01-28","PH","NCR","PH","SOCCSKSARGEN","2GO Express","15208","13779.82","67642.12"
"2026-01-28","PH","NCR","PH","NCR","Ninja Van","16272","13032.92","19749.38"
"2026-01-28","PH","NCR","PH","Bicol Region","LBC Express","29886","30124.05","79326.5"
"2026-01-28","PH","NCR","PH","West Visayas","J&T","26251","18102.25","71011.28"
"2026-01-28","PH","NCR","PH","Central Visayas","DHL","16488","13992.68","49976.33"
"2026-01-28","ID","Banten","ID","Central Java","SiCepat","10975","9396.16","38994.78"
"2026-01-28","ID","Banten","ID","Bali","Pos Indonesia","10424","9113.73","46520.18"
"2026-01-28","ID","Banten","ID","Banten","Pos Indonesia","22332","16751.67","30875.81"
"2026-01-28","ID","Banten","ID","","J&T","18567","12164.07","102563.28"
"2026-01-28","ID","Banten","ID","East Java","J&T","24767","21672.65","90875.3"
"2026-01-28","ID","Banten","ID","Jakarta","Pos Indonesia","11755","9183.08","16895.07"
"2026-01-28","ID","West Java","ID","South Sulawesi","Ninja Van","27965","27763.87","154757.16"
"2026-01-28","ID","West Java","ID","Unknown","DHL","15417","12253.25","82264.0"
"2026-01-28","ID","West Java","ID","Central Java","Ninja Van","15217","13357.61","32245.16"
"2026-01-28","ID","West Java","ID","Bali","Pos Indonesia","9609","8415.13","38321.08"
"2026-01-28","ID","West Java","ID","North Sumatra","Pos Indonesia","29190","27161.13","190986.79"
"2026-01-28","TH","Chiang Mai","TH","Nonthaburi","Kerry Express","16408","13505.65","75783.97"
"2026-01-28","TH","","TH","Uknown","Kerry Express","21003","19890.22","147353.8"
"2026-01-28","ID","West Java","ID","Banten","Ninja Van","24754","19107.21","42661.2"
"2026-01-28","ID","Bali","ID","North Sumatra","Pos Indonesia","25078","24354.19","240621.78"
"2026-01-28","TH","","TH","Songkhla","Kerry Express","17936","16967.72","124643.03"
"2026-01-28","ID","West Java","ID","Riau","Pos Indonesia","28715","27989.44","143165.13"
"2026-01-28","MY","Negeri Sembilan","MY","Negeri Sembilan","Pos Malaysia","16691","14349.84","29939.66"
"2026-01-28","MY","Negeri Sembilan","MY","Sarawak","Pos Malaysia","8484","8421.63","54532.9"
"2026-01-28","MY","Negeri Sembilan","MY","Sabah","Pos Malaysia","13690","14027.09","136216.96"
"2026-01-28","MY","Negeri Sembilan","MY","Selangor","Ninja Van","7207","6506.69","12277.51"
"2026-01-28","MY","Negeri Sembilan","MY","Kedah","FedEx","15523","14719.22","46670.5"
"2026-01-28","MY","Negeri Sembilan","MY","Perak","Pos Malaysia","23555","26946.87","68153.35"
"2026-01-28","ID","Jakarta","ID","Riau","Ninja Van","24021","24387.38","100001.69"
"2026-01-28","PH","Northern Mindanao","PH","West Visayas","2GO Express","10263","7617.14","28804.11"
"2026-01-28","PH","Northern Mindanao","PH","SOCCSKSARGEN","LBC Express","25465","23750.7","73978.4"
"2026-01-28","TH","Nonthaburi","TH","Khon Kaen","J&T","23023","23071.08","54748.32"
"2026-01-28","TH","Nonthaburi","TH","Chonburi","J&T","19516","15047.26","26908.56"
"2026-01-28","MY","Kuala Lumpur","MY","Penang","J&T","25667","21141.83","53841.69"
"2026-01-28","PH","Northern Mindanao","PH","NCR","DHL","7440","5813.62","33857.84"
"2026-01-28","PH","Northern Mindanao","PH","Central Visayas","2GO Express","9555","8648.68","22554.59"
"2026-01-28","MY","Kuala Lumpur","MY","Kedah","FedEx","14514","13982.19","33184.27"
"2026-01-28","MY","Kuala Lumpur","MY","Selangor","Ninja Van","9999","8664.78","12378.39"
"2026-01-28","TH","Nonthaburi","TH","Phuket","J&T","17360","12462.43","62724.63"
"2026-01-28","MY","Kuala Lumpur","MY","Kuala Lumpur","Pos Malaysia","23684","20766.3","36117.54"
"2026-01-28","PH","Northern Mindanao","PH","Ilocos Region","LBC Express","7888","8137.06","54719.2"
"2026-01-28","PH","Northern Mindanao","PH","Northern Mindanao","Ninja Van","10608","10823.48","15850.05"
"2026-01-28","TH","Nonthaburi","TH","Nonthaburi","Kerry Express","13808","11353.78","22053.54"
"2026-01-28","TH","Nonthaburi","TH","Surat Thani","J&T","9249","8912.86","28723.99"
"2026-01-28","TH","Nonthaburi","TH","Songkhla","Ninja Van","15884","14408.02","59487.53"
"2026-01-28","TH","Songkhla","TH","Phuket","J&T","19051","13465.02","42756.54"
"2026-01-28","MY","Kuala Lumpur","MY","Sarawak","FedEx","11352","9978.55","51548.86"
"2026-01-28","TH","Songkhla","TH","Chonburi","Ninja Van","8303","6676.98","32471.71"
"2026-01-28","TH","Songkhla","TH","Surat Thani","Kerry Express","20058","20949.05","56931.52"
"2026-01-28","MY","Pahang","MY","Sabah","Pos Malaysia","17782","19081.67","152840.64"
"2026-01-28","ID","Jakarta","ID","Jakarta","Pos Indonesia","14826","11743.1","19184.31"
"2026-01-28","TH","Chiang Mai","TH","Songkhla","J&T","14322","12363.08","87042.59"
"2026-01-28","TH","Chiang Mai","TH","BKK","DHL","17233","12323.16","60703.63"
"2026-01-28","TH","Chiang Mai","TH","Phuket","Ninja Van","12709","9123.07","73497.39"
"2026-01-28","TH","Chiang Mai","TH","Chiang Mai","Ninja Van","10684","10661.16","15468.85"
"2026-01-28","TH","Chiang Mai","TH","Korat","Kerry Express","9434","7385.75","39941.38"
"2026-01-28","TH","Chiang Mai","TH","Nakhon Sawan","Kerry Express","21432","21045.47","72573.28"
"2026-01-28","TH","Chiang Mai","TH","Chonburi","J&T","15765","11957.33","60154.34"
"2026-01-28","TH","Chiang Mai","TH","Khon Kaen","J&T","7851","7983.61","25431.09"
"2026-01-28","PH","SOCCSKSARGEN","PH","Central Luzon","DHL","25954","20613.82","156987.19"
"2026-01-28","PH","SOCCSKSARGEN","PH","Calabarzon","Ninja Van","19388","14537.76","104631.47"
"2026-01-28","TH","Khon Kaen","TH","Nakhon Sawan","Kerry Express","22248","22578.17","67864.93"
"2026-01-28","PH","SOCCSKSARGEN","PH","NCR","J&T","7458","5695.38","40251.97"
"2026-01-28","TH","Khon Kaen","TH","Phuket","Ninja Van","9534","6813.32","53805.87"
"2026-01-28","PH","SOCCSKSARGEN","PH","Northern Mindanao","DHL","25029","22508.91","59378.15"
"2026-01-28","TH","Khon Kaen","TH","Nonthaburi","Ninja Van","7458","5746.12","21262.54"
"2026-01-28","TH","Khon Kaen","TH","Songkhla","J&T","15613","13610.27","84110.78"
"2026-01-28","PH","SOCCSKSARGEN","PH","Ilocos Region","LBC Express","20749","20414.64","157041.1"
"2026-01-28","PH","SOCCSKSARGEN","PH","West Visayas","DHL","23227","16241.7","87906.5"
"2026-01-28","PH","SOCCSKSARGEN","PH","Central Visayas","DHL","23204","19162.18","76388.69"
"2026-01-28","TH","Khon Kaen","TH","BKK","J&T","19098","13557.66","51196.79"
"2026-01-28","TH","Khon Kaen","TH","Chonburi","Kerry Express","21927","18168.84","80821.4"
"2026-01-28","PH","SOCCSKSARGEN","PH","SOCCSKSARGEN","Ninja Van","11740","10519.45","18488.12"
"2026-01-28","MY","Perak","MY","Penang","Pos Malaysia","23861","20550.38","51831.99"
"2026-01-28","TH","Khon Kaen","TH","Chiang Mai","Ninja Van","14083","14716.11","45274.21"
"2026-01-28","TH","Khon Kaen","TH","Korat","J&T","22829","16501.2","45289.67"
"2026-01-28","MY","Pahang","MY","Sarawak","Pos Malaysia","19089","19512.31","106957.66"
"2026-01-28","MY","Pahang","MY","Negeri Sembilan","J&T","16181","14305.69","33771.19"
"2026-01-28","ID","Jakarta","ID","Banten","SiCepat","27343","20464.51","49220.14"
"2026-01-28","MY","Pahang","MY","Penang","J&T","17935","15277.72","48497.89"
"2026-01-28","MY","Pahang","MY","Johor","Ninja Van","8618","7176.17","19946.96"
"2026-01-28","MY","Pahang","MY","Kedah","J&T","12629","13252.86","36627.7"
"2026-01-28","ID","Jakarta","ID","Central Java","Pos Indonesia","19894","18752.91","48543.58"
"2026-01-28","ID","Jakarta","ID","South Sulawesi","SiCepat","16174","15865.73","124627.17"
"2026-01-28","MY","Pahang","MY","Perak","Pos Malaysia","16603","18730.06","44910.47"
"2026-01-28","MY","Pahang","MY","Pahang","J&T","10450","10239.22","15816.29"
"2026-01-28","ID","Jakarta","ID","West Java","Ninja Van","13164","10433.97","21304.37"
"2026-01-28","ID","Jakarta","ID","North Sumatra","Ninja Van","24100","23577.35","145850.86"
"2026-01-28","MY","Pahang","MY","Selangor","Ninja Van","9024","8482.05","19028.43"
"2026-01-28","TH","Korat","TH","Nonthaburi","J&T","13068","9977.86","23614.74"
"2026-01-28","MY","Johor","MY","Sarawak","Ninja Van","11987","11283.69","42317.43"
"2026-01-28","ID","Bali","ID","West Java","Ninja Van","18361","14738.3","80250.03"
"2026-01-28","ID","Bali","ID","Bali","Pos Indonesia","10468","9169.52","15695.01"
"2026-01-28","TH","Korat","TH","Korat","Ninja Van","19448","14770.28","24277.48"
"2026-01-28","MY","Johor","MY","Perak","Ninja Van","21901","23098.2","61520.12"
"2026-01-28","TH","Korat","TH","Songkhla","J&T","23735","20515.32","101980.57"
"2026-01-28","TH","Korat","TH","Chonburi","Ninja Van","25457","20344.39","24234.13"
"2026-01-28","TH","Korat","TH","Khon Kaen","Ninja Van","13428","14145.34","23408.7"
"2026-01-28","ID","Bali","ID","South Sulawesi","SiCepat","20560","20158.9","100505.41"
"2026-01-28","ID","Bali","ID","Central Java","J&T","12405","10746.93","43052.66"
"2026-01-28","TH","Korat","TH","BKK","J&T","8048","5989.37","15594.17"
"2026-01-28","ID","Bali","ID","Riau","Ninja Van","15629","15727.64","127719.24"
"2026-01-28","MY","Johor","MY","Penang","FedEx","23007","17075.81","71402.76"
"2026-01-28","ID","Bali","ID","East Java","Pos Indonesia","17580","16867.67","46036.35"
"2026-01-28","ID","Bali","ID","Banten","Pos Indonesia","19390","15625.27","100144.03"
"2026-01-28","MY","Johor","MY","Negeri Sembilan","J&T","21072","17039.25","40216.07"
"2026-01-28","MY","Johor","MY","Pahang","FedEx","12068","11166.38","25099.22"
"2026-01-28","MY","Johor","MY","Kedah","DHL","9846","9210.26","33232.7"
"2026-01-28","TH","Korat","TH","Phuket","J&T","16071","11181.25","69645.9"
"2026-01-28","MY","Johor","MY","Johor","Pos Malaysia","14534","12210.34","23316.77"
"2026-01-28","MY","Johor","MY","Sabah","DHL","21524","20219.51","130470.07"
"2026-01-28","MY","Johor","MY","Selangor","Pos Malaysia","17087","16075.28","47591.98"
"2026-01-28","TH","Korat","TH","Chiang Mai","Ninja Van","25895","26313.26","75443.03"
"2026-01-28","ID","Riau","ID","East Java","Ninja Van","8407","8049.67","67278.76"
"2026-01-28","MY","Sarawak","MY","Penang","DHL","10332","7889.09","60709.35"
"2026-01-28","MY","Sarawak","MY","Kedah","Pos Malaysia","21302","22798.84","158546.07"
"2026-01-28","ID","Riau","ID","Jakarta","J&T","22856","17153.64","124905.29"
"2026-01-28","MY","Sarawak","MY","Sabah","J&T","13187","12731.18","55225.7"
"2026-01-28","ID","Riau","ID","Banten","SiCepat","24693","18369.4","162482.78"
"2026-01-28","MY","Sarawak","MY","Kuala Lumpur","J&T","23502","19829.65","113537.75"
"2026-01-28","ID","Riau","ID","Bali","Ninja Van","25364","22712.2","236320.35"
"2026-01-28","MY","Sarawak","MY","Pahang","Pos Malaysia","10403","10359.29","55081.71"
"2026-01-28","ID","Riau","ID","Central Java","Pos Indonesia","20112","17668.42","141541.37"
"2026-01-28","ID","Riau","ID","South Sulawesi","SiCepat","10651","10251.38","144126.06"
"2026-01-28","MY","Sarawak","MY","Selangor","J&T","18599","16737.25","97506.16"
"2026-01-29","MY","Perak","MY","Selangor","Pos Malaysia","7694","6222.44","18857.97"
"2026-01-29","MY","Perak","MY","Pahang","Ninja Van","25212","22278.81","56781.1"
"2026-01-29","MY","Perak","MY","Penang","Pos Malaysia","10040","8235.52","21840.82"
"2026-01-29","MY","Perak","MY","Sabah","Ninja Van","18692","19590.14","137709.58"
"2026-01-29","MY","Sarawak","MY","Kuala Lumpur","Ninja Van","24278","20600.71","115259.94"
"2026-01-29","ID","Riau","ID","South Sulawesi","Ninja Van","14693","14896.76","144488.28"
"2026-01-29","MY","Sarawak","MY","Sarawak","J&T","25990","23736.77","35237.86"
"2026-01-29","ID","Riau","ID","North Sumatra","Pos Indonesia","12349","11367.2","39111.07"
"2026-01-29","ID","Riau","ID","West Java","Ninja Van","25461","21067.38","25689.88"
"2026-01-29","MY",,"MY","Unknown","FedEx","25670","14843.14","138558.39"
"2026-01-29","PH","Bicol Region","PH","Bicol Region","DHL","19477","18900.18","28645.99"
"2026-01-29","PH","Bicol Region","PH","SOCCSKSARGEN","2GO Express","20032","16274.14","82437.4"
"2026-01-29","PH","Bicol Region","PH","West Visayas","LBC Express","15728","11137.83","48006.78"
"2026-01-29","PH","Bicol Region","PH","Ilocos Region","2GO Express","22082","21041.74","65833.55"
"2026-01-29","PH","Bicol Region","PH","Northern Mindanao","Ninja Van","15678","14011.72","13437.46"
"2026-01-29","PH","Bicol Region","PH","NCR","2GO Express","24496","16697.13","61731.45"
"2026-01-29","PH","Bicol Region","PH","Central Luzon","LBC Express","13457","11525.15","46492.43"
"2026-01-29","PH","Bicol Region","PH","Calabarzon","2GO Express","8906","6325.47","21032.22"
"2026-01-29","PH","Bicol Region","PH","Central Visayas","DHL","22095","16477.48","56937.59"
"2026-01-29","PH","Northern Mindanao","PH","Central Luzon","J&T","25265","21129.64","117410.55"
"2026-01-29","PH","SOCCSKSARGEN","PH","Central Visayas","2GO Express","16741","12949.7","54833.06"
"2026-01-29","MY","Kuala Lumpur","MY","Negeri Sembilan","Ninja Van","19446","15104.12","23964.9"
"2026-01-29","TH","Nonthaburi","TH","Korat","J&T","8555","6143.63","15557.8"
"2026-01-29","MY","Kuala Lumpur","MY","Sabah","Ninja Van","17168","17194.72","110247.02"
"2026-01-29","PH","Northern Mindanao","PH","Calabarzon","LBC Express","7993","5884.78","43372.98"
"2026-01-29","MY","Uknown","MY","Penang","Ninja Van","12988","10538.33","67679.37"
"2026-01-29","MY","Kuala Lumpur","MY","Johor","Ninja Van","16505","13232.86","32778.87"
"2026-01-29","TH","Nonthaburi","TH","Nakhon Sawan","J&T","8300","7302.41","14227.33"
"2026-01-29","PH","Central Luzon","PH","SOCCSKSARGEN","J&T","19155","15133.17","82741.98"
"2026-01-29","PH","Central Luzon","PH","Ilocos Region","2GO Express","20075","20043.29","29412.5"
"2026-01-29","MY","Kuala Lumpur","MY","Pahang","Pos Malaysia","16801","15998.2","36437.84"
"2026-01-29","PH","Northern Mindanao","PH","Bicol Region","J&T","10480","10523.03","38310.63"
"2026-01-29","PH","Calabarzon","PH","West Visayas","Ninja Van","20507","15380.21","51309.9"
"2026-01-29","PH","Central Luzon","PH","West Visayas","Ninja Van","21274","15035.87","58494.66"
"2026-01-29","PH","Central Luzon","PH","Central Visayas","Ninja Van","27371","22096.37","81878.38"
"2026-01-29","PH","Calabarzon","PH","Ilocos Region","J&T","17031","16162.44","30103.4"
"2026-01-29","PH","Central Luzon","PH","Bicol Region","J&T","28108","29380.32","62514.32"
"2026-01-29","PH","Central Luzon","PH","NCR","Ninja Van","15359","10701.87","19538.2"
"2026-01-29","PH","Calabarzon","PH","NCR","LBC Express","22222","16876.74","34185.74"
"2026-01-29","PH","Central Luzon","PH","Northern Mindanao","2GO Express","31194","29052.37","119033.06"
"2026-01-29","PH","Calabarzon","PH","Northern Mindanao","J&T","21189","19422.76","72972.57"
"2026-01-29","TH","Chonburi","TH","Korat","J&T","11830","8196.12","22187.21"
"2026-01-29","TH","Chonburi","TH","Phuket","J&T","18026","14665.29","60154.5"
"2026-01-29","PH","West Visayas","PH","Central Visayas","LBC Express","22819","18903.52","47007.3"
"2026-01-29","TH","Songkhla","TH","Chiang Mai","Ninja Van","14780","14364.51","91016.97"
"2026-01-29","PH","West Visayas","PH","Calabarzon","DHL","21449","15084.87","51144.69"
"2026-01-29","PH","West Visayas","PH","Bicol Region","LBC Express","10159","11042.33","26619.09"
"2026-01-29","TH","Songkhla","TH","Songkhla","Ninja Van","22614","21714.45","31522.99"
"2026-01-29","TH","Songkhla","TH","Korat","Ninja Van","18569","13231.38","81045.75"
"2026-01-29","MY","","MY","","J&T","17560","13159.55","94623.43"
"2026-01-29","TH","Songkhla","TH","Khon Kaen","Ninja Van","22861","21695.73","119043.1"
"2026-01-29","PH","West Visayas","PH","Central Luzon","LBC Express","14502","12947.36","50976.57"
"2026-01-29","TH","Surat Thani","TH","Nakhon Sawan","J&T","16993","15124.45","71107.4"
"2026-01-29","PH","Calabarzon","PH","Central Luzon","2GO Express","26164","22785.56","37572.43"
"2026-01-29","PH","Central Luzon","PH","Central Luzon","Ninja Van","19535","16429.54","23526.61"
"2026-01-29","PH","Calabarzon","PH","Calabarzon","J&T","8475","5858.54","10805.82"
"2026-01-29","TH","Surat Thani","TH","Nonthaburi","Kerry Express","8741","7415.63","39175.88"
"2026-01-29","PH","West Visayas","PH","West Visayas","LBC Express","11567","8530.64","19112.27"
"2026-01-29","TH","Surat Thani","TH","Songkhla","Kerry Express","26042","26841.66","72916.7"
"2026-01-29","TH","Surat Thani","TH","BKK","Kerry Express","8343","6311.81","34085.86"
"2026-01-29","TH","Surat Thani","TH","Phuket","J&T","13555","10908.55","26627.0"
"2026-01-29","TH","Surat Thani","TH","Chonburi","J&T","9256","7241.1","29132.12"
"2026-01-29","TH","Surat Thani","TH","Chiang Mai","Ninja Van","10755","10613.88","61061.17"
"2026-01-29","PH","Central Visayas","PH","Calabarzon","LBC Express","11570","8491.94","39567.77"
"2026-01-29","ID","Central Java","ID","Banten","Pos Indonesia","22034","17127.85","56252.53"
"2026-01-29","PH","Central Visayas","PH","Central Luzon","LBC Express","22875","19561.85","87131.25"
"2026-01-29","TH","BKK","TH","Nonthaburi","Kerry Express","21430","17949.44","30868.28"
"2026-01-29","ID","South Sulawesi","ID","Banten","Pos Indonesia","11867","9103.46","86651.72"
"2026-01-29","ID","South Sulawesi","ID","Jakarta","Pos Indonesia","22706","16723.87","152587.13"
"2026-01-29","ID","South Sulawesi","ID","West Java","Pos Indonesia","27166","20843.35","180522.61"
"2026-01-29","ID","Central Java","ID","West Java","Pos Indonesia","23748","18482.82","48955.39"
"2026-01-29","ID","South Sulawesi","ID","East Java","Pos Indonesia","8759","7504.63","37578.1"
"2026-01-29","TH","BKK","TH","Chiang Mai","J&T","12672","11641.74","37980.74"
"2026-01-29","ID","South Sulawesi","ID","North Sumatra","J&T","18393","14838.98","204729.99"
"2026-01-29","TH","BKK","TH","Nakhon Sawan","Kerry Express","14644","13757.41","32584.63"
"2026-01-29","PH","Central Visayas","PH","Bicol Region","Ninja Van","30152","29942.49","69790.61"
"2026-01-29","TH","BKK","TH","Korat","J&T","30587","21356.64","58339.25"
"2026-01-29","ID","South Sulawesi","ID","Central Java","SiCepat","10918","8626.86","71395.63"
"2026-01-29","PH","Central Visayas","PH","NCR","Ninja Van","20486","13918.36","60911.37"
"2026-01-29","ID","Central Java","ID","East Java","Ninja Van","8719","7600.67","16447.07"
"2026-01-29","PH","Central Visayas","PH","SOCCSKSARGEN","LBC Express","18572","15854.26","58758.5"
"2026-01-29","ID","Central Java","ID","Jakarta","Pos Indonesia","14533","10545.24","34648.89"
"2026-01-29","TH","BKK","TH","Songkhla","Kerry Express","22841","22691.29","102643.45"
"2026-01-29","TH","BKK","TH","Phuket","Kerry Express","28804","24088.76","115762.18"
"2026-01-29","PH","Central Visayas","PH","Central Visayas","LBC Express","23987","19218.12","439155.36"
"2026-01-29","TH","BKK","TH","BKK","Ninja Van","15089","10432.88","18368.32"
"2026-01-29","ID","Central Java","ID","Central Java","Pos Indonesia","21618","18177.98","25906.12"
"2026-01-29","ID","South Sulawesi","ID","South Sulawesi","SiCepat","29546","28013.25","56128.98"
"2026-01-29","ID","Central Java","ID","South Sulawesi","J&T","30295","27809.91","129261.52"
"2026-01-29","PH","Central Visayas","PH","Northern Mindanao","2GO Express","19766","18068.09","35435.18"
"2026-01-29","MY","Negeri Sembilan","MY","Kuala Lumpur","Ninja Van","25637","23320.45","40830.04"
"2026-01-29","MY","Negeri Sembilan","MY","Johor","Ninja Van","16971","14241.44","37381.8"
"2026-01-29","MY","Negeri Sembilan","MY","Pahang","Pos Malaysia","11738","10751.41","31032.33"
"2026-01-29","PH","West Visayas","PH","SOCCSKSARGEN","LBC Express","27177","24566.8","99426.71"
"2026-01-29","MY","Negeri Sembilan","MY","Penang","FedEx","11408","8047.63","30732.64"
"2026-01-29","MY","Selangor","MY","Johor","Pos Malaysia","16015","13742.06","43071.14"
"2026-01-29","PH","Ilocos Region","PH","Northern Mindanao","2GO Express","23213","22827.05","119222.86"
"2026-01-29","PH","Ilocos Region","PH","NCR","LBC Express","16992","12432.11","41799.96"
"2026-01-29","PH","West Visayas","PH","Ilocos Region","DHL","24696","24033.94","80630.51"
"2026-01-29","PH","Ilocos Region","PH","Ilocos Region","LBC Express","11706","12073.57","21052.12"
"2026-01-29","PH","Ilocos Region","PH","Central Visayas","LBC Express","20305","16902.84","112656.77"
"2026-01-29","PH","Ilocos Region","PH","Central Luzon","LBC Express","9508","8712.0","21651.57"
"2026-01-29","PH","Ilocos Region","PH","SOCCSKSARGEN","LBC Express","26248","22911.97","204549.4"
"2026-01-29","PH","Ilocos Region","PH","Calabarzon","2GO Express","23336","17161.74","49068.44"
"2026-01-29","TH","Phuket","TH","Khon Kaen","Kerry Express","9541","9221.83","51705.88"
"2026-01-29","PH","West Visayas","PH","Northern Mindanao","J&T","30985","28246.68","66780.85"
"2026-01-29","TH","Phuket","TH","Chiang Mai","Kerry Express","13204","13839.62","84344.13"
"2026-01-29","MY","Kedah","MY","Uknown","Pos Malaysia","24020","16337.15","167673.71"
"2026-01-29","MY","Kedah","MY","Negeri Sembilan","Pos Malaysia","18019","15541.03","60505.97"
"2026-01-29","TH","Phuket","TH","Korat","Ninja Van","15202","10464.8","57525.63"
"2026-01-29","TH","Phuket","TH","Nonthaburi","Ninja Van","22333","17418.73","78675.21"
"2026-01-29","TH","Phuket","TH","Chonburi","Ninja Van","8567","6690.69","28974.66"
"2026-01-29","MY","Kedah","MY","Selangor","Pos Malaysia","27295","22170.96","87012.68"
"2026-01-29","MY","Kedah","MY","Kuala Lumpur","J&T","12233","11389.33","31043.47"
"2026-01-29","MY","Kedah","MY","Perak","Pos Malaysia","19420","20751.33","47497.65"
"2026-01-29","MY","Kedah","MY","Penang","Pos Malaysia","9155","7901.87","17802.04"
"2026-01-29","ID","North Sumatra","ID","Riau","Pos Indonesia","18803","16708.86","55493.4"
"2026-01-29","ID","North Sumatra","ID","Banten","J&T","23214","17088.19","154508.52"
"2026-01-29","ID","North Sumatra","ID","East Java","Pos Indonesia","28843","25046.99","250707.16"
"2026-01-29","MY","Kedah","MY","Kedah","FedEx","14681","14287.28","20793.07"
"2026-01-29","TH","Phuket","TH","Phuket","Kerry Express","14139","11394.03","22236.7"
"2026-01-29","TH","Phuket","TH","BKK","Ninja Van","23562","15942.71","75320.51"
"2026-01-29","MY","Kedah","MY","Sarawak","Pos Malaysia","14230","14455.64","106106.7"
"2026-01-29","ID","North Sumatra","ID","North Sumatra","DHL","18774","15190.68","27964.18"
"2026-01-29","ID","North Sumatra","ID","Bali","Ninja Van","8458","7653.18","83130.67"
"2026-01-29","TH","Phuket","TH","Nakhon Sawan","Kerry Express","17026","15364.61","88297.34"
"2026-01-29","ID","North Sumatra","ID","West Java","Pos Indonesia","14763","11552.42","101898.17"
"2026-01-29","TH","Nakhon Sawan","TH","Surat Thani","Ninja Van","24745","21261.23","104080.38"
"2026-01-29","TH","Nakhon Sawan","TH","Khon Kaen","Kerry Express","12945","13287.21","41458.24"
"2026-01-29","TH","Nakhon Sawan","TH","BKK","Ninja Van","8186","5776.2","18073.42"
"2026-01-29","TH","Nakhon Sawan","TH","Nonthaburi","J&T","10916","8450.48","23087.25"
"2026-01-29","TH","Nakhon Sawan","TH","Chonburi","J&T","25053","19311.13","59940.69"
"2026-01-29","TH","Nakhon Sawan","TH","Korat","J&T","18504","13091.39","44141.63"
"2026-01-29","TH","Nakhon Sawan","TH","Chiang Mai","Kerry Express","10010","10375.84","34120.74"
"2026-01-29","TH","Surat Thani","TH","Surat Thani","Ninja Van","9117","7966.94","13387.86"
"2026-01-29","TH","Surat Thani","TH","Khon Kaen","J&T","0","0.0","0.0"
"2026-01-29","TH","BKK","TH","Chonburi","Ninja Van","13831","10905.01","18982.97"
"2026-01-29","ID","South Sulawesi","ID","Riau","Pos Indonesia","17395","15304.92","164695.35"
"2026-01-29","MY","Selangor","MY","Perak","FedEx","18714","17103.45","32746.35"
"2026-01-29","MY","Selangor","MY","Sarawak","Pos Malaysia","8452","8574.43","44011.82"
"2026-01-29","MY","Selangor","MY","Sabah","J&T","27337","27657.8","177925.1"
"2026-01-29","MY","Selangor","MY","Selangor","Ninja Van","27945","22230.57","36302.29"
"2026-01-29","MY","Selangor","MY","Penang","Ninja Van","21549","17313.15","46487.3"
"2026-01-29","MY","Selangor","MY","Kuala Lumpur","Ninja Van","24548","21343.48","28262.96"
"2026-01-29","TH","Nakhon Sawan","TH","Nakhon Sawan","Kerry Express","7009","6686.18","13841.4"
"2026-01-29","TH","Nakhon Sawan","TH","Songkhla","Ninja Van","14426","13773.03","71535.24"
"2026-01-29","MY","Penang","MY","Perak","J&T","12412","12513.44","19418.48"
"2026-01-29","ID","East Java","ID","Riau","Pos Indonesia","31391","28465.97","189017.72"
"2026-01-29","MY","Penang","MY",,"J&T","10043","9070.36","52987.24"
"2026-01-29","MY","Penang","MY","Negeri Sembilan","Ninja Van","22017","17589.6","48437.23"
"2026-01-29","MY","Penang","MY","Pahang","FedEx","23700","19707.76","57888.8"
"2026-01-29","ID","East Java","ID","Jakarta","Pos Indonesia","19760","14735.71","64289.43"
"2026-01-29","ID","East Java","ID","South Sulawesi","Pos Indonesia","27329","25855.82","98853.92"
"2026-01-29","ID","East Java","ID","Central Java","Pos Indonesia","23593","20198.96","48112.6"
"2026-01-29","MY","Penang","MY","Selangor","Ninja Van","8973","6878.14","18345.71"
"2026-01-29","MY","Penang","MY","Kuala Lumpur","Ninja Van","23557","20696.14","46423.12"
"2026-01-29","MY","Penang","MY","Penang","J&T","19841","15493.93","23582.37"
"2026-01-29","MY","Penang","MY","Sarawak","Pos Malaysia","17943","17725.77","116531.14"
"2026-01-29","ID","East Java","ID","Banten","SiCepat","8027","5931.39","35235.59"
"2026-01-29","TH","Chonburi","TH","BKK","Ninja Van","21512","15205.87","308728.2"
"2026-01-29","TH","Chonburi","TH","Nonthaburi","Ninja Van","14777","11696.98","19640.06"
"2026-01-29","TH","Chonburi","TH","Khon Kaen","Ninja Van","25439","24748.5","63237.21"
"2026-01-29","TH","Chonburi","TH","Songkhla","Ninja Van","10328","10172.87","32745.91"
"2026-01-29","TH","Chonburi","TH","Chiang Mai","Ninja Van","10742","10582.01","34972.75"
"2026-01-29","ID","Banten","ID","North Sumatra","Pos Indonesia","21562","18224.28","115511.9"
"2026-01-29","MY","Sabah","MY","Penang","Ninja Van","19255","14945.62","167332.05"
"2026-01-29","MY","Sabah","MY","Selangor","Ninja Van","26992","20342.61","211334.22"
"2026-01-29","MY","Sabah","MY","Sabah","Pos Malaysia","23770","25650.37","45389.83"
"2026-01-29","MY","Sabah","MY","Pahang","Ninja Van","11895","10423.13","82006.29"
"2026-01-29","MY","Sabah","MY","Sarawak","Ninja Van","21082","19852.37","98295.05"
"2026-01-29","MY","Sabah","MY","Kuala Lumpur","Pos Malaysia","10374","9569.2","98725.72"
"2026-01-29","MY","Sabah","MY","Negeri Sembilan","J&T","19553","16168.17","158137.98"
"2026-01-29","MY","Sabah","MY","Johor","J&T","18312","14875.44","126415.51"
"2026-01-29","PH","Ilocos Region","PH","Bicol Region","LBC Express","26862","29662.66","105217.66"
"2026-01-29","ID","Banten","ID","Central Java","SiCepat","20543","16887.19","70150.94"
"2026-01-29","ID","Banten","ID","Jakarta","Pos Indonesia","21815","15882.63","29300.78"
"2026-01-29","PH","NCR","PH","Calabarzon","J&T","11106","7703.92","13287.17"
"2026-01-29","PH","NCR","PH","Central Luzon","J&T","28018","22977.01","35614.15"
"2026-01-29","PH","NCR","PH","West Visayas","J&T","20997","14803.72","54602.49"
"2026-01-29","PH","NCR","PH","Bicol Region","2GO Express","13046","13835.25","27959.17"
"2026-01-29","PH","NCR","PH","SOCCSKSARGEN","LBC Express","22329","19160.47","126030.28"
"2026-01-29","PH","NCR","PH","NCR","LBC Express","13622","10208.09","19889.04"
"2026-01-29","PH","NCR","PH","Central Visayas","Ninja Van","26616","21222.58","75360.69"
"2026-01-29","ID","Banten","ID","Bali","Pos Indonesia","8284","7156.36","36425.51"
"2026-01-29","ID","Banten","ID","Banten","Pos Indonesia","11768","9336.7","15256.29"
"2026-01-29","ID","Banten","ID","East Java","Ninja Van","26773","23486.53","94570.02"
"2026-01-29","ID","Banten","ID","West Java","Ninja Van","9642","7674.84","17172.31"
"2026-01-29","ID","West Java","ID","West Java","Pos Indonesia","11551","8900.29","15201.99"
"2026-01-29","ID","West Java","ID","Banten","SiCepat","20310","15325.09","44560.36"
"2026-01-29","ID","West Java","ID","South Sulawesi","J&T","15951","14746.95","88684.59"
"2026-01-29","ID","West Java","ID","Central Java","Pos Indonesia","33446","28505.3","70419.11"
"2026-01-29","ID","West Java","ID","North Sumatra","SiCepat","16750","14104.84","129802.97"
"2026-01-29","TH","","TH","Khon Kaen","Kerry Express","0","0.0","0.0"
"2026-01-29","ID","West Java","ID","Bali","Ninja Van","12682","11382.88","47981.84"
"2026-01-29","ID","Unknown","ID","","Ninja Van","23003","19648.19","118544.55"
"2026-01-29","TH","Chiang Mai","TH","Nonthaburi","Kerry Express","19438","16192.99","78912.91"
"2026-01-29","ID","Bali","ID","North Sumatra","Pos Indonesia","15373","13581.37","153610.72"
"2026-01-29","ID","West Java","ID","Riau","Pos Indonesia","24674","22147.73","117075.26"
"2026-01-29","MY","Negeri Sembilan","MY","Negeri Sembilan","J&T","9896","7652.71","14562.27"
"2026-01-29","MY","Negeri Sembilan","MY","Selangor","J&T","14099","10572.04","22939.37"
"2026-01-29","MY","Negeri Sembilan","MY","Sarawak","J&T","21131","19411.81","109236.06"
"2026-01-29","MY","Negeri Sembilan","MY","Kedah","Ninja Van","7922","8029.9","24320.94"
"2026-01-29","MY","Negeri Sembilan","MY","Sabah","Pos Malaysia","10716","11476.24","104766.77"
"2026-01-29","MY","Negeri Sembilan","MY","Perak","Ninja Van","16703","15990.66","38400.16"
"2026-01-29","TH","Nonthaburi","TH","Chonburi","Ninja Van","7617","6026.91","10716.4"
"2026-01-29","MY","Kuala Lumpur","MY","Kuala Lumpur","Pos Malaysia","11281","10052.96","18470.11"
"2026-01-29","TH","Nonthaburi","TH","Surat Thani","Ninja Van","10750","9237.97","31921.57"
"2026-01-29","TH","Nonthaburi","TH","Songkhla","Ninja Van","22137","22072.23","79052.39"
"2026-01-29","MY","Kuala Lumpur","MY","Sarawak","Pos Malaysia","23012","22386.64","122759.76"
"2026-01-29","TH","Nonthaburi","TH","Khon Kaen","Kerry Express","11680","12581.54","34577.82"
"2026-01-29","TH","Nonthaburi","TH","Phuket","J&T","16544","13005.9","53764.52"
"2026-01-29","MY","Kuala Lumpur","MY","Selangor","Pos Malaysia","22938","17802.78","34490.49"
"2026-01-29","PH","Northern Mindanao","PH","SOCCSKSARGEN","J&T","28675","23769.87","66544.33"
"2026-01-29","PH","Northern Mindanao","PH","West Visayas","Ninja Van","23654","16766.27","66824.28"
"2026-01-29","TH","Nonthaburi","TH","BKK","Ninja Van","8107","5971.21","9339.78"
"2026-01-29","PH","Northern Mindanao","PH","NCR","J&T","22397","15557.76","102689.97"
"2026-01-29","PH","Northern Mindanao","PH","Central Visayas","Ninja Van","16133","12864.74","37099.5"
"2026-01-29","MY","Kuala Lumpur","MY","Kedah","Pos Malaysia","19910","20809.52","59343.32"
"2026-01-29","PH","Northern Mindanao","PH","Northern Mindanao","2GO Express","20026","19032.01","31044.28"
"2026-01-29","PH","Northern Mindanao","PH","Ilocos Region","Ninja Van","14982","14721.46","79903.54"
"2026-01-29","TH","Nonthaburi","TH","Nonthaburi","Ninja Van","21307","16814.96","25158.1"
"2026-01-29","TH","Songkhla","TH","Surat Thani","J&T","13875","11590.25","30851.07"
"2026-01-29","TH","Songkhla","TH","Phuket","J&T","18073","13824.14","37163.93"
"2026-01-29","TH","Songkhla","TH","BKK","J&T","26521","18003.75","101388.53"
"2026-01-29","TH","Songkhla","TH","Chonburi","Kerry Express","23415","19779.47","109436.71"
"2026-01-29","ID","Jakarta","ID","Riau","Ninja Van","15858","14769.5","63665.29"
"2026-01-29","TH","Chiang Mai","TH","Uknown","J&T","19355","12211.57","110621.26"
"2026-01-29","TH","Chiang Mai","TH","BKK","Ninja Van","15170","11187.6","51325.4"
"2026-01-29","TH","Chiang Mai","TH","Chonburi","J&T","15295","11952.27","57701.79"
"2026-01-29","TH","Chiang Mai","TH","Korat","J&T","14322","10181.27","44975.37"
"2026-01-29","TH","Chiang Mai","TH","Chiang Mai","J&T","14212","13375.75","20214.53"
"2026-01-29","TH","Chiang Mai","TH","Songkhla","Kerry Express","19835","19514.26","149740.64"
"2026-01-29","TH","Chiang Mai","TH","Phuket","Ninja Van","8800","7282.09","52224.85"
"2026-01-29","TH","Chiang Mai","TH","Khon Kaen","J&T","20216","18743.46","62410.13"
"2026-01-29","MY","Pahang","MY","Negeri Sembilan","Ninja Van","17356","14732.87","32470.43"
"2026-01-29","TH","Khon Kaen","TH","Nakhon Sawan","J&T","16138","14678.81","40103.51"
"2026-01-29","PH","SOCCSKSARGEN","PH","SOCCSKSARGEN","J&T","24706","18921.58","37649.94"
"2026-01-29","TH","Khon Kaen","TH","Uknown","J&T","22201","18014.15","131436.52"
"2026-01-29","PH","SOCCSKSARGEN","PH","West Visayas","LBC Express","11679","8506.35","51812.77"
"2026-01-29","PH","SOCCSKSARGEN","PH","NCR","LBC Express","23706","17086.76","158241.66"
"2026-01-29","PH","SOCCSKSARGEN","PH","Northern Mindanao","J&T","12325","10592.99","27153.43"
"2026-01-29","TH","Khon Kaen","TH","Nonthaburi","FedEx","9050","7028.44","23750.69"
"2026-01-29","TH","Khon Kaen","TH","Phuket","J&T","10456","8045.77","56876.83"
"2026-01-29","TH","Khon Kaen","TH","Songkhla","J&T","20971","19633.32","113813.12"
"2026-01-29","PH","SOCCSKSARGEN","PH","Ilocos Region","Ninja Van","19187","18586.7","113757.11"
"2026-01-29","TH","Khon Kaen","TH","BKK","FedEx","11063","7789.27","29906.8"
"2026-01-29","TH","Khon Kaen","TH","Chonburi","Kerry Express","14144","11932.22","46120.82"
"2026-01-29","TH","Khon Kaen","TH","Korat","Ninja Van","25647","18811.02","50112.23"
"2026-01-29","PH","SOCCSKSARGEN","PH","Central Luzon","2GO Express","9268","7758.49","53929.99"
"2026-01-29","MY","Perak","MY","Johor","J&T","15726","13142.3","45203.84"
"2026-01-29","MY","Perak","MY","Kuala Lumpur","Pos Malaysia","17927","16525.88","43081.38"
"2026-01-29","PH","SOCCSKSARGEN","PH","Calabarzon","2GO Express","9134","6318.56","48906.96"
"2026-01-29","MY","Pahang","MY","Sarawak","Pos Malaysia","14791","15105.25","80440.58"
"2026-01-29","ID","Jakarta","ID","Jakarta","Ninja Van","20680","15762.44","25837.05"
"2026-01-29","ID","Jakarta","ID","Banten","Pos Indonesia","23782","19094.05","33839.93"
"2026-01-29","MY","Pahang","MY","Sabah","DHL","7354","6979.77","45110.9"
"2026-01-29","MY","Pahang","MY","Pahang","DHL","26713","22384.85","35707.0"
"2026-01-29","ID","Jakarta","ID","Central Java","J&T","27945","23570.76","64572.4"
"2026-01-29","MY","Pahang","MY","Johor","Pos Malaysia","11460","10358.65","30611.56"
"2026-01-29","ID","Jakarta","ID","South Sulawesi","Pos Indonesia","19941","20301.63","109855.47"
"2026-01-29","ID","Jakarta","ID","West Java","Pos Indonesia","10040","7958.52","15729.12"
"2026-01-29","MY","Pahang","MY","Perak","Ninja Van","26892","26953.1","58073.97"
"2026-01-29","MY","Pahang","MY","Kedah","Pos Malaysia","19456","20849.18","65103.73"
"2026-01-29","ID","Jakarta","ID","North Sumatra","J&T","22416","19202.53","128072.2"
"2026-01-29","MY","Pahang","MY","Selangor","Ninja Van","18653","14469.77","37079.64"
"2026-01-29","ID","Bali","ID","Bali","Pos Indonesia","12840","11573.37","17711.3"
"2026-01-29","MY","Johor","MY","Johor","Pos Malaysia","24473","20398.52","39103.2"
"2026-01-29","TH","Korat","TH","Surat Thani","Ninja Van","24343","21059.11","84502.8"
"2026-01-29","TH","Korat","TH","Songkhla","Ninja Van","14701","14464.12","59281.76"
"2026-01-29","MY","Johor","MY","Perak","Ninja Van","8814","8623.13","23550.59"
"2026-01-29","MY","Johor","MY","Kedah","DHL","29285","26600.17","96474.36"
"2026-01-29","TH","Korat","TH","Phuket","Kerry Express","23461","20062.09","121995.13"
"2026-01-29","TH","Korat","TH","Chonburi","Ninja Van","17414","13900.52","31744.21"
"2026-01-29","ID","Bali","ID","Central Java","Ninja Van","20409","17832.73","69565.12"
"2026-01-29","ID","Bali","ID","South Sulawesi","Ninja Van","7687","7752.24","25555.09"
"2026-01-29","TH","Korat","TH","Khon Kaen","J&T","9466","8911.7","15486.24"
"2026-01-29","TH","Korat","TH","BKK","Kerry Express","18779","14147.68","41555.56"
"2026-01-29","ID","Bali","ID","Riau","Pos Indonesia","8217","7576.99","63001.76"
"2026-01-29","MY","Johor","MY","Sarawak","Pos Malaysia","23049","22256.74","100865.42"
"2026-01-29","ID","Bali","ID","West Java","Ninja Van","15644","12551.08","67577.72"
"2026-01-29","ID","Bali","ID","East Java","DHL","24365","20090.05","58379.54"
"2026-01-29","MY","Johor","MY","Penang","Pos Malaysia","27111","21758.06","104692.4"
"2026-01-29","MY","Johor","MY","Uknown","Ninja Van","10587","7599.35","55510.77"
"2026-01-29","ID","Bali","ID","Banten","Pos Indonesia","19417","15718.27","102591.27"
"2026-01-29","MY","Johor","MY","Negeri Sembilan","J&T","24253","18458.92","47529.87"
"2026-01-29","MY","Johor","MY","Sabah","Ninja Van","23616","23518.76","136945.04"
"2026-01-29","MY","Johor","MY","Pahang","Ninja Van","26297","23165.42","53198.84"
"2026-01-29","TH","Korat","TH","Nonthaburi","J&T","8726","6836.59","15583.24"
"2026-01-29","TH","Korat","TH","Korat","Ninja Van","23327","16942.22","28124.84"
"2026-01-29","TH","Korat","TH","Chiang Mai","Ninja Van","10058","9879.36","27698.93"
"2026-01-29","ID","Riau","ID","Bali","Pos Indonesia","21697","19219.69","189000.98"
"2026-01-29","ID","Riau","ID","Jakarta","Pos Indonesia","24077","18404.96","129266.42"
"2026-01-29","MY","Sarawak","MY","Kedah","Ninja Van","16401","16896.24","91790.24"
"2026-01-29","MY","Sarawak","MY","Pahang","Ninja Van","14115","12604.92","57422.47"
"2026-01-29","ID","Riau","ID","East Java","SiCepat","31151","26405.95","308133.65"
"2026-01-29","MY","Sarawak","MY","Penang","Ninja Van","8185","6293.27","44804.59"
"2026-01-29","MY","Sarawak","MY","Selangor","FedEx","28226","19276.27","144976.25"
"2026-01-29","MY","Sarawak","MY","Sabah","Pos Malaysia","14136","14794.63","73529.52"
"2026-01-29","ID","Riau","ID","Central Java","Pos Indonesia","16502","14637.86","110244.54"
"2026-01-29","ID","Riau","ID","Banten","J&T","12286","9323.02","58862.68"
"2026-01-30","MY","Perak","MY","Pahang","J&T","14091","11076.76","27498.75"
"2026-01-30","MY","Perak","MY","Penang","J&T","8532","6001.4","13207.17"
"2026-01-30","MY","Perak","MY","Sabah","Ninja Van","22800","20048.84","139326.08"
"2026-01-30","MY","Perak","MY","Selangor","Ninja Van","15925","11490.57","25384.68"
"2026-01-30","MY","Perak","MY","Johor","Pos Malaysia","22694","15946.3","70348.59"
"2026-01-30","MY","Perak","MY","Kuala Lumpur","Pos Malaysia","25536","18600.07","55014.98"
"2026-01-30","MY","Sarawak","MY","Kuala Lumpur","Pos Malaysia","11929","8309.46","65411.57"
"2026-01-30","MY","Sarawak","MY","Sarawak","J&T","29348","23747.76","34733.65"
"2026-01-30","ID","Riau","ID","West Java","J&T","30418","18518.27","145445.95"
"2026-01-30","ID","Riau","ID","North Sumatra","DHL","14444","10459.59","38023.58"
"2026-01-30","MY",,"MY","Unknown","Pos Malaysia","27794","16843.7","157089.65"
"2026-01-30","PH","Bicol Region","PH","West Visayas","DHL","24915","12934.41","52344.37"
"2026-01-30","PH","Bicol Region","PH","NCR","2GO Express","18949","12108.58","38541.37"
"2026-01-30","PH","Bicol Region","PH","Northern Mindanao","Ninja Van","31664","25408.1","91871.61"
"2026-01-30","PH","Bicol Region","PH","SOCCSKSARGEN","2GO Express","16028","11315.4","62088.8"
"2026-01-30","PH",,"PH","Ilocos Region","2GO Express","31403","28156.44","134467.33"
"2026-01-30","PH","Bicol Region","PH","Ilocos Region","2GO Express","10249","9101.09","26159.12"
"2026-01-30","PH","Bicol Region","PH","Calabarzon","J&T","12389","7537.3","24101.61"
"2026-01-30","PH","Bicol Region","PH","Central Luzon","Ninja Van","31252","21254.72","68531.84"
"2026-01-30","PH","Bicol Region","PH","Central Visayas","2GO Express","22124","16166.14","52134.14"
"2026-01-30","PH","Bicol Region","PH","Bicol Region","Ninja Van","22166","18926.7","26524.81"
"2026-01-30","MY","Kuala Lumpur","MY","Pahang","Pos Malaysia","12124","9368.85","23136.27"
"2026-01-30","MY","Kuala Lumpur","MY","Negeri Sembilan","Ninja Van","11333","8270.6","12461.31"
"2026-01-30","PH","Northern Mindanao","PH","Central Luzon","DHL","29838","21020.21","123878.48"
"2026-01-30","MY","Kuala Lumpur","MY","Sabah","Ninja Van","30281","25615.13","167835.51"
"2026-01-30","PH","Unknown","PH","Uknown","LBC Express","30956","20786.58","171177.83"
"2026-01-30","TH","Nonthaburi","TH","Nakhon Sawan","J&T","21770","15886.52","34131.71"
"2026-01-30","PH","Northern Mindanao","PH","Uknown","2GO Express","31063","21696.92","175088.35"
"2026-01-30","PH","Northern Mindanao","PH","Bicol Region","LBC Express","16860","15918.1","65857.3"
"2026-01-30","PH","Calabarzon","PH","West Visayas","2GO Express","23780","13939.1","52411.27"
"2026-01-30","PH","Central Luzon","PH","NCR","Ninja Van","22121","14649.39","322817.41"
"2026-01-30","PH","Calabarzon","PH","NCR","Ninja Van","20407","13451.2","23297.36"
"2026-01-30","PH","Central Luzon","PH","SOCCSKSARGEN","Ninja Van","33718","24350.99","132815.0"
"2026-01-30","PH","Central Luzon","PH","Central Luzon","J&T","13024","8801.17","13027.23"
"2026-01-30","PH","Calabarzon","PH","Calabarzon","LBC Express","15105","10303.26","20137.85"
"2026-01-30","PH","Calabarzon","PH","Central Luzon","J&T","19899","13496.44","25945.62"
"2026-01-30","PH","Central Luzon","PH","Central Visayas","J&T","12097","8791.03","33940.45"
"2026-01-30","PH","Central Luzon","PH","Bicol Region","J&T","26277","22146.37","49835.23"
"2026-01-30","PH","Central Luzon","PH","West Visayas","Ninja Van","18465","10390.8","44415.9"
"2026-01-30","PH","Central Luzon","PH","Northern Mindanao","2GO Express","30342","24451.15","101512.31"
"2026-01-30","PH","Calabarzon","PH","Northern Mindanao","LBC Express","11606","9953.47","43166.27"
"2026-01-30","PH","Central Luzon","PH","Ilocos Region","DHL","12454","11158.43","16161.09"
"2026-01-30","PH","Calabarzon","PH","Ilocos Region","J&T","33880","31186.39","52862.26"
"2026-01-30","TH","Chonburi","TH","Khon Kaen","Kerry Express","8501","7627.92","22655.15"
"2026-01-30","PH","West Visayas","PH","West Visayas","LBC Express","21768","12867.77","27536.41"
"2026-01-30","TH","Uknown","TH","Songkhla","Ninja Van","28489","22864.65","124381.29"
"2026-01-30","TH","Uknown","TH","Uknown","Kerry Express","28008","18227.01","162248.27"
"2026-01-30","PH","West Visayas","PH","Ilocos Region","LBC Express","31631","31202.24","104287.74"
"2026-01-30","PH","West Visayas","PH","SOCCSKSARGEN","J&T","19607","13700.55","46670.69"
"2026-01-30","TH","Songkhla","TH","Songkhla","Ninja Van","11975","9632.23","14694.99"
"2026-01-30","MY","","MY","","Pos Malaysia","28664","16216.93","169348.34"
"2026-01-30","TH","Songkhla","TH","Khon Kaen","Kerry Express","23892","20986.1","128730.16"
"2026-01-30","TH","Songkhla","TH","BKK","J&T","8778","5000.32","29442.87"
"2026-01-30","TH","Songkhla","TH","Korat","DHL","20386","11476.64","78039.8"
"2026-01-30","TH","Songkhla","TH","Chiang Mai","J&T","18164","14767.18","89322.84"
"2026-01-30","TH","Surat Thani","TH","Phuket","Kerry Express","15982","10467.11","33392.65"
"2026-01-30","TH","Surat Thani","TH","Chonburi","J&T","20354","14379.21","55573.13"
"2026-01-30","TH","Surat Thani","TH","Nonthaburi","Kerry Express","12638","8704.87","48600.69"
"2026-01-30","TH","Surat Thani","TH","Nakhon Sawan","J&T","16492","12057.28","63130.55"
"2026-01-30","TH","Surat Thani","TH","Chiang Mai","Ninja Van","21360","18641.0","99381.5"
"2026-01-30","ID","South Sulawesi","ID","Jakarta","Pos Indonesia","24491","15392.53","144377.05"
"2026-01-30","ID","Central Java","ID","Jakarta","Ninja Van","31683","20227.06","68814.15"
"2026-01-30","ID","South Sulawesi","ID","East Java","Pos Indonesia","27544","21249.27","107260.69"
"2026-01-30","ID","South Sulawesi","ID","West Java","J&T","31367","18780.72","179511.46"
"2026-01-30","ID","Central Java","ID","West Java","Pos Indonesia","36146","21776.84","69687.97"
"2026-01-30","TH","BKK","TH","Chiang Mai","FedEx","22963","18425.05","62752.58"
"2026-01-30","PH","Central Visayas","PH","Central Luzon","LBC Express","13250","9262.05","44487.97"
"2026-01-30","PH","Central Visayas","PH","Calabarzon","2GO Express","9971","6440.53","23695.61"
"2026-01-30","ID","South Sulawesi","ID","North Sumatra","SiCepat","24651","17645.5","297135.14"
"2026-01-30","TH","BKK","TH","Korat","J&T","33945","18511.23","55508.17"
"2026-01-30","TH","BKK","TH","BKK","Ninja Van","13622","7893.0","14101.37"
"2026-01-30","TH","BKK","TH","Nakhon Sawan","Kerry Express","12543","9471.65","25727.16"
"2026-01-30","PH","Central Visayas","PH","Central Visayas","J&T","29368","20185.94","31750.04"
"2026-01-30","ID","South Sulawesi","ID","Central Java","SiCepat","16166","10911.81","97567.47"
"2026-01-30","PH","Central Visayas","PH","Bicol Region","Ninja Van","21576","18310.79","40524.77"
"2026-01-30","ID","Central Java","ID","Central Java","J&T","24214","16211.96","26784.39"
"2026-01-30","ID","Central Java","ID","South Sulawesi","J&T","27810","24218.28","109488.85"
"2026-01-30","ID","South Sulawesi","ID","South Sulawesi","DHL","31148","25108.49","38986.14"
"2026-01-30","TH","BKK","TH","Phuket","DHL","14376","8218.51","43400.24"
"2026-01-30","PH","Central Visayas","PH","NCR","Ninja Van","31547","20361.89","79269.63"
"2026-01-30","TH","BKK","TH","Nonthaburi","Kerry Express","9131","5859.41","11439.32"
"2026-01-30","PH","Central Visayas","PH","Northern Mindanao","DHL","22951","16685.36","36163.02"
"2026-01-30","TH","Surat Thani","TH","BKK","DHL","12613","7304.87","36597.8"
"2026-01-30","PH","West Visayas","PH","Central Visayas","Ninja Van","30875","23397.18","42161.69"
"2026-01-30","PH","West Visayas","PH","Central Luzon","Ninja Van","15198","10628.33","38695.18"
"2026-01-30","PH","West Visayas","PH","Calabarzon","J&T","29136","18713.09","64308.44"
"2026-01-30","MY","Negeri Sembilan","MY","Pahang","Pos Malaysia","20414","16170.26","48485.97"
"2026-01-30","MY","Negeri Sembilan","MY","Johor","Pos Malaysia","26593","19294.55","66947.25"
"2026-01-30","MY","Negeri Sembilan","MY","Penang","Ninja Van","18653","12894.02","42437.46"
"2026-01-30","MY","Negeri Sembilan","MY","Kuala Lumpur","Pos Malaysia","28984","20422.53","47606.77"
"2026-01-30","MY","Selangor","MY","Johor","J&T","23661","16182.3","41875.05"
"2026-01-30","PH","NCR","PH","Central Luzon","Ninja Van","35804","25089.1","41533.62"
"2026-01-30","PH","NCR","PH","Calabarzon","LBC Express","12391","8321.35","16811.17"
"2026-01-30","PH","Ilocos Region","PH","NCR","2GO Express","21451","14680.57","38489.67"
"2026-01-30","PH","Ilocos Region","PH","Ilocos Region","DHL","34002","30101.21","42868.23"
"2026-01-30","PH","Ilocos Region","PH","SOCCSKSARGEN","J&T","11503","8089.61","62290.09"
"2026-01-30","PH","Ilocos Region","PH","Northern Mindanao","J&T","24547","19584.56","112292.35"
"2026-01-30","PH","Ilocos Region","PH","Central Visayas","J&T","30439","22437.29","117056.26"
"2026-01-30","PH","Ilocos Region","PH","Calabarzon","J&T","25581","17013.11","49140.78"
"2026-01-30","PH","Ilocos Region","PH","Central Luzon","2GO Express","15211","11010.4","25332.06"
"2026-01-30","MY","Kedah","MY","Selangor","Pos Malaysia","23956","17339.21","68306.71"
"2026-01-30","TH","Phuket","TH","Korat","J&T","13530","7279.26","46162.98"
"2026-01-30","MY","Kedah","MY","Johor","J&T","28838","20115.17","88914.91"
"2026-01-30","TH","Phuket","TH","Nonthaburi","Ninja Van","23477","13948.98","69022.37"
"2026-01-30","MY","Kedah","MY","Kuala Lumpur","Pos Malaysia","20462","15146.59","55350.52"
"2026-01-30","TH","Phuket","TH","BKK","Ninja Van","7661","4462.31","23013.56"
"2026-01-30","TH","Phuket","TH","Khon Kaen","Kerry Express","19543","16725.98","93470.51"
"2026-01-30","TH","Phuket","TH","Phuket","Kerry Express","21884","14223.62","27708.93"
"2026-01-30","MY","Kedah","MY","Kedah","Pos Malaysia","14251","13246.49","21925.99"
"2026-01-30","MY","Kedah","MY","Penang","Pos Malaysia","13317","10742.45","22018.21"
"2026-01-30","ID","North Sumatra","ID","East Java","J&T","23747","16700.42","177990.16"
"2026-01-30","TH","Phuket","TH","Chiang Mai","J&T","17867","14537.46","74974.7"
"2026-01-30","MY","Kedah","MY","Negeri Sembilan","FedEx","22025","15976.18","51003.01"
"2026-01-30","ID","North Sumatra","ID","Riau","Ninja Van","20380","16226.57","55921.27"
"2026-01-30","ID","North Sumatra","ID","Banten","J&T","8542","5902.74","50133.41"
"2026-01-30","ID","North Sumatra","ID","Bali","J&T","26342","19358.98","231725.07"
"2026-01-30","ID","North Sumatra","ID","West Java","DHL","31026","17519.8","202708.73"
"2026-01-30","MY","Kedah","MY","Sarawak","Pos Malaysia","14643","13050.59","88184.13"
"2026-01-30","TH","Nakhon Sawan","TH","Chonburi","Ninja Van","11509","8240.61","24388.01"
"2026-01-30","TH","Nakhon Sawan","TH","Korat","Ninja Van","11565","6484.2","22554.03"
"2026-01-30","TH","Nakhon Sawan","TH","Chiang Mai","J&T","14396","12339.29","36675.71"
"2026-01-30","TH","Nakhon Sawan","TH","Khon Kaen","FedEx","24841","20689.47","55992.87"
"2026-01-30","TH","Nakhon Sawan","TH","Surat Thani","J&T","23288","19621.66","89781.75"
"2026-01-30","TH","Nakhon Sawan","TH","Nonthaburi","FedEx","27209","16562.19","54505.15"
"2026-01-30","TH","Nakhon Sawan","TH","BKK","J&T","28542","16277.58","57704.77"
"2026-01-30","TH","Surat Thani","TH","Songkhla","Kerry Express","18694","16388.43","46468.34"
"2026-01-30","TH","Surat Thani","TH","Khon Kaen","DHL","25652","21461.21","106592.59"
"2026-01-30","TH","Surat Thani","TH","Surat Thani","J&T","14606","12460.26","19410.56"
"2026-01-30","MY","Kedah","MY","Perak","Pos Malaysia","11679","10876.28","25376.28"
"2026-01-30","TH","Phuket","TH","Nakhon Sawan","Ninja Van","17605","12647.15","59661.17"
"2026-01-30","PH","West Visayas","PH","Northern Mindanao","LBC Express","11467","9436.55","28280.67"
"2026-01-30","TH","BKK","TH","Songkhla","Ninja Van","32527","26846.63","99249.15"
"2026-01-30","TH","BKK","TH","Chonburi","DHL","25651","17312.01","29881.38"
"2026-01-30","ID","Central Java","ID","Banten","Pos Indonesia","30370","21549.77","73387.38"
"2026-01-30","ID","South Sulawesi","ID","Banten","Pos Indonesia","34199","24096.4","206215.36"
"2026-01-30","ID","South Sulawesi","ID","Riau","Pos Indonesia","20931","17018.52","165191.65"
"2026-01-30","TH","BKK","TH","Khon Kaen","Ninja Van","19343","15806.34","41692.93"
"2026-01-30","PH","Central Visayas","PH","SOCCSKSARGEN","LBC Express","29284","21013.98","83869.84"
"2026-01-30","MY","Selangor","MY","Selangor","Ninja Van","12281","8196.8","13160.25"
"2026-01-30","MY","Selangor","MY","Penang","Pos Malaysia","25435","19146.78","56820.88"
"2026-01-30","MY","Selangor","MY","Sarawak","J&T","26502","21715.62","95160.12"
"2026-01-30","MY","Selangor","MY","Sabah","Pos Malaysia","9338","8393.74","66427.34"
"2026-01-30","MY","Selangor","MY","Perak","J&T","22284","19441.25","33558.83"
"2026-01-30","TH","Nakhon Sawan","TH","Songkhla","Kerry Express","27193","23743.46","145576.03"
"2026-01-30","TH","Nakhon Sawan","TH","Nakhon Sawan","Kerry Express","14678","11426.53","24840.1"
"2026-01-30","ID","East Java","ID","Jakarta","SiCepat","21538","13110.25","76966.04"
"2026-01-30","MY","Penang","MY","Pahang","Ninja Van","28123","22033.05","58273.67"
"2026-01-30","MY","Penang","MY","Selangor","Pos Malaysia","10036","7051.91","22507.4"
"2026-01-30","MY","Penang","MY","Johor","Pos Malaysia","17709","12637.17","56772.92"
"2026-01-30","MY","Penang","MY","Kuala Lumpur","Pos Malaysia","22185","16740.63","52438.36"
"2026-01-30","ID","East Java","ID","South Sulawesi","SiCepat","19839","16975.8","83307.82"
"2026-01-30","MY","Selangor","MY","Kuala Lumpur","J&T","21752","15260.28","23269.66"
"2026-01-30","MY","Penang","MY","Penang","DHL","24566","15926.56","26154.0"
"2026-01-30","ID","East Java","ID","Central Java","Ninja Van","10419","7618.44","17823.38"
"2026-01-30","ID","East Java","ID","East Java","Pos Indonesia","37269","27807.13","38754.66"
"2026-01-30","ID","East Java","ID","Banten","SiCepat","35286","24866.21","135384.99"
"2026-01-30","MY","Penang","MY","Perak","Pos Malaysia","20027","18078.5","33384.79"
"2026-01-30","ID","East Java","ID","Riau","Pos Indonesia","27105","22040.19","146816.23"
"2026-01-30","MY","Penang","MY","Sarawak","Pos Malaysia","14303","12746.08","74059.59"
"2026-01-30","MY","Penang","MY","Negeri Sembilan","FedEx","29254","20314.04","56610.22"
"2026-01-30","TH","Chonburi","TH","Phuket","J&T","27550","16526.3","77813.93"
"2026-01-30","TH","Chonburi","TH","Songkhla","J&T","8362","7024.47","23471.52"
"2026-01-30","TH","Chonburi","TH","BKK","Kerry Express","21432","13982.29","31312.67"
"2026-01-30","TH","Chonburi","TH","Korat","J&T","19492","11369.07","31498.95"
"2026-01-30","TH","Chonburi","TH","Nonthaburi","Kerry Express","8294","5462.73","12804.12"
"2026-01-30","TH","Chonburi","TH","Chiang Mai","Ninja Van","13052","11241.83","36310.78"
"2026-01-30","MY","Sabah","MY","Pahang","Pos Malaysia","28932","23009.68","222247.17"
"2026-01-30","MY","Sabah","MY","Penang","J&T","10733","7438.0","76239.69"
"2026-01-30","MY","Sabah","MY","Sabah","Pos Malaysia","32085","28843.77","53581.56"
"2026-01-30","MY","Sabah","MY","Johor","Ninja Van","26142","17668.32","163998.54"
"2026-01-30","TH","Unknown","TH","Uknown","J&T","23083","15846.62","102950.88"
"2026-01-30","MY","Sabah","MY","Kuala Lumpur","Pos Malaysia","17146","12926.05","151126.08"
"2026-01-30","MY","Sabah","MY","Selangor","Ninja Van","26516","18304.28","178991.35"
"2026-01-30","MY","Sabah","MY","Negeri Sembilan","Ninja Van","21108","15860.14","141448.66"
"2026-01-30","MY","Sabah","MY","Perak","Pos Malaysia","11373","10084.63","95425.61"
"2026-01-30","MY","Sabah","MY","Sarawak","Pos Malaysia","9387","8462.16","49136.63"
"2026-01-30","PH","Ilocos Region","PH","Bicol Region","2GO Express","16080","14345.3","40543.31"
"2026-01-30","ID","Banten","ID","North Sumatra","J&T","13526","9783.69","65455.23"
"2026-01-30","PH","NCR","PH","West Visayas","Ninja Van","20513","11439.75","18455.13"
"2026-01-30","PH","NCR","PH","NCR","J&T","33704","21110.98","36386.92"
"2026-01-30","PH","NCR","PH","Bicol Region","LBC Express","27794","25228.4","59708.07"
"2026-01-30","PH","NCR","PH","Central Visayas","LBC Express","13145","10187.26","202114.31"
"2026-01-30","PH","NCR","PH","SOCCSKSARGEN","DHL","14876","10474.74","58515.99"
"2026-01-30","ID","Banten","ID","Banten","J&T","18523","12545.79","19995.35"
"2026-01-30","TH","","TH","Chonburi","J&T","9444","6578.28","41588.54"
"2026-01-30","ID","West Java","ID","South Sulawesi","DHL","23484","19229.14","113210.71"
"2026-01-30","ID","West Java","ID","Central Java","Pos Indonesia","15020","10745.28","27775.61"
"2026-01-30","ID","West Java","ID","West Java","J&T","10163","5933.07","10388.73"
"2026-01-30","ID","West Java","ID","North Sumatra","Pos Indonesia","28488","22544.92","153550.39"
"2026-01-30","ID","Banten","ID","East Java","J&T","26782","18917.32","84482.47"
"2026-01-30","ID","Banten","ID","West Java","Pos Indonesia","14759","9261.19","22622.59"
"2026-01-30","ID","Banten","ID","Bali","J&T","28131","21430.17","112376.92"
"2026-01-30","TH","Chiang Mai","TH","Nonthaburi","J&T","10739","6496.18","31340.04"
"2026-01-30","ID","West Java","ID","Banten","J&T","19972","13578.49","31128.77"
"2026-01-30","ID","West Java","ID","Bali","DHL","23435","17251.98","80043.72"
"2026-01-30","ID","West Java","ID","Riau","Pos Indonesia","20446","16380.05","82762.93"
"2026-01-30","ID","Bali","ID","North Sumatra","DHL","14502","10922.55","116061.31"
"2026-01-30","MY","Negeri Sembilan","MY","Selangor","J&T","26462","17442.56","37651.05"
"2026-01-30","MY","Negeri Sembilan","MY","Kedah","Pos Malaysia","9781","8768.72","32706.77"
"2026-01-30","MY","Negeri Sembilan","MY","Sarawak","Pos Malaysia","16692","14133.63","94930.39"
"2026-01-30","MY","Negeri Sembilan","MY","Sabah","DHL","24044","18988.66","151835.73"
"2026-01-30","MY","Negeri Sembilan","MY","Perak","Ninja Van","28142","23638.23","53611.45"
"2026-01-30","MY","Kuala Lumpur","MY","Selangor","J&T","16978","11087.26","17418.65"
"2026-01-30","TH","Nonthaburi","TH","Phuket","Ninja Van","9032","5424.13","25637.79"
"2026-01-30","MY","Kuala Lumpur","MY","Kedah","Pos Malaysia","20770","19051.32","54241.45"
"2026-01-30","TH","Nonthaburi","TH","Chonburi","J&T","10690","7490.48","12588.85"
"2026-01-30","TH","Nonthaburi","TH","Khon Kaen","FedEx","25535","20951.36","51217.33"
"2026-01-30","PH","Northern Mindanao","PH","SOCCSKSARGEN","Ninja Van","28356","20707.91","53844.28"
"2026-01-30","TH","Nonthaburi","TH","BKK","J&T","28311","16037.43","29000.05"
"2026-01-30","PH","Northern Mindanao","PH","Central Visayas","LBC Express","30628","24250.8","77000.72"
"2026-01-30","PH","Northern Mindanao","PH","West Visayas","LBC Express","24215","15105.11","73009.47"
"2026-01-30","TH","Nonthaburi","TH","Nonthaburi","Ninja Van","23163","14265.43","25127.26"
"2026-01-30","PH","Northern Mindanao","PH","Northern Mindanao","LBC Express","21184","17708.02","38204.82"
"2026-01-30","MY","Kuala Lumpur","MY","Kuala Lumpur","J&T","22015","14757.77","23561.91"
"2026-01-30","TH","Nonthaburi","TH","Songkhla","FedEx","26869","22352.95","79849.98"
"2026-01-30","TH","Nonthaburi","TH","Korat","Kerry Express","28104","16541.67","52703.11"
"2026-01-30","MY","Kuala Lumpur","MY","Johor","J&T","27498","17977.47","50011.55"
"2026-01-30","MY","Kuala Lumpur","MY","Sarawak","Pos Malaysia","22194","18985.93","104618.89"
"2026-01-30","TH","Songkhla","TH","Phuket","Kerry Express","23690","14959.13","52791.36"
"2026-01-30","TH","Songkhla","TH","Chonburi","Kerry Express","27246","20893.07","104526.71"
"2026-01-30","ID","Uknown","ID",,"Pos Indonesia","22775","18341.29","98539.77"
"2026-01-30","TH","Chiang Mai","TH","Phuket","J&T","24684","14437.97","125108.1"
"2026-01-30","TH","Chiang Mai","TH","Korat","Ninja Van","9687","5552.53","27899.02"
"2026-01-30","TH","Chiang Mai","TH","BKK","J&T","28140","17019.83","83631.75"
"2026-01-30","TH","Chiang Mai","TH","Chiang Mai","Kerry Express","17971","16137.86","26232.71"
"2026-01-30","TH","Chiang Mai","TH","Chonburi","J&T","15323","11074.77","50634.38"
"2026-01-30","TH","Chiang Mai","TH","Nakhon Sawan","Kerry Express","10573","8637.87","29679.67"
"2026-01-30","TH","Chiang Mai","TH","Khon Kaen","J&T","17475","14338.86","46054.81"
"2026-01-30","ID","Uknown","ID","East Java","DHL","15019","10474.04","65132.49"
"2026-01-30","PH","SOCCSKSARGEN","PH","West Visayas","J&T","15637","8628.91","45623.35"
"2026-01-30","TH","Khon Kaen","TH","Songkhla","Ninja Van","28264","23024.91","126341.09"
"2026-01-30","PH","SOCCSKSARGEN","PH","Ilocos Region","LBC Express","16646","15019.4","114590.53"
"2026-01-30","TH","Khon Kaen","TH","BKK","J&T","18154","10316.05","45019.29"
"2026-01-30","PH","SOCCSKSARGEN","PH","Central Visayas","Ninja Van","27859","19975.01","75871.44"
"2026-01-30","TH","Khon Kaen","TH","Chonburi","DHL","9259","6472.41","22131.11"
"2026-01-30","TH","Khon Kaen","TH","Korat","J&T","26325","14234.5","46015.53"
"2026-01-30","TH","Khon Kaen","TH","Chiang Mai","DHL","21293","17928.18","58072.09"
"2026-01-30","TH","Khon Kaen","TH","Phuket","Kerry Express","8258","5293.22","47993.36"
"2026-01-30","PH","SOCCSKSARGEN","PH","SOCCSKSARGEN","DHL","17094","11406.41","22204.42"
"2026-01-30","PH","SOCCSKSARGEN","PH","Central Luzon","J&T","15999","10400.76","77075.84"
"2026-01-30","PH","SOCCSKSARGEN","PH","Calabarzon","J&T","33323","20264.71","143444.22"
"2026-01-30","ID","","ID","North Sumatra","SiCepat","10371","7733.43","62544.3"
"2026-01-30","TH","Khon Kaen","TH","Nakhon Sawan","Ninja Van","16418","12201.52","35381.12"
"2026-01-30","ID","Jakarta","ID","Jakarta","J&T","11326","7175.38","12447.25"
"2026-01-30","MY","Pahang","MY","Pahang","Pos Malaysia","14559","12114.46","22246.3"
"2026-01-30","MY","Pahang","MY","Johor","J&T","13199","9057.62","25318.8"
"2026-01-30","MY","Pahang","MY","Sabah","J&T","20219","17588.44","113232.17"
"2026-01-30","ID","Jakarta","ID","South Sulawesi","Pos Indonesia","36435","32716.27","175828.03"
"2026-01-30","ID","Jakarta","ID","Central Java","Pos Indonesia","27382","19986.0","60598.99"
"2026-01-30","MY","Pahang","MY","Penang","FedEx","25607","17460.9","59085.18"
"2026-01-30","ID","Jakarta","ID","Riau","Ninja Van","27817","24508.41","96645.92"
"2026-01-30","MY","Pahang","MY","Sarawak","Ninja Van","13365","11629.75","46785.58"
"2026-01-30","MY","Pahang","MY","Selangor","Pos Malaysia","14536","10380.29","31852.69"
"2026-01-30","MY","Pahang","MY","Kedah","Ninja Van","17658","15398.04","43132.41"
"2026-01-30","MY","Pahang","MY","Perak","J&T","16069","13913.66","30803.44"
"2026-01-30","ID","Jakarta","ID","West Java","Pos Indonesia","34075","22347.31","43355.75"
"2026-01-30","ID","Jakarta","ID","North Sumatra","DHL","13119","9798.23","63689.49"
"2026-01-30","ID","Jakarta","ID","Banten","Ninja Van","17618","13174.98","20654.34"
"2026-01-30","MY","Pahang","MY","Negeri Sembilan","Pos Malaysia","26388","20658.52","56725.72"
"2026-01-30","MY","Johor","MY","Pahang","J&T","11963","8798.5","20825.24"
"2026-01-30","MY","Johor","MY","Selangor","J&T","22645","14842.02","41821.04"
"2026-01-30","TH","Korat","TH","Phuket","FedEx","27641","16447.32","92934.96"
"2026-01-30","MY","Johor","MY","Kedah","Ninja Van","14796","12410.0","40434.79"
"2026-01-30","MY","Johor","MY","Perak","Pos Malaysia","26667","23923.64","72078.81"
"2026-01-30","TH","Korat","TH","Surat Thani","J&T","30956","25961.29","94002.06"
"2026-01-30","TH","Korat","TH","Chonburi","DHL","15397","10991.15","24088.48"
"2026-01-30","TH","Korat","TH","Khon Kaen","J&T","16715","13849.31","24394.55"
"2026-01-30","TH","Korat","TH","BKK","J&T","30653","17576.15","47494.75"
"2026-01-30","ID","Bali","ID","South Sulawesi","J&T","24279","21521.9","75821.86"
"2026-01-30","ID","Bali","ID","Central Java","Pos Indonesia","22341","16330.96","65824.23"
"2026-01-30","ID","Bali","ID","East Java","Pos Indonesia","9172","6981.16","19680.24"
"2026-01-30","MY","Johor","MY","Penang","Ninja Van","13245","9108.15","35054.88"
"2026-01-30","ID","Bali","ID","Banten","Pos Indonesia","24027","17410.56","102987.2"
"2026-01-30","MY","Johor","MY","Sarawak","J&T","9099","7588.71","27325.84"
"2026-01-30","ID","Bali","ID","Riau","Pos Indonesia","33258","27096.38","225315.89"
"2026-01-30","MY","Johor","MY","Negeri Sembilan","Pos Malaysia","25012","19144.41","53696.22"
"2026-01-30","ID","Bali","ID","West Java","Ninja Van","33075","21085.49","127525.84"
"2026-01-30","TH","Korat","TH","Songkhla","Kerry Express","31733","29015.8","129980.88"
"2026-01-30","TH","Korat","TH","Korat","Ninja Van","20908","11750.52","22023.47"
"2026-01-30","ID","Bali","ID","Bali","J&T","11309","9067.55","13029.35"
"2026-01-30","MY","Johor","MY","Johor","Ninja Van","10486","6997.41","11528.27"
"2026-01-30","MY","Johor","MY","Sabah","Pos Malaysia","14518","13348.13","89145.67"
"2026-01-30","TH","Korat","TH","Nonthaburi","Kerry Express","26472","18037.51","51318.42"
"2026-01-30","TH","Korat","TH","Chiang Mai","FedEx","25175","21883.65","61131.37"
"2026-01-30","PH","SOCCSKSARGEN","PH","NCR","LBC Express","28018","18341.67","156902.21"
"2026-01-30","MY","Sarawak","MY","Pahang","J&T","14043","10473.58","49551.99"
"2026-01-30","ID","Riau","ID","Jakarta","Pos Indonesia","15235","9808.18","68383.31"
"2026-01-30","ID","Riau","ID","South Sulawesi","Ninja Van","34387","32268.3","288303.95"
"2026-01-30","ID","Riau","ID","Central Java","SiCepat","31707","21845.93","241625.24"
"2026-01-30","ID","Riau","ID","Bali","DHL","30284","23199.93","228135.53"
"2026-01-30","ID","Riau","ID","East Java","Pos Indonesia","25200","19404.37","157951.61"
"2026-01-30","MY","Sarawak","MY","Penang","Pos Malaysia","21602","15433.04","132424.74"
"2026-01-30","MY","Sarawak","MY","Selangor","J&T","22130","14486.89","97970.47"
"2026-01-30","MY","Sarawak","MY","Kedah","Pos Malaysia","32821","29838.63","210825.97"
"2026-01-30","ID","Riau","ID","Banten","DHL","31385","21163.5","131568.59"
"2026-01-30","MY","Sarawak","MY","Sabah","FedEx","15469","12274.83","54109.54"
"2026-01-30","TH","Khon Kaen","TH","Nonthaburi","Kerry Express","21502","14574.55","61646.42"
"2026-01-30","PH","SOCCSKSARGEN","PH","Northern Mindanao","J&T","29219","21573.05","58363.01"
"2026-01-30","ID","Banten","ID","Central Java","Pos Indonesia","20853","14804.82","48012.51"
"2026-01-30","PH","West Visayas","PH","Bicol Region","2GO Express","23947","21436.23","45042.17"
